2025-12-15T18:40:48+01:00	fluent.info	{"pid":23,"ppid":17,"worker":0,"message":"starting fluentd worker pid=23 ppid=17 worker=0"}
2025-12-15T18:40:48+01:00	fluent.info	{"message":"listening syslog socket on 0.0.0.0:5140 with tcp"}
2025-12-15T18:40:48+01:00	fluent.info	{"port":24224,"bind":"0.0.0.0","message":"listening port port=24224 bind=\"0.0.0.0\""}
2025-12-15T18:40:48+01:00	fluent.info	{"worker":0,"message":"fluentd worker is now running worker=0"}
2025-12-15T18:40:45+01:00	rc1	{"source":"stdout","log":" * Starting system logging syslog-ng","container_id":"42469f2e959bdeca1ab0becfe742afa1afcb90f8b322d167c380234c8e699db5","container_name":"/docker_rc1_1"}
2025-12-15T18:40:45+01:00	rc1	{"container_id":"42469f2e959bdeca1ab0becfe742afa1afcb90f8b322d167c380234c8e699db5","container_name":"/docker_rc1_1","source":"stderr","log":"[2025-12-15T18:40:45.382885] WARNING: Configuration file format is too old, syslog-ng is running in compatibility mode. Please update it to use the syslog-ng 3.35 format at your time of convenience. To upgrade the configuration, please review the warnings about incompatible changes printed by syslog-ng, and once completed change the @version header at the top of the configuration file; config-version='3.27'"}
2025-12-15T18:40:45+01:00	rc1	{"container_id":"42469f2e959bdeca1ab0becfe742afa1afcb90f8b322d167c380234c8e699db5","container_name":"/docker_rc1_1","source":"stderr","log":"[2025-12-15T18:40:45.511571] WARNING: The internal_queue_length stat counter has been renamed to internal_source.queued. The old name will be removed in future versions; config-version='3.27'"}
2025-12-15T18:40:45+01:00	rc1	{"log":"   ...done.","container_id":"42469f2e959bdeca1ab0becfe742afa1afcb90f8b322d167c380234c8e699db5","container_name":"/docker_rc1_1","source":"stdout"}
2025-12-15T18:40:46+01:00	rc1	{"source":"stdout","log":" * Started watchfrr","container_id":"42469f2e959bdeca1ab0becfe742afa1afcb90f8b322d167c380234c8e699db5","container_name":"/docker_rc1_1"}
2025-12-15T18:40:46+01:00	rc1	{"source":"stdout","log":"","container_id":"42469f2e959bdeca1ab0becfe742afa1afcb90f8b322d167c380234c8e699db5","container_name":"/docker_rc1_1"}
2025-12-15T18:40:46+01:00	rc1	{"log":"Hello, this is FRRouting (version 8.1).","container_id":"42469f2e959bdeca1ab0becfe742afa1afcb90f8b322d167c380234c8e699db5","container_name":"/docker_rc1_1","source":"stdout"}
2025-12-15T18:40:46+01:00	rc1	{"container_id":"42469f2e959bdeca1ab0becfe742afa1afcb90f8b322d167c380234c8e699db5","container_name":"/docker_rc1_1","source":"stdout","log":"Copyright 1996-2005 Kunihiro Ishiguro, et al."}
2025-12-15T18:40:46+01:00	rc1	{"source":"stdout","log":"","container_id":"42469f2e959bdeca1ab0becfe742afa1afcb90f8b322d167c380234c8e699db5","container_name":"/docker_rc1_1"}
2025-12-15T18:40:46+01:00	rc1	{"source":"stdout","log":"rc1# conf t","container_id":"42469f2e959bdeca1ab0becfe742afa1afcb90f8b322d167c380234c8e699db5","container_name":"/docker_rc1_1"}
2025-12-15T18:40:46+01:00	rc1	{"log":"rc1(config)# log file /shared-volume/frr/frr3.log","container_id":"42469f2e959bdeca1ab0becfe742afa1afcb90f8b322d167c380234c8e699db5","container_name":"/docker_rc1_1","source":"stdout"}
2025-12-15T18:40:46+01:00	rc1	{"container_id":"42469f2e959bdeca1ab0becfe742afa1afcb90f8b322d167c380234c8e699db5","container_name":"/docker_rc1_1","source":"stdout","log":"can't open logfile /shared-volume/frr/frr3.log"}
2025-12-15T18:40:46+01:00	rc1	{"container_id":"42469f2e959bdeca1ab0becfe742afa1afcb90f8b322d167c380234c8e699db5","container_name":"/docker_rc1_1","source":"stdout","log":"rc1(config)# router ospf"}
2025-12-15T18:40:46+01:00	rc1	{"container_id":"42469f2e959bdeca1ab0becfe742afa1afcb90f8b322d167c380234c8e699db5","container_name":"/docker_rc1_1","source":"stdout","log":"rc1(config-router)# network 10.1.0.0/29 area 0"}
2025-12-15T18:40:46+01:00	rc1	{"container_id":"42469f2e959bdeca1ab0becfe742afa1afcb90f8b322d167c380234c8e699db5","container_name":"/docker_rc1_1","source":"stdout","log":"rc1(config-router)# network 10.100.0.0/24 area 0"}
2025-12-15T18:40:46+01:00	rc1	{"log":"rc1(config-router)# end","container_id":"42469f2e959bdeca1ab0becfe742afa1afcb90f8b322d167c380234c8e699db5","container_name":"/docker_rc1_1","source":"stdout"}
2025-12-15T18:40:46+01:00	rc1	{"container_name":"/docker_rc1_1","source":"stdout","log":"rc1# ","container_id":"42469f2e959bdeca1ab0becfe742afa1afcb90f8b322d167c380234c8e699db5"}
2025-12-15T18:40:46+01:00	rc1	{"source":"stdout","log":"net.ipv4.ip_forward = 1","container_id":"42469f2e959bdeca1ab0becfe742afa1afcb90f8b322d167c380234c8e699db5","container_name":"/docker_rc1_1"}
2025-12-15T18:40:45+01:00	ra	{"log":" * Starting system logging syslog-ng","container_id":"b151cda94206ddd203202dad9e05424e74874bfc1d401adac4a520cc272a325d","container_name":"/docker_ra_1","source":"stdout"}
2025-12-15T18:40:45+01:00	ra	{"source":"stderr","log":"[2025-12-15T18:40:45.393683] WARNING: Configuration file format is too old, syslog-ng is running in compatibility mode. Please update it to use the syslog-ng 3.35 format at your time of convenience. To upgrade the configuration, please review the warnings about incompatible changes printed by syslog-ng, and once completed change the @version header at the top of the configuration file; config-version='3.27'","container_id":"b151cda94206ddd203202dad9e05424e74874bfc1d401adac4a520cc272a325d","container_name":"/docker_ra_1"}
2025-12-15T18:40:45+01:00	ra	{"container_id":"b151cda94206ddd203202dad9e05424e74874bfc1d401adac4a520cc272a325d","container_name":"/docker_ra_1","source":"stderr","log":"[2025-12-15T18:40:45.571327] WARNING: The internal_queue_length stat counter has been renamed to internal_source.queued. The old name will be removed in future versions; config-version='3.27'"}
2025-12-15T18:40:45+01:00	ra	{"container_id":"b151cda94206ddd203202dad9e05424e74874bfc1d401adac4a520cc272a325d","container_name":"/docker_ra_1","source":"stdout","log":"   ...done."}
2025-12-15T18:40:46+01:00	ra	{"container_id":"b151cda94206ddd203202dad9e05424e74874bfc1d401adac4a520cc272a325d","container_name":"/docker_ra_1","source":"stdout","log":" * Started watchfrr"}
2025-12-15T18:40:46+01:00	ra	{"log":"","container_id":"b151cda94206ddd203202dad9e05424e74874bfc1d401adac4a520cc272a325d","container_name":"/docker_ra_1","source":"stdout"}
2025-12-15T18:40:46+01:00	ra	{"container_id":"b151cda94206ddd203202dad9e05424e74874bfc1d401adac4a520cc272a325d","container_name":"/docker_ra_1","source":"stdout","log":"Hello, this is FRRouting (version 8.1)."}
2025-12-15T18:40:46+01:00	ra	{"container_id":"b151cda94206ddd203202dad9e05424e74874bfc1d401adac4a520cc272a325d","container_name":"/docker_ra_1","source":"stdout","log":"Copyright 1996-2005 Kunihiro Ishiguro, et al."}
2025-12-15T18:40:46+01:00	ra	{"container_name":"/docker_ra_1","source":"stdout","log":"","container_id":"b151cda94206ddd203202dad9e05424e74874bfc1d401adac4a520cc272a325d"}
2025-12-15T18:40:46+01:00	ra	{"container_id":"b151cda94206ddd203202dad9e05424e74874bfc1d401adac4a520cc272a325d","container_name":"/docker_ra_1","source":"stdout","log":"ra# conf t"}
2025-12-15T18:40:46+01:00	ra	{"source":"stdout","log":"ra(config)# log file /shared-volume/frr/frr1.log","container_id":"b151cda94206ddd203202dad9e05424e74874bfc1d401adac4a520cc272a325d","container_name":"/docker_ra_1"}
2025-12-15T18:40:46+01:00	ra	{"container_id":"b151cda94206ddd203202dad9e05424e74874bfc1d401adac4a520cc272a325d","container_name":"/docker_ra_1","source":"stdout","log":"can't open logfile /shared-volume/frr/frr1.log"}
2025-12-15T18:40:46+01:00	ra	{"container_id":"b151cda94206ddd203202dad9e05424e74874bfc1d401adac4a520cc272a325d","container_name":"/docker_ra_1","source":"stdout","log":"ra(config)# router ospf"}
2025-12-15T18:40:46+01:00	ra	{"container_id":"b151cda94206ddd203202dad9e05424e74874bfc1d401adac4a520cc272a325d","container_name":"/docker_ra_1","source":"stdout","log":"ra(config-router)# network 10.2.0.0/29 area 0"}
2025-12-15T18:40:46+01:00	ra	{"container_id":"b151cda94206ddd203202dad9e05424e74874bfc1d401adac4a520cc272a325d","container_name":"/docker_ra_1","source":"stdout","log":"ra(config-router)# network 10.0.1.0/24 area 0"}
2025-12-15T18:40:46+01:00	ra	{"container_name":"/docker_ra_1","source":"stdout","log":"ra(config-router)# network 10.0.2.0/24 area 0","container_id":"b151cda94206ddd203202dad9e05424e74874bfc1d401adac4a520cc272a325d"}
2025-12-15T18:40:46+01:00	ra	{"container_name":"/docker_ra_1","source":"stdout","log":"ra(config-router)# end","container_id":"b151cda94206ddd203202dad9e05424e74874bfc1d401adac4a520cc272a325d"}
2025-12-15T18:40:46+01:00	ra	{"source":"stdout","log":"ra# ","container_id":"b151cda94206ddd203202dad9e05424e74874bfc1d401adac4a520cc272a325d","container_name":"/docker_ra_1"}
2025-12-15T18:40:46+01:00	ra	{"container_name":"/docker_ra_1","source":"stdout","log":"net.ipv4.ip_forward = 1","container_id":"b151cda94206ddd203202dad9e05424e74874bfc1d401adac4a520cc272a325d"}
2025-12-15T18:40:45+01:00	rc2	{"container_name":"/docker_rc2_1","source":"stdout","log":" * Starting system logging syslog-ng","container_id":"3b80431ace634a9c5410146c52e578cd001983776580818279f048a600a5ed04"}
2025-12-15T18:40:45+01:00	rc2	{"container_id":"3b80431ace634a9c5410146c52e578cd001983776580818279f048a600a5ed04","container_name":"/docker_rc2_1","source":"stderr","log":"[2025-12-15T18:40:45.416956] WARNING: Configuration file format is too old, syslog-ng is running in compatibility mode. Please update it to use the syslog-ng 3.35 format at your time of convenience. To upgrade the configuration, please review the warnings about incompatible changes printed by syslog-ng, and once completed change the @version header at the top of the configuration file; config-version='3.27'"}
2025-12-15T18:40:45+01:00	rc2	{"container_name":"/docker_rc2_1","source":"stderr","log":"[2025-12-15T18:40:45.548272] WARNING: The internal_queue_length stat counter has been renamed to internal_source.queued. The old name will be removed in future versions; config-version='3.27'","container_id":"3b80431ace634a9c5410146c52e578cd001983776580818279f048a600a5ed04"}
2025-12-15T18:40:45+01:00	rc2	{"log":"   ...done.","container_id":"3b80431ace634a9c5410146c52e578cd001983776580818279f048a600a5ed04","container_name":"/docker_rc2_1","source":"stdout"}
2025-12-15T18:40:46+01:00	rc2	{"container_id":"3b80431ace634a9c5410146c52e578cd001983776580818279f048a600a5ed04","container_name":"/docker_rc2_1","source":"stdout","log":" * Started watchfrr"}
2025-12-15T18:40:46+01:00	rc2	{"container_id":"3b80431ace634a9c5410146c52e578cd001983776580818279f048a600a5ed04","container_name":"/docker_rc2_1","source":"stdout","log":""}
2025-12-15T18:40:46+01:00	rc2	{"source":"stdout","log":"Hello, this is FRRouting (version 8.1).","container_id":"3b80431ace634a9c5410146c52e578cd001983776580818279f048a600a5ed04","container_name":"/docker_rc2_1"}
2025-12-15T18:40:46+01:00	rc2	{"container_id":"3b80431ace634a9c5410146c52e578cd001983776580818279f048a600a5ed04","container_name":"/docker_rc2_1","source":"stdout","log":"Copyright 1996-2005 Kunihiro Ishiguro, et al."}
2025-12-15T18:40:46+01:00	rc2	{"log":"","container_id":"3b80431ace634a9c5410146c52e578cd001983776580818279f048a600a5ed04","container_name":"/docker_rc2_1","source":"stdout"}
2025-12-15T18:40:46+01:00	rc2	{"container_id":"3b80431ace634a9c5410146c52e578cd001983776580818279f048a600a5ed04","container_name":"/docker_rc2_1","source":"stdout","log":"rc2# conf t"}
2025-12-15T18:40:46+01:00	rc2	{"container_name":"/docker_rc2_1","source":"stdout","log":"rc2(config)# log file /shared-volume/frr/frr4.log","container_id":"3b80431ace634a9c5410146c52e578cd001983776580818279f048a600a5ed04"}
2025-12-15T18:40:46+01:00	rc2	{"container_id":"3b80431ace634a9c5410146c52e578cd001983776580818279f048a600a5ed04","container_name":"/docker_rc2_1","source":"stdout","log":"can't open logfile /shared-volume/frr/frr4.log"}
2025-12-15T18:40:46+01:00	rc2	{"container_id":"3b80431ace634a9c5410146c52e578cd001983776580818279f048a600a5ed04","container_name":"/docker_rc2_1","source":"stdout","log":"rc2(config)# router ospf"}
2025-12-15T18:40:46+01:00	rc2	{"container_name":"/docker_rc2_1","source":"stdout","log":"rc2(config-router)# network 10.1.0.0/29 area 0","container_id":"3b80431ace634a9c5410146c52e578cd001983776580818279f048a600a5ed04"}
2025-12-15T18:40:46+01:00	rc2	{"container_id":"3b80431ace634a9c5410146c52e578cd001983776580818279f048a600a5ed04","container_name":"/docker_rc2_1","source":"stdout","log":"rc2(config-router)# network 10.2.0.0/29 area 0"}
2025-12-15T18:40:46+01:00	rc2	{"container_name":"/docker_rc2_1","source":"stdout","log":"rc2(config-router)# network 10.3.0.0/29 area 0","container_id":"3b80431ace634a9c5410146c52e578cd001983776580818279f048a600a5ed04"}
2025-12-15T18:40:46+01:00	rc2	{"source":"stdout","log":"rc2(config-router)# end","container_id":"3b80431ace634a9c5410146c52e578cd001983776580818279f048a600a5ed04","container_name":"/docker_rc2_1"}
2025-12-15T18:40:46+01:00	rc2	{"container_id":"3b80431ace634a9c5410146c52e578cd001983776580818279f048a600a5ed04","container_name":"/docker_rc2_1","source":"stdout","log":"rc2# "}
2025-12-15T18:40:46+01:00	rc2	{"source":"stdout","log":"net.ipv4.ip_forward = 1","container_id":"3b80431ace634a9c5410146c52e578cd001983776580818279f048a600a5ed04","container_name":"/docker_rc2_1"}
2025-12-15T18:40:45+01:00	rb	{"container_id":"f7a9c44b7dde7c9b92d691f43159b2b76dfdff311894c02947733ca7b6d4f298","container_name":"/docker_rb_1","source":"stdout","log":" * Starting system logging syslog-ng"}
2025-12-15T18:40:45+01:00	rb	{"container_id":"f7a9c44b7dde7c9b92d691f43159b2b76dfdff311894c02947733ca7b6d4f298","container_name":"/docker_rb_1","source":"stderr","log":"[2025-12-15T18:40:45.432962] WARNING: Configuration file format is too old, syslog-ng is running in compatibility mode. Please update it to use the syslog-ng 3.35 format at your time of convenience. To upgrade the configuration, please review the warnings about incompatible changes printed by syslog-ng, and once completed change the @version header at the top of the configuration file; config-version='3.27'"}
2025-12-15T18:40:45+01:00	rb	{"container_id":"f7a9c44b7dde7c9b92d691f43159b2b76dfdff311894c02947733ca7b6d4f298","container_name":"/docker_rb_1","source":"stderr","log":"[2025-12-15T18:40:45.532834] WARNING: The internal_queue_length stat counter has been renamed to internal_source.queued. The old name will be removed in future versions; config-version='3.27'"}
2025-12-15T18:40:45+01:00	rb	{"container_id":"f7a9c44b7dde7c9b92d691f43159b2b76dfdff311894c02947733ca7b6d4f298","container_name":"/docker_rb_1","source":"stdout","log":"   ...done."}
2025-12-15T18:40:45+01:00	rb	{"container_id":"f7a9c44b7dde7c9b92d691f43159b2b76dfdff311894c02947733ca7b6d4f298","container_name":"/docker_rb_1","source":"stdout","log":" * Started watchfrr"}
2025-12-15T18:40:46+01:00	rb	{"container_name":"/docker_rb_1","source":"stdout","log":"","container_id":"f7a9c44b7dde7c9b92d691f43159b2b76dfdff311894c02947733ca7b6d4f298"}
2025-12-15T18:40:46+01:00	rb	{"container_id":"f7a9c44b7dde7c9b92d691f43159b2b76dfdff311894c02947733ca7b6d4f298","container_name":"/docker_rb_1","source":"stdout","log":"Hello, this is FRRouting (version 8.1)."}
2025-12-15T18:40:46+01:00	rb	{"container_id":"f7a9c44b7dde7c9b92d691f43159b2b76dfdff311894c02947733ca7b6d4f298","container_name":"/docker_rb_1","source":"stdout","log":"Copyright 1996-2005 Kunihiro Ishiguro, et al."}
2025-12-15T18:40:46+01:00	rb	{"log":"","container_id":"f7a9c44b7dde7c9b92d691f43159b2b76dfdff311894c02947733ca7b6d4f298","container_name":"/docker_rb_1","source":"stdout"}
2025-12-15T18:40:46+01:00	rb	{"container_id":"f7a9c44b7dde7c9b92d691f43159b2b76dfdff311894c02947733ca7b6d4f298","container_name":"/docker_rb_1","source":"stdout","log":"rb# conf t"}
2025-12-15T18:40:46+01:00	rb	{"log":"rb(config)# log file /shared-volume/frr/frr2.log","container_id":"f7a9c44b7dde7c9b92d691f43159b2b76dfdff311894c02947733ca7b6d4f298","container_name":"/docker_rb_1","source":"stdout"}
2025-12-15T18:40:46+01:00	rb	{"container_name":"/docker_rb_1","source":"stdout","log":"can't open logfile /shared-volume/frr/frr2.log","container_id":"f7a9c44b7dde7c9b92d691f43159b2b76dfdff311894c02947733ca7b6d4f298"}
2025-12-15T18:40:46+01:00	rb	{"log":"rb(config)# router ospf","container_id":"f7a9c44b7dde7c9b92d691f43159b2b76dfdff311894c02947733ca7b6d4f298","container_name":"/docker_rb_1","source":"stdout"}
2025-12-15T18:40:46+01:00	rb	{"log":"rb(config-router)# network 10.3.0.0/29 area 0","container_id":"f7a9c44b7dde7c9b92d691f43159b2b76dfdff311894c02947733ca7b6d4f298","container_name":"/docker_rb_1","source":"stdout"}
2025-12-15T18:40:46+01:00	rb	{"log":"rb(config-router)# network 10.0.3.0/24 area 0","container_id":"f7a9c44b7dde7c9b92d691f43159b2b76dfdff311894c02947733ca7b6d4f298","container_name":"/docker_rb_1","source":"stdout"}
2025-12-15T18:40:46+01:00	rb	{"container_id":"f7a9c44b7dde7c9b92d691f43159b2b76dfdff311894c02947733ca7b6d4f298","container_name":"/docker_rb_1","source":"stdout","log":"rb(config-router)# network 10.0.4.0/24 area 0"}
2025-12-15T18:40:46+01:00	rb	{"container_id":"f7a9c44b7dde7c9b92d691f43159b2b76dfdff311894c02947733ca7b6d4f298","container_name":"/docker_rb_1","source":"stdout","log":"rb(config-router)# end"}
2025-12-15T18:40:46+01:00	rb	{"container_id":"f7a9c44b7dde7c9b92d691f43159b2b76dfdff311894c02947733ca7b6d4f298","container_name":"/docker_rb_1","source":"stdout","log":"rb# "}
2025-12-15T18:40:46+01:00	rb	{"container_name":"/docker_rb_1","source":"stdout","log":"net.ipv4.ip_forward = 1","container_id":"f7a9c44b7dde7c9b92d691f43159b2b76dfdff311894c02947733ca7b6d4f298"}
2025-12-15T18:40:45+01:00	server	{"container_id":"3d65edfc34a021f573271faf0e072d2f5ed033da57bbd00c1902971428435abd","container_name":"/docker_server_1","source":"stdout","log":"Hit:1 http://archive.ubuntu.com/ubuntu jammy InRelease"}
2025-12-15T18:40:45+01:00	server	{"container_id":"3d65edfc34a021f573271faf0e072d2f5ed033da57bbd00c1902971428435abd","container_name":"/docker_server_1","source":"stdout","log":"Get:2 http://security.ubuntu.com/ubuntu jammy-security InRelease [129 kB]"}
2025-12-15T18:40:45+01:00	server	{"source":"stdout","log":"Get:3 http://archive.ubuntu.com/ubuntu jammy-updates InRelease [128 kB]","container_id":"3d65edfc34a021f573271faf0e072d2f5ed033da57bbd00c1902971428435abd","container_name":"/docker_server_1"}
2025-12-15T18:40:45+01:00	server	{"container_id":"3d65edfc34a021f573271faf0e072d2f5ed033da57bbd00c1902971428435abd","container_name":"/docker_server_1","source":"stdout","log":"Get:4 http://archive.ubuntu.com/ubuntu jammy-backports InRelease [127 kB]"}
2025-12-15T18:40:45+01:00	server	{"container_name":"/docker_server_1","source":"stdout","log":"Get:5 http://security.ubuntu.com/ubuntu jammy-security/universe amd64 Packages [1287 kB]","container_id":"3d65edfc34a021f573271faf0e072d2f5ed033da57bbd00c1902971428435abd"}
2025-12-15T18:40:46+01:00	server	{"source":"stdout","log":"Get:6 http://archive.ubuntu.com/ubuntu jammy-updates/universe amd64 Packages [1598 kB]","container_id":"3d65edfc34a021f573271faf0e072d2f5ed033da57bbd00c1902971428435abd","container_name":"/docker_server_1"}
2025-12-15T18:40:46+01:00	server	{"source":"stdout","log":"Get:7 http://security.ubuntu.com/ubuntu jammy-security/main amd64 Packages [3633 kB]","container_id":"3d65edfc34a021f573271faf0e072d2f5ed033da57bbd00c1902971428435abd","container_name":"/docker_server_1"}
2025-12-15T18:40:46+01:00	server	{"container_id":"3d65edfc34a021f573271faf0e072d2f5ed033da57bbd00c1902971428435abd","container_name":"/docker_server_1","source":"stdout","log":"Get:8 http://archive.ubuntu.com/ubuntu jammy-updates/main amd64 Packages [3964 kB]"}
2025-12-15T18:40:47+01:00	server	{"source":"stdout","log":"Get:9 http://security.ubuntu.com/ubuntu jammy-security/restricted amd64 Packages [6205 kB]","container_id":"3d65edfc34a021f573271faf0e072d2f5ed033da57bbd00c1902971428435abd","container_name":"/docker_server_1"}
2025-12-15T18:40:48+01:00	server	{"source":"stdout","log":"Get:10 http://archive.ubuntu.com/ubuntu jammy-updates/restricted amd64 Packages [6410 kB]","container_id":"3d65edfc34a021f573271faf0e072d2f5ed033da57bbd00c1902971428435abd","container_name":"/docker_server_1"}
2025-12-15T18:40:49+01:00	server	{"container_id":"3d65edfc34a021f573271faf0e072d2f5ed033da57bbd00c1902971428435abd","container_name":"/docker_server_1","source":"stdout","log":"Fetched 23.5 MB in 4s (5294 kB/s)"}
2025-12-15T18:40:50+01:00	server	{"source":"stdout","log":"Reading package lists...","container_id":"3d65edfc34a021f573271faf0e072d2f5ed033da57bbd00c1902971428435abd","container_name":"/docker_server_1"}
2025-12-15T18:40:51+01:00	server	{"source":"stdout","log":"Reading package lists...","container_id":"3d65edfc34a021f573271faf0e072d2f5ed033da57bbd00c1902971428435abd","container_name":"/docker_server_1"}
2025-12-15T18:40:51+01:00	server	{"container_id":"3d65edfc34a021f573271faf0e072d2f5ed033da57bbd00c1902971428435abd","container_name":"/docker_server_1","source":"stdout","log":"Building dependency tree..."}
2025-12-15T18:40:51+01:00	server	{"container_id":"3d65edfc34a021f573271faf0e072d2f5ed033da57bbd00c1902971428435abd","container_name":"/docker_server_1","source":"stdout","log":"Reading state information..."}
2025-12-15T18:40:51+01:00	server	{"container_id":"3d65edfc34a021f573271faf0e072d2f5ed033da57bbd00c1902971428435abd","container_name":"/docker_server_1","source":"stderr","log":"E: Unable to locate package linux-headers-6.14.0-37-generic"}
2025-12-15T18:40:51+01:00	server	{"container_id":"3d65edfc34a021f573271faf0e072d2f5ed033da57bbd00c1902971428435abd","container_name":"/docker_server_1","source":"stderr","log":"E: Couldn't find any package by glob 'linux-headers-6.14.0-37-generic'"}
2025-12-15T18:40:51+01:00	server	{"container_name":"/docker_server_1","source":"stderr","log":"E: Couldn't find any package by regex 'linux-headers-6.14.0-37-generic'","container_id":"3d65edfc34a021f573271faf0e072d2f5ed033da57bbd00c1902971428435abd"}
2025-12-15T18:40:51+01:00	server	{"container_id":"3d65edfc34a021f573271faf0e072d2f5ed033da57bbd00c1902971428435abd","container_name":"/docker_server_1","source":"stderr","log":"RTNETLINK answers: File exists"}
2025-12-15T18:40:51+01:00	server	{"container_name":"/docker_server_1","source":"stdout","log":"","container_id":"3d65edfc34a021f573271faf0e072d2f5ed033da57bbd00c1902971428435abd"}
2025-12-15T18:40:51+01:00	server	{"log":"> my-test-server@1.0.0 start","container_id":"3d65edfc34a021f573271faf0e072d2f5ed033da57bbd00c1902971428435abd","container_name":"/docker_server_1","source":"stdout"}
2025-12-15T18:40:51+01:00	server	{"log":"> node server.js","container_id":"3d65edfc34a021f573271faf0e072d2f5ed033da57bbd00c1902971428435abd","container_name":"/docker_server_1","source":"stdout"}
2025-12-15T18:40:51+01:00	server	{"container_id":"3d65edfc34a021f573271faf0e072d2f5ed033da57bbd00c1902971428435abd","container_name":"/docker_server_1","source":"stdout","log":""}
2025-12-15T18:40:51+01:00	server	{"container_id":"3d65edfc34a021f573271faf0e072d2f5ed033da57bbd00c1902971428435abd","container_name":"/docker_server_1","source":"stdout","log":"Server is listening at http://localhost:3000"}
2025-12-15T18:40:45+01:00	syslog.syslog.notice	{"host":"rc1","ident":"syslog-ng","pid":"17","message":"syslog-ng starting up; version='3.35.1'"}
2025-12-15T18:40:45+01:00	syslog.syslog.err	{"host":"rc1","ident":"syslog-ng","pid":"17","message":"Syslog connection failed; fd='15', server='AF_INET(10.100.0.3:5140)', error='Connection refused (111)', time_reopen='60'"}
2025-12-15T18:40:45+01:00	syslog.daemon.notice	{"host":"rc1","ident":"watchfrr","pid":"37","message":"[T83RR-8SM5G] watchfrr 8.1 starting: vty@0"}
2025-12-15T18:40:45+01:00	syslog.daemon.info	{"host":"rc1","ident":"watchfrr","pid":"37","message":"[ZCJ3S-SPH5S] zebra state -> down : initial connection attempt failed"}
2025-12-15T18:40:45+01:00	syslog.daemon.info	{"host":"rc1","ident":"watchfrr","pid":"37","message":"[ZCJ3S-SPH5S] bgpd state -> down : initial connection attempt failed"}
2025-12-15T18:40:45+01:00	syslog.daemon.info	{"host":"rc1","ident":"watchfrr","pid":"37","message":"[ZCJ3S-SPH5S] ospfd state -> down : initial connection attempt failed"}
2025-12-15T18:40:45+01:00	syslog.daemon.info	{"host":"rc1","ident":"watchfrr","pid":"37","message":"[ZCJ3S-SPH5S] staticd state -> down : initial connection attempt failed"}
2025-12-15T18:40:45+01:00	syslog.daemon.info	{"host":"rc1","ident":"watchfrr","pid":"37","message":"[YFT0P-5Q5YX] Forked background command [pid 38]: /usr/lib/frr/watchfrr.sh restart all"}
2025-12-15T18:40:45+01:00	syslog.daemon.err	{"host":"rc1","ident":"watchfrr.sh","pid":"49","message":"Cannot stop staticd: pid file not found"}
2025-12-15T18:40:45+01:00	syslog.daemon.err	{"host":"rc1","ident":"watchfrr.sh","pid":"54","message":"Cannot stop zebra: pid file not found"}
2025-12-15T18:40:45+01:00	syslog.daemon.err	{"host":"rc1","ident":"watchfrr.sh","pid":"52","message":"Cannot stop bgpd: pid file not found"}
2025-12-15T18:40:45+01:00	syslog.daemon.err	{"host":"rc1","ident":"watchfrr.sh","pid":"50","message":"Cannot stop ospfd: pid file not found"}
2025-12-15T18:40:45+01:00	syslog.kern.info	{"host":"rc1","ident":"kernel","message":"br-4a4d9557f762: port 2(vethbab9bde) entered blocking state"}
2025-12-15T18:40:45+01:00	syslog.kern.info	{"host":"rc1","ident":"kernel","message":"br-4a4d9557f762: port 2(vethbab9bde) entered disabled state"}
2025-12-15T18:40:45+01:00	syslog.kern.info	{"host":"rc1","ident":"kernel","message":"vethbab9bde: entered allmulticast mode"}
2025-12-15T18:40:45+01:00	syslog.kern.info	{"host":"rc1","ident":"kernel","message":"vethbab9bde: entered promiscuous mode"}
2025-12-15T18:40:45+01:00	syslog.kern.info	{"host":"rc1","ident":"kernel","message":"br-9a5346530b61: port 2(vetha127f81) entered blocking state"}
2025-12-15T18:40:45+01:00	syslog.kern.info	{"host":"rc1","ident":"kernel","message":"br-9a5346530b61: port 2(vetha127f81) entered disabled state"}
2025-12-15T18:40:45+01:00	syslog.kern.info	{"host":"rc1","ident":"kernel","message":"vetha127f81: entered allmulticast mode"}
2025-12-15T18:40:45+01:00	syslog.kern.info	{"host":"rc1","ident":"kernel","message":"vetha127f81: entered promiscuous mode"}
2025-12-15T18:40:45+01:00	syslog.kern.info	{"host":"rc1","ident":"kernel","message":"br-f3c0330174f0: port 2(vethfcaab09) entered blocking state"}
2025-12-15T18:40:45+01:00	syslog.kern.info	{"host":"rc1","ident":"kernel","message":"br-f3c0330174f0: port 2(vethfcaab09) entered disabled state"}
2025-12-15T18:40:45+01:00	syslog.kern.info	{"host":"rc1","ident":"kernel","message":"vethfcaab09: entered allmulticast mode"}
2025-12-15T18:40:45+01:00	syslog.kern.info	{"host":"rc1","ident":"kernel","message":"vethfcaab09: entered promiscuous mode"}
2025-12-15T18:40:45+01:00	syslog.kern.info	{"host":"rc1","ident":"kernel","message":"br-ee912db9db96: port 2(veth3327900) entered blocking state"}
2025-12-15T18:40:45+01:00	syslog.kern.info	{"host":"rc1","ident":"kernel","message":"br-ee912db9db96: port 2(veth3327900) entered disabled state"}
2025-12-15T18:40:45+01:00	syslog.kern.info	{"host":"rc1","ident":"kernel","message":"veth3327900: entered allmulticast mode"}
2025-12-15T18:40:45+01:00	syslog.kern.info	{"host":"rc1","ident":"kernel","message":"veth3327900: entered promiscuous mode"}
2025-12-15T18:40:45+01:00	syslog.kern.info	{"host":"rc1","ident":"kernel","message":"eth0: renamed from veth75aeba4"}
2025-12-15T18:40:45+01:00	syslog.kern.info	{"host":"rc1","ident":"kernel","message":"br-4a4d9557f762: port 2(vethbab9bde) entered blocking state"}
2025-12-15T18:40:45+01:00	syslog.kern.info	{"host":"rc1","ident":"kernel","message":"br-4a4d9557f762: port 2(vethbab9bde) entered forwarding state"}
2025-12-15T18:40:45+01:00	syslog.kern.info	{"host":"rc1","ident":"kernel","message":"eth0: renamed from veth5f1d0ed"}
2025-12-15T18:40:45+01:00	syslog.kern.info	{"host":"rc1","ident":"kernel","message":"br-9a5346530b61: port 2(vetha127f81) entered blocking state"}
2025-12-15T18:40:45+01:00	syslog.kern.info	{"host":"rc1","ident":"kernel","message":"br-9a5346530b61: port 2(vetha127f81) entered forwarding state"}
2025-12-15T18:40:45+01:00	syslog.kern.info	{"host":"rc1","ident":"kernel","message":"eth0: renamed from veth343c91b"}
2025-12-15T18:40:45+01:00	syslog.kern.info	{"host":"rc1","ident":"kernel","message":"eth0: renamed from veth63a2e0b"}
2025-12-15T18:40:45+01:00	syslog.kern.info	{"host":"rc1","ident":"kernel","message":"br-f3c0330174f0: port 2(vethfcaab09) entered blocking state"}
2025-12-15T18:40:45+01:00	syslog.kern.info	{"host":"rc1","ident":"kernel","message":"br-f3c0330174f0: port 2(vethfcaab09) entered forwarding state"}
2025-12-15T18:40:45+01:00	syslog.kern.info	{"host":"rc1","ident":"kernel","message":"br-ee912db9db96: port 2(veth3327900) entered blocking state"}
2025-12-15T18:40:45+01:00	syslog.kern.info	{"host":"rc1","ident":"kernel","message":"br-ee912db9db96: port 2(veth3327900) entered forwarding state"}
2025-12-15T18:40:45+01:00	syslog.daemon.info	{"host":"rc1","ident":"zebra","pid":"56","message":"[VTVCM-Y2NW3] Configuration Read in Took: 00:00:00"}
2025-12-15T18:40:45+01:00	syslog.daemon.info	{"host":"rc1","ident":"bgpd","pid":"61","message":"[VTVCM-Y2NW3] Configuration Read in Took: 00:00:00"}
2025-12-15T18:40:45+01:00	syslog.daemon.info	{"host":"rc1","ident":"ospfd","pid":"68","message":"[VTVCM-Y2NW3] Configuration Read in Took: 00:00:00"}
2025-12-15T18:40:45+01:00	syslog.daemon.info	{"host":"rc1","ident":"staticd","pid":"71","message":"[VTVCM-Y2NW3] Configuration Read in Took: 00:00:00"}
2025-12-15T18:40:45+01:00	syslog.daemon.notice	{"host":"rc1","ident":"watchfrr","pid":"37","message":"[QDG3Y-BY5TN] zebra state -> up : connect succeeded"}
2025-12-15T18:40:45+01:00	syslog.daemon.notice	{"host":"rc1","ident":"watchfrr","pid":"37","message":"[QDG3Y-BY5TN] bgpd state -> up : connect succeeded"}
2025-12-15T18:40:45+01:00	syslog.daemon.notice	{"host":"rc1","ident":"watchfrr","pid":"37","message":"[QDG3Y-BY5TN] ospfd state -> up : connect succeeded"}
2025-12-15T18:40:45+01:00	syslog.daemon.notice	{"host":"rc1","ident":"watchfrr","pid":"37","message":"[QDG3Y-BY5TN] staticd state -> up : connect succeeded"}
2025-12-15T18:40:45+01:00	syslog.daemon.notice	{"host":"rc1","ident":"watchfrr","pid":"37","message":"[KWE5Q-QNGFC] all daemons up, doing startup-complete notify"}
2025-12-15T18:40:50+01:00	syslog.kern.notice	{"host":"rc1","ident":"kernel","message":"audit: type=1400 audit(1765820450.182:297): apparmor=\"DENIED\" operation=\"open\" class=\"file\" profile=\"snap.firefox.firefox\" name=\"/proc/pressure/memory\" pid=7690 comm=\"MemoryPoller\" requested_mask=\"r\" denied_mask=\"r\" fsuid=1000 ouid=0"}
2025-12-15T18:40:55+01:00	syslog.kern.notice	{"host":"rc1","ident":"kernel","message":"audit: type=1400 audit(1765820455.663:298): apparmor=\"DENIED\" operation=\"open\" class=\"file\" profile=\"snap.firefox.firefox\" name=\"/proc/pressure/memory\" pid=7690 comm=\"MemoryPoller\" requested_mask=\"r\" denied_mask=\"r\" fsuid=1000 ouid=0"}
2025-12-15T18:41:00+01:00	syslog.kern.notice	{"host":"rc1","ident":"kernel","message":"audit: type=1400 audit(1765820460.666:299): apparmor=\"DENIED\" operation=\"open\" class=\"file\" profile=\"snap.firefox.firefox\" name=\"/proc/pressure/memory\" pid=7690 comm=\"MemoryPoller\" requested_mask=\"r\" denied_mask=\"r\" fsuid=1000 ouid=0"}
2025-12-15T18:41:05+01:00	syslog.kern.notice	{"host":"rc1","ident":"kernel","message":"audit: type=1400 audit(1765820465.668:300): apparmor=\"DENIED\" operation=\"open\" class=\"file\" profile=\"snap.firefox.firefox\" name=\"/proc/pressure/memory\" pid=7690 comm=\"MemoryPoller\" requested_mask=\"r\" denied_mask=\"r\" fsuid=1000 ouid=0"}
2025-12-15T18:41:10+01:00	syslog.kern.notice	{"host":"rc1","ident":"kernel","message":"audit: type=1400 audit(1765820470.669:301): apparmor=\"DENIED\" operation=\"open\" class=\"file\" profile=\"snap.firefox.firefox\" name=\"/proc/pressure/memory\" pid=7690 comm=\"MemoryPoller\" requested_mask=\"r\" denied_mask=\"r\" fsuid=1000 ouid=0"}
2025-12-15T18:41:15+01:00	syslog.kern.notice	{"host":"rc1","ident":"kernel","message":"audit: type=1400 audit(1765820475.670:302): apparmor=\"DENIED\" operation=\"open\" class=\"file\" profile=\"snap.firefox.firefox\" name=\"/proc/pressure/memory\" pid=7690 comm=\"MemoryPoller\" requested_mask=\"r\" denied_mask=\"r\" fsuid=1000 ouid=0"}
2025-12-15T18:41:20+01:00	syslog.kern.notice	{"host":"rc1","ident":"kernel","message":"audit: type=1400 audit(1765820480.671:303): apparmor=\"DENIED\" operation=\"open\" class=\"file\" profile=\"snap.firefox.firefox\" name=\"/proc/pressure/memory\" pid=7690 comm=\"MemoryPoller\" requested_mask=\"r\" denied_mask=\"r\" fsuid=1000 ouid=0"}
2025-12-15T18:41:25+01:00	syslog.kern.notice	{"host":"rc1","ident":"kernel","message":"audit: type=1400 audit(1765820485.672:304): apparmor=\"DENIED\" operation=\"open\" class=\"file\" profile=\"snap.firefox.firefox\" name=\"/proc/pressure/memory\" pid=7690 comm=\"MemoryPoller\" requested_mask=\"r\" denied_mask=\"r\" fsuid=1000 ouid=0"}
2025-12-15T18:41:30+01:00	syslog.kern.notice	{"host":"rc1","ident":"kernel","message":"audit: type=1400 audit(1765820490.672:305): apparmor=\"DENIED\" operation=\"open\" class=\"file\" profile=\"snap.firefox.firefox\" name=\"/proc/pressure/memory\" pid=7690 comm=\"MemoryPoller\" requested_mask=\"r\" denied_mask=\"r\" fsuid=1000 ouid=0"}
2025-12-15T18:41:31+01:00	syslog.daemon.info	{"host":"rc1","ident":"ospfd","pid":"68","message":"[S5PCG-77H23] Packet[DD]: Neighbor 10.3.0.3 Negotiation done (Master)."}
2025-12-15T18:41:35+01:00	syslog.kern.notice	{"host":"rc1","ident":"kernel","message":"audit: type=1400 audit(1765820495.673:306): apparmor=\"DENIED\" operation=\"open\" class=\"file\" profile=\"snap.firefox.firefox\" name=\"/proc/pressure/memory\" pid=7690 comm=\"MemoryPoller\" requested_mask=\"r\" denied_mask=\"r\" fsuid=1000 ouid=0"}
2025-12-15T18:41:40+01:00	syslog.kern.notice	{"host":"rc1","ident":"kernel","message":"audit: type=1400 audit(1765820500.790:307): apparmor=\"DENIED\" operation=\"open\" class=\"file\" profile=\"snap.firefox.firefox\" name=\"/proc/pressure/memory\" pid=7690 comm=\"MemoryPoller\" requested_mask=\"r\" denied_mask=\"r\" fsuid=1000 ouid=0"}
2025-12-15T18:41:45+01:00	syslog.syslog.notice	{"host":"rc1","ident":"syslog-ng","pid":"17","message":"Syslog connection established; fd='28', server='AF_INET(10.100.0.3:5140)', local='AF_INET(0.0.0.0:0)'"}
2025-12-15T18:41:45+01:00	syslog.kern.notice	{"host":"rc1","ident":"kernel","message":"audit: type=1400 audit(1765820505.796:308): apparmor=\"DENIED\" operation=\"open\" class=\"file\" profile=\"snap.firefox.firefox\" name=\"/proc/pressure/memory\" pid=7690 comm=\"MemoryPoller\" requested_mask=\"r\" denied_mask=\"r\" fsuid=1000 ouid=0"}
2025-12-15T18:41:51+01:00	syslog.kern.notice	{"host":"rc1","ident":"kernel","message":"audit: type=1400 audit(1765820511.101:309): apparmor=\"DENIED\" operation=\"open\" class=\"file\" profile=\"snap.firefox.firefox\" name=\"/proc/pressure/memory\" pid=7690 comm=\"MemoryPoller\" requested_mask=\"r\" denied_mask=\"r\" fsuid=1000 ouid=0"}
2025-12-15T18:41:56+01:00	syslog.kern.notice	{"host":"rc1","ident":"kernel","message":"audit: type=1400 audit(1765820516.101:310): apparmor=\"DENIED\" operation=\"open\" class=\"file\" profile=\"snap.firefox.firefox\" name=\"/proc/pressure/memory\" pid=7690 comm=\"MemoryPoller\" requested_mask=\"r\" denied_mask=\"r\" fsuid=1000 ouid=0"}
2025-12-15T18:42:01+01:00	syslog.kern.notice	{"host":"rc1","ident":"kernel","message":"audit: type=1400 audit(1765820521.102:311): apparmor=\"DENIED\" operation=\"open\" class=\"file\" profile=\"snap.firefox.firefox\" name=\"/proc/pressure/memory\" pid=7690 comm=\"MemoryPoller\" requested_mask=\"r\" denied_mask=\"r\" fsuid=1000 ouid=0"}
2025-12-15T18:42:06+01:00	syslog.kern.notice	{"host":"rc1","ident":"kernel","message":"audit: type=1400 audit(1765820526.103:312): apparmor=\"DENIED\" operation=\"open\" class=\"file\" profile=\"snap.firefox.firefox\" name=\"/proc/pressure/memory\" pid=7690 comm=\"MemoryPoller\" requested_mask=\"r\" denied_mask=\"r\" fsuid=1000 ouid=0"}
2025-12-15T18:42:11+01:00	syslog.kern.notice	{"host":"rc1","ident":"kernel","message":"audit: type=1400 audit(1765820531.104:313): apparmor=\"DENIED\" operation=\"open\" class=\"file\" profile=\"snap.firefox.firefox\" name=\"/proc/pressure/memory\" pid=7690 comm=\"MemoryPoller\" requested_mask=\"r\" denied_mask=\"r\" fsuid=1000 ouid=0"}
2025-12-15T18:42:16+01:00	syslog.kern.notice	{"host":"rc1","ident":"kernel","message":"audit: type=1400 audit(1765820536.105:314): apparmor=\"DENIED\" operation=\"open\" class=\"file\" profile=\"snap.firefox.firefox\" name=\"/proc/pressure/memory\" pid=7690 comm=\"MemoryPoller\" requested_mask=\"r\" denied_mask=\"r\" fsuid=1000 ouid=0"}
2025-12-15T18:42:21+01:00	syslog.kern.notice	{"host":"rc1","ident":"kernel","message":"audit: type=1400 audit(1765820541.105:315): apparmor=\"DENIED\" operation=\"open\" class=\"file\" profile=\"snap.firefox.firefox\" name=\"/proc/pressure/memory\" pid=7690 comm=\"MemoryPoller\" requested_mask=\"r\" denied_mask=\"r\" fsuid=1000 ouid=0"}
2025-12-15T18:42:26+01:00	syslog.kern.notice	{"host":"rc1","ident":"kernel","message":"audit: type=1400 audit(1765820546.106:316): apparmor=\"DENIED\" operation=\"open\" class=\"file\" profile=\"snap.firefox.firefox\" name=\"/proc/pressure/memory\" pid=7690 comm=\"MemoryPoller\" requested_mask=\"r\" denied_mask=\"r\" fsuid=1000 ouid=0"}
2025-12-15T18:42:31+01:00	syslog.kern.notice	{"host":"rc1","ident":"kernel","message":"audit: type=1400 audit(1765820551.107:317): apparmor=\"DENIED\" operation=\"open\" class=\"file\" profile=\"snap.firefox.firefox\" name=\"/proc/pressure/memory\" pid=7690 comm=\"MemoryPoller\" requested_mask=\"r\" denied_mask=\"r\" fsuid=1000 ouid=0"}
2025-12-15T18:42:36+01:00	syslog.kern.notice	{"host":"rc1","ident":"kernel","message":"audit: type=1400 audit(1765820556.108:318): apparmor=\"DENIED\" operation=\"open\" class=\"file\" profile=\"snap.firefox.firefox\" name=\"/proc/pressure/memory\" pid=7690 comm=\"MemoryPoller\" requested_mask=\"r\" denied_mask=\"r\" fsuid=1000 ouid=0"}
2025-12-15T18:42:41+01:00	syslog.kern.notice	{"host":"rc1","ident":"kernel","message":"audit: type=1400 audit(1765820561.109:319): apparmor=\"DENIED\" operation=\"open\" class=\"file\" profile=\"snap.firefox.firefox\" name=\"/proc/pressure/memory\" pid=7690 comm=\"MemoryPoller\" requested_mask=\"r\" denied_mask=\"r\" fsuid=1000 ouid=0"}
2025-12-15T18:42:46+01:00	syslog.kern.notice	{"host":"rc1","ident":"kernel","message":"audit: type=1400 audit(1765820566.109:320): apparmor=\"DENIED\" operation=\"open\" class=\"file\" profile=\"snap.firefox.firefox\" name=\"/proc/pressure/memory\" pid=7690 comm=\"MemoryPoller\" requested_mask=\"r\" denied_mask=\"r\" fsuid=1000 ouid=0"}
2025-12-15T18:42:51+01:00	syslog.kern.notice	{"host":"rc1","ident":"kernel","message":"audit: type=1400 audit(1765820571.110:321): apparmor=\"DENIED\" operation=\"open\" class=\"file\" profile=\"snap.firefox.firefox\" name=\"/proc/pressure/memory\" pid=7690 comm=\"MemoryPoller\" requested_mask=\"r\" denied_mask=\"r\" fsuid=1000 ouid=0"}
2025-12-15T18:42:56+01:00	syslog.kern.notice	{"host":"rc1","ident":"kernel","message":"audit: type=1400 audit(1765820576.111:322): apparmor=\"DENIED\" operation=\"open\" class=\"file\" profile=\"snap.firefox.firefox\" name=\"/proc/pressure/memory\" pid=7690 comm=\"MemoryPoller\" requested_mask=\"r\" denied_mask=\"r\" fsuid=1000 ouid=0"}
2025-12-15T18:43:01+01:00	syslog.kern.notice	{"host":"rc1","ident":"kernel","message":"audit: type=1400 audit(1765820581.112:323): apparmor=\"DENIED\" operation=\"open\" class=\"file\" profile=\"snap.firefox.firefox\" name=\"/proc/pressure/memory\" pid=7690 comm=\"MemoryPoller\" requested_mask=\"r\" denied_mask=\"r\" fsuid=1000 ouid=0"}
2025-12-15T18:43:06+01:00	syslog.kern.notice	{"host":"rc1","ident":"kernel","message":"audit: type=1400 audit(1765820586.188:324): apparmor=\"DENIED\" operation=\"open\" class=\"file\" profile=\"snap.firefox.firefox\" name=\"/proc/pressure/memory\" pid=7690 comm=\"MemoryPoller\" requested_mask=\"r\" denied_mask=\"r\" fsuid=1000 ouid=0"}
2025-12-15T18:43:11+01:00	syslog.kern.notice	{"host":"rc1","ident":"kernel","message":"audit: type=1400 audit(1765820591.188:325): apparmor=\"DENIED\" operation=\"open\" class=\"file\" profile=\"snap.firefox.firefox\" name=\"/proc/pressure/memory\" pid=7690 comm=\"MemoryPoller\" requested_mask=\"r\" denied_mask=\"r\" fsuid=1000 ouid=0"}
2025-12-15T18:43:16+01:00	syslog.kern.notice	{"host":"rc1","ident":"kernel","message":"audit: type=1400 audit(1765820596.189:326): apparmor=\"DENIED\" operation=\"open\" class=\"file\" profile=\"snap.firefox.firefox\" name=\"/proc/pressure/memory\" pid=7690 comm=\"MemoryPoller\" requested_mask=\"r\" denied_mask=\"r\" fsuid=1000 ouid=0"}
2025-12-15T18:43:21+01:00	syslog.kern.notice	{"host":"rc1","ident":"kernel","message":"audit: type=1400 audit(1765820601.196:327): apparmor=\"DENIED\" operation=\"open\" class=\"file\" profile=\"snap.firefox.firefox\" name=\"/proc/pressure/memory\" pid=7690 comm=\"MemoryPoller\" requested_mask=\"r\" denied_mask=\"r\" fsuid=1000 ouid=0"}
2025-12-15T18:43:26+01:00	syslog.kern.notice	{"host":"rc1","ident":"kernel","message":"audit: type=1400 audit(1765820606.200:328): apparmor=\"DENIED\" operation=\"open\" class=\"file\" profile=\"snap.firefox.firefox\" name=\"/proc/pressure/memory\" pid=7690 comm=\"MemoryPoller\" requested_mask=\"r\" denied_mask=\"r\" fsuid=1000 ouid=0"}
2025-12-15T18:43:31+01:00	syslog.kern.notice	{"host":"rc1","ident":"kernel","message":"audit: type=1400 audit(1765820611.200:329): apparmor=\"DENIED\" operation=\"open\" class=\"file\" profile=\"snap.firefox.firefox\" name=\"/proc/pressure/memory\" pid=7690 comm=\"MemoryPoller\" requested_mask=\"r\" denied_mask=\"r\" fsuid=1000 ouid=0"}
2025-12-15T18:43:36+01:00	syslog.kern.notice	{"host":"rc1","ident":"kernel","message":"audit: type=1400 audit(1765820616.201:330): apparmor=\"DENIED\" operation=\"open\" class=\"file\" profile=\"snap.firefox.firefox\" name=\"/proc/pressure/memory\" pid=7690 comm=\"MemoryPoller\" requested_mask=\"r\" denied_mask=\"r\" fsuid=1000 ouid=0"}
2025-12-15T18:43:41+01:00	syslog.kern.notice	{"host":"rc1","ident":"kernel","message":"audit: type=1400 audit(1765820621.200:331): apparmor=\"DENIED\" operation=\"open\" class=\"file\" profile=\"snap.firefox.firefox\" name=\"/proc/pressure/memory\" pid=7690 comm=\"MemoryPoller\" requested_mask=\"r\" denied_mask=\"r\" fsuid=1000 ouid=0"}
2025-12-15T18:43:46+01:00	syslog.kern.notice	{"host":"rc1","ident":"kernel","message":"audit: type=1400 audit(1765820626.203:332): apparmor=\"DENIED\" operation=\"open\" class=\"file\" profile=\"snap.firefox.firefox\" name=\"/proc/pressure/memory\" pid=7690 comm=\"MemoryPoller\" requested_mask=\"r\" denied_mask=\"r\" fsuid=1000 ouid=0"}
2025-12-15T18:43:51+01:00	syslog.kern.notice	{"host":"rc1","ident":"kernel","message":"audit: type=1400 audit(1765820631.204:333): apparmor=\"DENIED\" operation=\"open\" class=\"file\" profile=\"snap.firefox.firefox\" name=\"/proc/pressure/memory\" pid=7690 comm=\"MemoryPoller\" requested_mask=\"r\" denied_mask=\"r\" fsuid=1000 ouid=0"}
2025-12-15T18:43:56+01:00	syslog.kern.notice	{"host":"rc1","ident":"kernel","message":"audit: type=1400 audit(1765820636.206:334): apparmor=\"DENIED\" operation=\"open\" class=\"file\" profile=\"snap.firefox.firefox\" name=\"/proc/pressure/memory\" pid=7690 comm=\"MemoryPoller\" requested_mask=\"r\" denied_mask=\"r\" fsuid=1000 ouid=0"}
2025-12-15T18:44:01+01:00	syslog.kern.notice	{"host":"rc1","ident":"kernel","message":"audit: type=1400 audit(1765820641.206:335): apparmor=\"DENIED\" operation=\"open\" class=\"file\" profile=\"snap.firefox.firefox\" name=\"/proc/pressure/memory\" pid=7690 comm=\"MemoryPoller\" requested_mask=\"r\" denied_mask=\"r\" fsuid=1000 ouid=0"}
2025-12-15T18:44:06+01:00	syslog.kern.notice	{"host":"rc1","ident":"kernel","message":"audit: type=1400 audit(1765820646.207:336): apparmor=\"DENIED\" operation=\"open\" class=\"file\" profile=\"snap.firefox.firefox\" name=\"/proc/pressure/memory\" pid=7690 comm=\"MemoryPoller\" requested_mask=\"r\" denied_mask=\"r\" fsuid=1000 ouid=0"}
2025-12-15T18:44:11+01:00	syslog.kern.notice	{"host":"rc1","ident":"kernel","message":"audit: type=1400 audit(1765820651.208:337): apparmor=\"DENIED\" operation=\"open\" class=\"file\" profile=\"snap.firefox.firefox\" name=\"/proc/pressure/memory\" pid=7690 comm=\"MemoryPoller\" requested_mask=\"r\" denied_mask=\"r\" fsuid=1000 ouid=0"}
2025-12-15T18:44:16+01:00	syslog.kern.notice	{"host":"rc1","ident":"kernel","message":"audit: type=1400 audit(1765820656.209:338): apparmor=\"DENIED\" operation=\"open\" class=\"file\" profile=\"snap.firefox.firefox\" name=\"/proc/pressure/memory\" pid=7690 comm=\"MemoryPoller\" requested_mask=\"r\" denied_mask=\"r\" fsuid=1000 ouid=0"}
2025-12-15T18:44:21+01:00	syslog.kern.notice	{"host":"rc1","ident":"kernel","message":"audit: type=1400 audit(1765820661.210:339): apparmor=\"DENIED\" operation=\"open\" class=\"file\" profile=\"snap.firefox.firefox\" name=\"/proc/pressure/memory\" pid=7690 comm=\"MemoryPoller\" requested_mask=\"r\" denied_mask=\"r\" fsuid=1000 ouid=0"}
2025-12-15T18:44:26+01:00	syslog.kern.notice	{"host":"rc1","ident":"kernel","message":"audit: type=1400 audit(1765820666.211:340): apparmor=\"DENIED\" operation=\"open\" class=\"file\" profile=\"snap.firefox.firefox\" name=\"/proc/pressure/memory\" pid=7690 comm=\"MemoryPoller\" requested_mask=\"r\" denied_mask=\"r\" fsuid=1000 ouid=0"}
2025-12-15T18:44:31+01:00	syslog.kern.notice	{"host":"rc1","ident":"kernel","message":"audit: type=1400 audit(1765820671.212:341): apparmor=\"DENIED\" operation=\"open\" class=\"file\" profile=\"snap.firefox.firefox\" name=\"/proc/pressure/memory\" pid=7690 comm=\"MemoryPoller\" requested_mask=\"r\" denied_mask=\"r\" fsuid=1000 ouid=0"}
2025-12-15T18:44:36+01:00	syslog.kern.notice	{"host":"rc1","ident":"kernel","message":"audit: type=1400 audit(1765820676.213:342): apparmor=\"DENIED\" operation=\"open\" class=\"file\" profile=\"snap.firefox.firefox\" name=\"/proc/pressure/memory\" pid=7690 comm=\"MemoryPoller\" requested_mask=\"r\" denied_mask=\"r\" fsuid=1000 ouid=0"}
2025-12-15T18:44:41+01:00	syslog.kern.notice	{"host":"rc1","ident":"kernel","message":"audit: type=1400 audit(1765820681.213:343): apparmor=\"DENIED\" operation=\"open\" class=\"file\" profile=\"snap.firefox.firefox\" name=\"/proc/pressure/memory\" pid=7690 comm=\"MemoryPoller\" requested_mask=\"r\" denied_mask=\"r\" fsuid=1000 ouid=0"}
2025-12-15T18:44:46+01:00	syslog.kern.notice	{"host":"rc1","ident":"kernel","message":"audit: type=1400 audit(1765820686.214:344): apparmor=\"DENIED\" operation=\"open\" class=\"file\" profile=\"snap.firefox.firefox\" name=\"/proc/pressure/memory\" pid=7690 comm=\"MemoryPoller\" requested_mask=\"r\" denied_mask=\"r\" fsuid=1000 ouid=0"}
2025-12-15T18:44:51+01:00	syslog.kern.notice	{"host":"rc1","ident":"kernel","message":"audit: type=1400 audit(1765820691.215:345): apparmor=\"DENIED\" operation=\"open\" class=\"file\" profile=\"snap.firefox.firefox\" name=\"/proc/pressure/memory\" pid=7690 comm=\"MemoryPoller\" requested_mask=\"r\" denied_mask=\"r\" fsuid=1000 ouid=0"}
2025-12-15T18:44:56+01:00	syslog.kern.notice	{"host":"rc1","ident":"kernel","message":"audit: type=1400 audit(1765820696.216:346): apparmor=\"DENIED\" operation=\"open\" class=\"file\" profile=\"snap.firefox.firefox\" name=\"/proc/pressure/memory\" pid=7690 comm=\"MemoryPoller\" requested_mask=\"r\" denied_mask=\"r\" fsuid=1000 ouid=0"}
2025-12-15T18:45:01+01:00	syslog.kern.notice	{"host":"rc1","ident":"kernel","message":"audit: type=1400 audit(1765820701.221:347): apparmor=\"DENIED\" operation=\"open\" class=\"file\" profile=\"snap.firefox.firefox\" name=\"/proc/pressure/memory\" pid=7690 comm=\"MemoryPoller\" requested_mask=\"r\" denied_mask=\"r\" fsuid=1000 ouid=0"}
2025-12-15T18:45:06+01:00	syslog.kern.notice	{"host":"rc1","ident":"kernel","message":"audit: type=1400 audit(1765820706.222:348): apparmor=\"DENIED\" operation=\"open\" class=\"file\" profile=\"snap.firefox.firefox\" name=\"/proc/pressure/memory\" pid=7690 comm=\"MemoryPoller\" requested_mask=\"r\" denied_mask=\"r\" fsuid=1000 ouid=0"}
2025-12-15T18:45:11+01:00	syslog.kern.notice	{"host":"rc1","ident":"kernel","message":"audit: type=1400 audit(1765820711.223:349): apparmor=\"DENIED\" operation=\"open\" class=\"file\" profile=\"snap.firefox.firefox\" name=\"/proc/pressure/memory\" pid=7690 comm=\"MemoryPoller\" requested_mask=\"r\" denied_mask=\"r\" fsuid=1000 ouid=0"}
2025-12-15T18:45:16+01:00	syslog.kern.notice	{"host":"rc1","ident":"kernel","message":"audit: type=1400 audit(1765820716.223:350): apparmor=\"DENIED\" operation=\"open\" class=\"file\" profile=\"snap.firefox.firefox\" name=\"/proc/pressure/memory\" pid=7690 comm=\"MemoryPoller\" requested_mask=\"r\" denied_mask=\"r\" fsuid=1000 ouid=0"}
2025-12-15T18:45:21+01:00	syslog.kern.notice	{"host":"rc1","ident":"kernel","message":"audit: type=1400 audit(1765820721.226:351): apparmor=\"DENIED\" operation=\"open\" class=\"file\" profile=\"snap.firefox.firefox\" name=\"/proc/pressure/memory\" pid=7690 comm=\"MemoryPoller\" requested_mask=\"r\" denied_mask=\"r\" fsuid=1000 ouid=0"}
2025-12-15T18:45:26+01:00	syslog.kern.notice	{"host":"rc1","ident":"kernel","message":"audit: type=1400 audit(1765820726.227:352): apparmor=\"DENIED\" operation=\"open\" class=\"file\" profile=\"snap.firefox.firefox\" name=\"/proc/pressure/memory\" pid=7690 comm=\"MemoryPoller\" requested_mask=\"r\" denied_mask=\"r\" fsuid=1000 ouid=0"}
2025-12-15T18:45:31+01:00	syslog.kern.notice	{"host":"rc1","ident":"kernel","message":"audit: type=1400 audit(1765820731.227:353): apparmor=\"DENIED\" operation=\"open\" class=\"file\" profile=\"snap.firefox.firefox\" name=\"/proc/pressure/memory\" pid=7690 comm=\"MemoryPoller\" requested_mask=\"r\" denied_mask=\"r\" fsuid=1000 ouid=0"}
2025-12-15T18:45:36+01:00	syslog.kern.notice	{"host":"rc1","ident":"kernel","message":"audit: type=1400 audit(1765820736.228:354): apparmor=\"DENIED\" operation=\"open\" class=\"file\" profile=\"snap.firefox.firefox\" name=\"/proc/pressure/memory\" pid=7690 comm=\"MemoryPoller\" requested_mask=\"r\" denied_mask=\"r\" fsuid=1000 ouid=0"}
2025-12-15T18:45:41+01:00	syslog.kern.notice	{"host":"rc1","ident":"kernel","message":"audit: type=1400 audit(1765820741.228:355): apparmor=\"DENIED\" operation=\"open\" class=\"file\" profile=\"snap.firefox.firefox\" name=\"/proc/pressure/memory\" pid=7690 comm=\"MemoryPoller\" requested_mask=\"r\" denied_mask=\"r\" fsuid=1000 ouid=0"}
2025-12-15T18:45:46+01:00	syslog.kern.notice	{"host":"rc1","ident":"kernel","message":"audit: type=1400 audit(1765820746.228:356): apparmor=\"DENIED\" operation=\"open\" class=\"file\" profile=\"snap.firefox.firefox\" name=\"/proc/pressure/memory\" pid=7690 comm=\"MemoryPoller\" requested_mask=\"r\" denied_mask=\"r\" fsuid=1000 ouid=0"}
2025-12-15T18:45:51+01:00	syslog.kern.notice	{"host":"rc1","ident":"kernel","message":"audit: type=1400 audit(1765820751.229:357): apparmor=\"DENIED\" operation=\"open\" class=\"file\" profile=\"snap.firefox.firefox\" name=\"/proc/pressure/memory\" pid=7690 comm=\"MemoryPoller\" requested_mask=\"r\" denied_mask=\"r\" fsuid=1000 ouid=0"}
2025-12-15T18:45:56+01:00	syslog.kern.notice	{"host":"rc1","ident":"kernel","message":"audit: type=1400 audit(1765820756.229:358): apparmor=\"DENIED\" operation=\"open\" class=\"file\" profile=\"snap.firefox.firefox\" name=\"/proc/pressure/memory\" pid=7690 comm=\"MemoryPoller\" requested_mask=\"r\" denied_mask=\"r\" fsuid=1000 ouid=0"}
2025-12-15T18:46:01+01:00	syslog.kern.notice	{"host":"rc1","ident":"kernel","message":"audit: type=1400 audit(1765820761.235:359): apparmor=\"DENIED\" operation=\"open\" class=\"file\" profile=\"snap.firefox.firefox\" name=\"/proc/pressure/memory\" pid=7690 comm=\"MemoryPoller\" requested_mask=\"r\" denied_mask=\"r\" fsuid=1000 ouid=0"}
2025-12-15T18:46:06+01:00	syslog.kern.notice	{"host":"rc1","ident":"kernel","message":"audit: type=1400 audit(1765820766.236:360): apparmor=\"DENIED\" operation=\"open\" class=\"file\" profile=\"snap.firefox.firefox\" name=\"/proc/pressure/memory\" pid=7690 comm=\"MemoryPoller\" requested_mask=\"r\" denied_mask=\"r\" fsuid=1000 ouid=0"}
2025-12-15T18:46:11+01:00	syslog.kern.notice	{"host":"rc1","ident":"kernel","message":"audit: type=1400 audit(1765820771.237:361): apparmor=\"DENIED\" operation=\"open\" class=\"file\" profile=\"snap.firefox.firefox\" name=\"/proc/pressure/memory\" pid=7690 comm=\"MemoryPoller\" requested_mask=\"r\" denied_mask=\"r\" fsuid=1000 ouid=0"}
2025-12-15T18:46:16+01:00	syslog.kern.notice	{"host":"rc1","ident":"kernel","message":"audit: type=1400 audit(1765820776.237:362): apparmor=\"DENIED\" operation=\"open\" class=\"file\" profile=\"snap.firefox.firefox\" name=\"/proc/pressure/memory\" pid=7690 comm=\"MemoryPoller\" requested_mask=\"r\" denied_mask=\"r\" fsuid=1000 ouid=0"}
2025-12-15T18:46:21+01:00	syslog.kern.notice	{"host":"rc1","ident":"kernel","message":"audit: type=1400 audit(1765820781.239:363): apparmor=\"DENIED\" operation=\"open\" class=\"file\" profile=\"snap.firefox.firefox\" name=\"/proc/pressure/memory\" pid=7690 comm=\"MemoryPoller\" requested_mask=\"r\" denied_mask=\"r\" fsuid=1000 ouid=0"}
2025-12-15T18:46:26+01:00	syslog.kern.notice	{"host":"rc1","ident":"kernel","message":"audit: type=1400 audit(1765820786.241:364): apparmor=\"DENIED\" operation=\"open\" class=\"file\" profile=\"snap.firefox.firefox\" name=\"/proc/pressure/memory\" pid=7690 comm=\"MemoryPoller\" requested_mask=\"r\" denied_mask=\"r\" fsuid=1000 ouid=0"}
2025-12-15T18:46:31+01:00	syslog.kern.notice	{"host":"rc1","ident":"kernel","message":"audit: type=1400 audit(1765820791.243:365): apparmor=\"DENIED\" operation=\"open\" class=\"file\" profile=\"snap.firefox.firefox\" name=\"/proc/pressure/memory\" pid=7690 comm=\"MemoryPoller\" requested_mask=\"r\" denied_mask=\"r\" fsuid=1000 ouid=0"}
2025-12-15T18:46:36+01:00	syslog.kern.notice	{"host":"rc1","ident":"kernel","message":"audit: type=1400 audit(1765820796.243:366): apparmor=\"DENIED\" operation=\"open\" class=\"file\" profile=\"snap.firefox.firefox\" name=\"/proc/pressure/memory\" pid=7690 comm=\"MemoryPoller\" requested_mask=\"r\" denied_mask=\"r\" fsuid=1000 ouid=0"}
2025-12-15T18:46:41+01:00	syslog.kern.notice	{"host":"rc1","ident":"kernel","message":"audit: type=1400 audit(1765820801.244:367): apparmor=\"DENIED\" operation=\"open\" class=\"file\" profile=\"snap.firefox.firefox\" name=\"/proc/pressure/memory\" pid=7690 comm=\"MemoryPoller\" requested_mask=\"r\" denied_mask=\"r\" fsuid=1000 ouid=0"}
2025-12-15T18:46:47+01:00	syslog.kern.notice	{"host":"rc1","ident":"kernel","message":"audit: type=1400 audit(1765820807.630:368): apparmor=\"DENIED\" operation=\"open\" class=\"file\" profile=\"snap.firefox.firefox\" name=\"/proc/pressure/memory\" pid=7690 comm=\"MemoryPoller\" requested_mask=\"r\" denied_mask=\"r\" fsuid=1000 ouid=0"}
2025-12-15T18:46:52+01:00	syslog.kern.notice	{"host":"rc1","ident":"kernel","message":"audit: type=1400 audit(1765820812.651:369): apparmor=\"DENIED\" operation=\"open\" class=\"file\" profile=\"snap.firefox.firefox\" name=\"/proc/pressure/memory\" pid=7690 comm=\"MemoryPoller\" requested_mask=\"r\" denied_mask=\"r\" fsuid=1000 ouid=0"}
2025-12-15T18:46:57+01:00	syslog.kern.notice	{"host":"rc1","ident":"kernel","message":"audit: type=1400 audit(1765820817.727:370): apparmor=\"DENIED\" operation=\"open\" class=\"file\" profile=\"snap.firefox.firefox\" name=\"/proc/pressure/memory\" pid=7690 comm=\"MemoryPoller\" requested_mask=\"r\" denied_mask=\"r\" fsuid=1000 ouid=0"}
2025-12-15T18:47:02+01:00	syslog.kern.notice	{"host":"rc1","ident":"kernel","message":"audit: type=1400 audit(1765820822.736:371): apparmor=\"DENIED\" operation=\"open\" class=\"file\" profile=\"snap.firefox.firefox\" name=\"/proc/pressure/memory\" pid=7690 comm=\"MemoryPoller\" requested_mask=\"r\" denied_mask=\"r\" fsuid=1000 ouid=0"}
2025-12-15T18:47:08+01:00	syslog.kern.notice	{"host":"rc1","ident":"kernel","message":"audit: type=1400 audit(1765820828.099:372): apparmor=\"DENIED\" operation=\"open\" class=\"file\" profile=\"snap.firefox.firefox\" name=\"/proc/pressure/memory\" pid=7690 comm=\"MemoryPoller\" requested_mask=\"r\" denied_mask=\"r\" fsuid=1000 ouid=0"}
2025-12-15T18:47:19+01:00	syslog.kern.notice	{"host":"rc1","ident":"kernel","message":"audit: type=1400 audit(1765820839.361:373): apparmor=\"DENIED\" operation=\"open\" class=\"file\" profile=\"snap.firefox.firefox\" name=\"/proc/pressure/memory\" pid=7690 comm=\"MemoryPoller\" requested_mask=\"r\" denied_mask=\"r\" fsuid=1000 ouid=0"}
2025-12-15T18:47:24+01:00	syslog.kern.notice	{"host":"rc1","ident":"kernel","message":"audit: type=1400 audit(1765820844.392:374): apparmor=\"DENIED\" operation=\"open\" class=\"file\" profile=\"snap.firefox.firefox\" name=\"/proc/pressure/memory\" pid=7690 comm=\"MemoryPoller\" requested_mask=\"r\" denied_mask=\"r\" fsuid=1000 ouid=0"}
2025-12-15T18:47:38+01:00	syslog.kern.notice	{"host":"rc1","ident":"kernel","message":"audit: type=1400 audit(1765820858.712:375): apparmor=\"DENIED\" operation=\"open\" class=\"file\" profile=\"snap.firefox.firefox\" name=\"/proc/pressure/memory\" pid=7690 comm=\"MemoryPoller\" requested_mask=\"r\" denied_mask=\"r\" fsuid=1000 ouid=0"}
2025-12-15T18:48:09+01:00	syslog.kern.notice	{"host":"rc1","ident":"kernel","message":"audit: type=1400 audit(1765820889.317:376): apparmor=\"DENIED\" operation=\"open\" class=\"file\" profile=\"snap.firefox.firefox\" name=\"/proc/pressure/memory\" pid=7690 comm=\"MemoryPoller\" requested_mask=\"r\" denied_mask=\"r\" fsuid=1000 ouid=0"}
2025-12-15T18:48:14+01:00	syslog.kern.notice	{"host":"rc1","ident":"kernel","message":"audit: type=1400 audit(1765820894.317:377): apparmor=\"DENIED\" operation=\"open\" class=\"file\" profile=\"snap.firefox.firefox\" name=\"/proc/pressure/memory\" pid=7690 comm=\"MemoryPoller\" requested_mask=\"r\" denied_mask=\"r\" fsuid=1000 ouid=0"}
2025-12-15T18:48:19+01:00	syslog.kern.notice	{"host":"rc1","ident":"kernel","message":"audit: type=1400 audit(1765820899.319:378): apparmor=\"DENIED\" operation=\"open\" class=\"file\" profile=\"snap.firefox.firefox\" name=\"/proc/pressure/memory\" pid=7690 comm=\"MemoryPoller\" requested_mask=\"r\" denied_mask=\"r\" fsuid=1000 ouid=0"}
2025-12-15T18:48:24+01:00	syslog.kern.notice	{"host":"rc1","ident":"kernel","message":"audit: type=1400 audit(1765820904.319:379): apparmor=\"DENIED\" operation=\"open\" class=\"file\" profile=\"snap.firefox.firefox\" name=\"/proc/pressure/memory\" pid=7690 comm=\"MemoryPoller\" requested_mask=\"r\" denied_mask=\"r\" fsuid=1000 ouid=0"}
2025-12-15T18:48:29+01:00	syslog.kern.notice	{"host":"rc1","ident":"kernel","message":"audit: type=1400 audit(1765820909.320:380): apparmor=\"DENIED\" operation=\"open\" class=\"file\" profile=\"snap.firefox.firefox\" name=\"/proc/pressure/memory\" pid=7690 comm=\"MemoryPoller\" requested_mask=\"r\" denied_mask=\"r\" fsuid=1000 ouid=0"}
2025-12-15T18:48:34+01:00	syslog.kern.notice	{"host":"rc1","ident":"kernel","message":"audit: type=1400 audit(1765820914.321:381): apparmor=\"DENIED\" operation=\"open\" class=\"file\" profile=\"snap.firefox.firefox\" name=\"/proc/pressure/memory\" pid=7690 comm=\"MemoryPoller\" requested_mask=\"r\" denied_mask=\"r\" fsuid=1000 ouid=0"}
2025-12-15T18:48:39+01:00	syslog.kern.notice	{"host":"rc1","ident":"kernel","message":"audit: type=1400 audit(1765820919.322:382): apparmor=\"DENIED\" operation=\"open\" class=\"file\" profile=\"snap.firefox.firefox\" name=\"/proc/pressure/memory\" pid=7690 comm=\"MemoryPoller\" requested_mask=\"r\" denied_mask=\"r\" fsuid=1000 ouid=0"}
2025-12-15T18:48:44+01:00	syslog.kern.notice	{"host":"rc1","ident":"kernel","message":"audit: type=1400 audit(1765820924.372:383): apparmor=\"DENIED\" operation=\"open\" class=\"file\" profile=\"snap.firefox.firefox\" name=\"/proc/pressure/memory\" pid=7690 comm=\"MemoryPoller\" requested_mask=\"r\" denied_mask=\"r\" fsuid=1000 ouid=0"}
2025-12-15T18:48:53+01:00	syslog.kern.notice	{"host":"rc1","ident":"kernel","message":"audit: type=1400 audit(1765820933.713:384): apparmor=\"DENIED\" operation=\"open\" class=\"file\" profile=\"snap.firefox.firefox\" name=\"/proc/pressure/memory\" pid=7690 comm=\"MemoryPoller\" requested_mask=\"r\" denied_mask=\"r\" fsuid=1000 ouid=0"}
2025-12-15T18:55:21+01:00	syslog.kern.info	{"host":"rc1","ident":"kernel","message":"wlp0s20f3: disconnect from AP c8:78:67:85:03:11 for new auth to 54:33:c6:c1:9c:31"}
2025-12-15T18:55:21+01:00	syslog.kern.info	{"host":"rc1","ident":"kernel","message":"wlp0s20f3: authenticate with 54:33:c6:c1:9c:31 (local address=ac:74:b1:87:bc:52)"}
2025-12-15T18:55:21+01:00	syslog.kern.info	{"host":"rc1","ident":"kernel","message":"wlp0s20f3: send auth to 54:33:c6:c1:9c:31 (try 1/3)"}
2025-12-15T18:55:21+01:00	syslog.kern.info	{"host":"rc1","ident":"kernel","message":"wlp0s20f3: authenticated"}
2025-12-15T18:55:21+01:00	syslog.kern.info	{"host":"rc1","ident":"kernel","message":"wlp0s20f3: associate with 54:33:c6:c1:9c:31 (try 1/3)"}
2025-12-15T18:55:21+01:00	syslog.kern.info	{"host":"rc1","ident":"kernel","message":"wlp0s20f3: RX ReassocResp from 54:33:c6:c1:9c:31 (capab=0x1011 status=0 aid=60)"}
2025-12-15T18:55:21+01:00	syslog.kern.info	{"host":"rc1","ident":"kernel","message":"wlp0s20f3: associated"}
2025-12-15T19:09:25+01:00	syslog.kern.notice	{"host":"rc1","ident":"kernel","message":"audit: type=1400 audit(1765822165.541:385): apparmor=\"DENIED\" operation=\"open\" class=\"file\" profile=\"snap.firefox.firefox\" name=\"/proc/pressure/memory\" pid=7690 comm=\"MemoryPoller\" requested_mask=\"r\" denied_mask=\"r\" fsuid=1000 ouid=0"}
2025-12-15T19:09:30+01:00	syslog.kern.notice	{"host":"rc1","ident":"kernel","message":"audit: type=1400 audit(1765822170.574:386): apparmor=\"DENIED\" operation=\"open\" class=\"file\" profile=\"snap.firefox.firefox\" name=\"/proc/pressure/memory\" pid=7690 comm=\"MemoryPoller\" requested_mask=\"r\" denied_mask=\"r\" fsuid=1000 ouid=0"}
2025-12-15T19:09:35+01:00	syslog.kern.notice	{"host":"rc1","ident":"kernel","message":"audit: type=1400 audit(1765822175.615:387): apparmor=\"DENIED\" operation=\"open\" class=\"file\" profile=\"snap.firefox.firefox\" name=\"/proc/pressure/memory\" pid=7690 comm=\"MemoryPoller\" requested_mask=\"r\" denied_mask=\"r\" fsuid=1000 ouid=0"}
2025-12-15T19:09:40+01:00	syslog.kern.notice	{"host":"rc1","ident":"kernel","message":"audit: type=1400 audit(1765822180.656:388): apparmor=\"DENIED\" operation=\"open\" class=\"file\" profile=\"snap.firefox.firefox\" name=\"/proc/pressure/memory\" pid=7690 comm=\"MemoryPoller\" requested_mask=\"r\" denied_mask=\"r\" fsuid=1000 ouid=0"}
2025-12-15T19:09:45+01:00	syslog.kern.notice	{"host":"rc1","ident":"kernel","message":"audit: type=1400 audit(1765822185.700:389): apparmor=\"DENIED\" operation=\"open\" class=\"file\" profile=\"snap.firefox.firefox\" name=\"/proc/pressure/memory\" pid=7690 comm=\"MemoryPoller\" requested_mask=\"r\" denied_mask=\"r\" fsuid=1000 ouid=0"}
2025-12-15T19:09:50+01:00	syslog.kern.notice	{"host":"rc1","ident":"kernel","message":"audit: type=1400 audit(1765822190.709:390): apparmor=\"DENIED\" operation=\"open\" class=\"file\" profile=\"snap.firefox.firefox\" name=\"/proc/pressure/memory\" pid=7690 comm=\"MemoryPoller\" requested_mask=\"r\" denied_mask=\"r\" fsuid=1000 ouid=0"}
2025-12-15T19:09:55+01:00	syslog.kern.notice	{"host":"rc1","ident":"kernel","message":"audit: type=1400 audit(1765822195.784:391): apparmor=\"DENIED\" operation=\"open\" class=\"file\" profile=\"snap.firefox.firefox\" name=\"/proc/pressure/memory\" pid=7690 comm=\"MemoryPoller\" requested_mask=\"r\" denied_mask=\"r\" fsuid=1000 ouid=0"}
2025-12-15T19:10:00+01:00	syslog.kern.notice	{"host":"rc1","ident":"kernel","message":"audit: type=1400 audit(1765822200.797:392): apparmor=\"DENIED\" operation=\"open\" class=\"file\" profile=\"snap.firefox.firefox\" name=\"/proc/pressure/memory\" pid=7690 comm=\"MemoryPoller\" requested_mask=\"r\" denied_mask=\"r\" fsuid=1000 ouid=0"}
2025-12-15T19:10:05+01:00	syslog.kern.notice	{"host":"rc1","ident":"kernel","message":"audit: type=1400 audit(1765822205.841:393): apparmor=\"DENIED\" operation=\"open\" class=\"file\" profile=\"snap.firefox.firefox\" name=\"/proc/pressure/memory\" pid=7690 comm=\"MemoryPoller\" requested_mask=\"r\" denied_mask=\"r\" fsuid=1000 ouid=0"}
2025-12-15T19:10:10+01:00	syslog.kern.notice	{"host":"rc1","ident":"kernel","message":"audit: type=1400 audit(1765822210.842:394): apparmor=\"DENIED\" operation=\"open\" class=\"file\" profile=\"snap.firefox.firefox\" name=\"/proc/pressure/memory\" pid=7690 comm=\"MemoryPoller\" requested_mask=\"r\" denied_mask=\"r\" fsuid=1000 ouid=0"}
2025-12-15T19:10:15+01:00	syslog.kern.notice	{"host":"rc1","ident":"kernel","message":"audit: type=1400 audit(1765822215.858:395): apparmor=\"DENIED\" operation=\"open\" class=\"file\" profile=\"snap.firefox.firefox\" name=\"/proc/pressure/memory\" pid=7690 comm=\"MemoryPoller\" requested_mask=\"r\" denied_mask=\"r\" fsuid=1000 ouid=0"}
2025-12-15T19:10:20+01:00	syslog.kern.notice	{"host":"rc1","ident":"kernel","message":"audit: type=1400 audit(1765822220.886:396): apparmor=\"DENIED\" operation=\"open\" class=\"file\" profile=\"snap.firefox.firefox\" name=\"/proc/pressure/memory\" pid=7690 comm=\"MemoryPoller\" requested_mask=\"r\" denied_mask=\"r\" fsuid=1000 ouid=0"}
2025-12-15T19:10:46+01:00	syslog.kern.notice	{"host":"rc1","ident":"kernel","message":"audit: type=1400 audit(1765822246.140:397): apparmor=\"DENIED\" operation=\"open\" class=\"file\" profile=\"snap.firefox.firefox\" name=\"/proc/pressure/memory\" pid=7690 comm=\"MemoryPoller\" requested_mask=\"r\" denied_mask=\"r\" fsuid=1000 ouid=0"}
2025-12-15T19:10:51+01:00	syslog.kern.notice	{"host":"rc1","ident":"kernel","message":"audit: type=1400 audit(1765822251.144:398): apparmor=\"DENIED\" operation=\"open\" class=\"file\" profile=\"snap.firefox.firefox\" name=\"/proc/pressure/memory\" pid=7690 comm=\"MemoryPoller\" requested_mask=\"r\" denied_mask=\"r\" fsuid=1000 ouid=0"}
2025-12-15T19:10:56+01:00	syslog.kern.notice	{"host":"rc1","ident":"kernel","message":"audit: type=1400 audit(1765822256.145:399): apparmor=\"DENIED\" operation=\"open\" class=\"file\" profile=\"snap.firefox.firefox\" name=\"/proc/pressure/memory\" pid=7690 comm=\"MemoryPoller\" requested_mask=\"r\" denied_mask=\"r\" fsuid=1000 ouid=0"}
2025-12-15T19:11:01+01:00	syslog.kern.notice	{"host":"rc1","ident":"kernel","message":"audit: type=1400 audit(1765822261.154:400): apparmor=\"DENIED\" operation=\"open\" class=\"file\" profile=\"snap.firefox.firefox\" name=\"/proc/pressure/memory\" pid=7690 comm=\"MemoryPoller\" requested_mask=\"r\" denied_mask=\"r\" fsuid=1000 ouid=0"}
2025-12-15T19:11:06+01:00	syslog.kern.notice	{"host":"rc1","ident":"kernel","message":"audit: type=1400 audit(1765822266.285:401): apparmor=\"DENIED\" operation=\"open\" class=\"file\" profile=\"snap.firefox.firefox\" name=\"/proc/pressure/memory\" pid=7690 comm=\"MemoryPoller\" requested_mask=\"r\" denied_mask=\"r\" fsuid=1000 ouid=0"}
2025-12-15T19:11:41+01:00	syslog.kern.notice	{"host":"rc1","ident":"kernel","message":"audit: type=1400 audit(1765822301.968:402): apparmor=\"DENIED\" operation=\"open\" class=\"file\" profile=\"snap.firefox.firefox\" name=\"/proc/pressure/memory\" pid=7690 comm=\"MemoryPoller\" requested_mask=\"r\" denied_mask=\"r\" fsuid=1000 ouid=0"}
2025-12-15T19:12:01+01:00	syslog.kern.notice	{"host":"rc1","ident":"kernel","message":"audit: type=1400 audit(1765822321.258:403): apparmor=\"DENIED\" operation=\"open\" class=\"file\" profile=\"snap.firefox.firefox\" name=\"/proc/pressure/memory\" pid=7690 comm=\"MemoryPoller\" requested_mask=\"r\" denied_mask=\"r\" fsuid=1000 ouid=0"}
2025-12-15T19:12:06+01:00	syslog.kern.notice	{"host":"rc1","ident":"kernel","message":"audit: type=1400 audit(1765822326.270:404): apparmor=\"DENIED\" operation=\"open\" class=\"file\" profile=\"snap.firefox.firefox\" name=\"/proc/pressure/memory\" pid=7690 comm=\"MemoryPoller\" requested_mask=\"r\" denied_mask=\"r\" fsuid=1000 ouid=0"}
2025-12-15T19:12:11+01:00	syslog.kern.notice	{"host":"rc1","ident":"kernel","message":"audit: type=1400 audit(1765822331.286:405): apparmor=\"DENIED\" operation=\"open\" class=\"file\" profile=\"snap.firefox.firefox\" name=\"/proc/pressure/memory\" pid=7690 comm=\"MemoryPoller\" requested_mask=\"r\" denied_mask=\"r\" fsuid=1000 ouid=0"}
2025-12-15T19:12:16+01:00	syslog.kern.notice	{"host":"rc1","ident":"kernel","message":"audit: type=1400 audit(1765822336.466:406): apparmor=\"DENIED\" operation=\"open\" class=\"file\" profile=\"snap.firefox.firefox\" name=\"/proc/pressure/memory\" pid=7690 comm=\"MemoryPoller\" requested_mask=\"r\" denied_mask=\"r\" fsuid=1000 ouid=0"}
2025-12-15T19:16:17+01:00	syslog.kern.info	{"host":"rc1","ident":"kernel","message":"wlp0s20f3: disconnect from AP 54:33:c6:c1:9c:31 for new auth to c8:78:67:85:03:11"}
2025-12-15T19:16:17+01:00	syslog.kern.info	{"host":"rc1","ident":"kernel","message":"wlp0s20f3: authenticate with c8:78:67:85:03:11 (local address=ac:74:b1:87:bc:52)"}
2025-12-15T19:16:17+01:00	syslog.kern.info	{"host":"rc1","ident":"kernel","message":"wlp0s20f3: send auth to c8:78:67:85:03:11 (try 1/3)"}
2025-12-15T19:16:17+01:00	syslog.kern.info	{"host":"rc1","ident":"kernel","message":"wlp0s20f3: authenticated"}
2025-12-15T19:16:17+01:00	syslog.kern.info	{"host":"rc1","ident":"kernel","message":"wlp0s20f3: associate with c8:78:67:85:03:11 (try 1/3)"}
2025-12-15T19:16:17+01:00	syslog.kern.info	{"host":"rc1","ident":"kernel","message":"wlp0s20f3: RX ReassocResp from c8:78:67:85:03:11 (capab=0x1011 status=0 aid=54)"}
2025-12-15T19:16:17+01:00	syslog.kern.info	{"host":"rc1","ident":"kernel","message":"wlp0s20f3: associated"}
2025-12-15T19:19:25+01:00	syslog.kern.info	{"host":"rc1","ident":"kernel","message":"wlp0s20f3: disconnect from AP c8:78:67:85:03:11 for new auth to 54:33:c6:c1:9c:31"}
2025-12-15T19:19:25+01:00	syslog.kern.info	{"host":"rc1","ident":"kernel","message":"wlp0s20f3: authenticate with 54:33:c6:c1:9c:31 (local address=ac:74:b1:87:bc:52)"}
2025-12-15T19:19:25+01:00	syslog.kern.info	{"host":"rc1","ident":"kernel","message":"wlp0s20f3: send auth to 54:33:c6:c1:9c:31 (try 1/3)"}
2025-12-15T19:19:25+01:00	syslog.kern.info	{"host":"rc1","ident":"kernel","message":"wlp0s20f3: authenticated"}
2025-12-15T19:19:25+01:00	syslog.kern.info	{"host":"rc1","ident":"kernel","message":"wlp0s20f3: associate with 54:33:c6:c1:9c:31 (try 1/3)"}
2025-12-15T19:19:25+01:00	syslog.kern.info	{"host":"rc1","ident":"kernel","message":"wlp0s20f3: RX ReassocResp from 54:33:c6:c1:9c:31 (capab=0x1011 status=0 aid=66)"}
2025-12-15T19:19:25+01:00	syslog.kern.info	{"host":"rc1","ident":"kernel","message":"wlp0s20f3: associated"}
2025-12-15T19:19:56+01:00	syslog.kern.info	{"host":"rc1","ident":"kernel","message":"wlp0s20f3: disconnect from AP 54:33:c6:c1:9c:31 for new auth to c8:78:67:85:03:11"}
2025-12-15T19:19:57+01:00	syslog.kern.info	{"host":"rc1","ident":"kernel","message":"wlp0s20f3: authenticate with c8:78:67:85:03:11 (local address=ac:74:b1:87:bc:52)"}
2025-12-15T19:19:57+01:00	syslog.kern.info	{"host":"rc1","ident":"kernel","message":"wlp0s20f3: send auth to c8:78:67:85:03:11 (try 1/3)"}
2025-12-15T19:19:57+01:00	syslog.kern.info	{"host":"rc1","ident":"kernel","message":"wlp0s20f3: authenticated"}
2025-12-15T19:19:57+01:00	syslog.kern.info	{"host":"rc1","ident":"kernel","message":"wlp0s20f3: associate with c8:78:67:85:03:11 (try 1/3)"}
2025-12-15T19:19:57+01:00	syslog.kern.info	{"host":"rc1","ident":"kernel","message":"wlp0s20f3: RX ReassocResp from c8:78:67:85:03:11 (capab=0x1011 status=0 aid=51)"}
2025-12-15T19:19:57+01:00	syslog.kern.info	{"host":"rc1","ident":"kernel","message":"wlp0s20f3: associated"}
2025-12-15T19:21:33+01:00	syslog.kern.info	{"host":"rc1","ident":"kernel","message":"wlp0s20f3: disconnect from AP c8:78:67:85:03:11 for new auth to 54:33:c6:c1:9c:31"}
2025-12-15T19:21:33+01:00	syslog.kern.info	{"host":"rc1","ident":"kernel","message":"wlp0s20f3: authenticate with 54:33:c6:c1:9c:31 (local address=ac:74:b1:87:bc:52)"}
2025-12-15T19:21:33+01:00	syslog.kern.info	{"host":"rc1","ident":"kernel","message":"wlp0s20f3: send auth to 54:33:c6:c1:9c:31 (try 1/3)"}
2025-12-15T19:21:33+01:00	syslog.kern.info	{"host":"rc1","ident":"kernel","message":"wlp0s20f3: authenticated"}
2025-12-15T19:21:33+01:00	syslog.kern.info	{"host":"rc1","ident":"kernel","message":"wlp0s20f3: associate with 54:33:c6:c1:9c:31 (try 1/3)"}
2025-12-15T19:21:33+01:00	syslog.kern.info	{"host":"rc1","ident":"kernel","message":"wlp0s20f3: RX ReassocResp from 54:33:c6:c1:9c:31 (capab=0x1011 status=0 aid=74)"}
2025-12-15T19:21:33+01:00	syslog.kern.info	{"host":"rc1","ident":"kernel","message":"wlp0s20f3: associated"}
2025-12-15T19:21:53+01:00	syslog.kern.notice	{"host":"rc1","ident":"kernel","message":"audit: type=1400 audit(1765822913.258:407): apparmor=\"DENIED\" operation=\"open\" class=\"file\" profile=\"snap.firefox.firefox\" name=\"/proc/pressure/memory\" pid=7690 comm=\"MemoryPoller\" requested_mask=\"r\" denied_mask=\"r\" fsuid=1000 ouid=0"}
2025-12-15T19:22:04+01:00	syslog.kern.info	{"host":"rc1","ident":"kernel","message":"wlp0s20f3: disconnect from AP 54:33:c6:c1:9c:31 for new auth to c8:78:67:85:03:11"}
2025-12-15T19:22:04+01:00	syslog.kern.info	{"host":"rc1","ident":"kernel","message":"wlp0s20f3: authenticate with c8:78:67:85:03:11 (local address=ac:74:b1:87:bc:52)"}
2025-12-15T19:22:04+01:00	syslog.kern.info	{"host":"rc1","ident":"kernel","message":"wlp0s20f3: send auth to c8:78:67:85:03:11 (try 1/3)"}
2025-12-15T19:22:04+01:00	syslog.kern.info	{"host":"rc1","ident":"kernel","message":"wlp0s20f3: authenticated"}
2025-12-15T19:22:04+01:00	syslog.kern.info	{"host":"rc1","ident":"kernel","message":"wlp0s20f3: associate with c8:78:67:85:03:11 (try 1/3)"}
2025-12-15T19:22:04+01:00	syslog.kern.info	{"host":"rc1","ident":"kernel","message":"wlp0s20f3: RX ReassocResp from c8:78:67:85:03:11 (capab=0x1011 status=0 aid=70)"}
2025-12-15T19:22:05+01:00	syslog.kern.info	{"host":"rc1","ident":"kernel","message":"wlp0s20f3: associated"}
2025-12-15T19:22:36+01:00	syslog.kern.info	{"host":"rc1","ident":"kernel","message":"wlp0s20f3: disconnect from AP c8:78:67:85:03:11 for new auth to 54:33:c6:c1:9c:31"}
2025-12-15T19:22:36+01:00	syslog.kern.info	{"host":"rc1","ident":"kernel","message":"wlp0s20f3: authenticate with 54:33:c6:c1:9c:31 (local address=ac:74:b1:87:bc:52)"}
2025-12-15T19:22:36+01:00	syslog.kern.info	{"host":"rc1","ident":"kernel","message":"wlp0s20f3: send auth to 54:33:c6:c1:9c:31 (try 1/3)"}
2025-12-15T19:22:36+01:00	syslog.kern.info	{"host":"rc1","ident":"kernel","message":"wlp0s20f3: authenticated"}
2025-12-15T19:22:36+01:00	syslog.kern.info	{"host":"rc1","ident":"kernel","message":"wlp0s20f3: associate with 54:33:c6:c1:9c:31 (try 1/3)"}
2025-12-15T19:22:37+01:00	syslog.kern.info	{"host":"rc1","ident":"kernel","message":"wlp0s20f3: RX ReassocResp from 54:33:c6:c1:9c:31 (capab=0x1011 status=0 aid=53)"}
2025-12-15T19:22:37+01:00	syslog.kern.info	{"host":"rc1","ident":"kernel","message":"wlp0s20f3: associated"}
2025-12-15T19:23:10+01:00	syslog.kern.info	{"host":"rc1","ident":"kernel","message":"wlp0s20f3: disconnect from AP 54:33:c6:c1:9c:31 for new auth to c8:78:67:85:03:11"}
2025-12-15T19:23:10+01:00	syslog.kern.info	{"host":"rc1","ident":"kernel","message":"wlp0s20f3: authenticate with c8:78:67:85:03:11 (local address=ac:74:b1:87:bc:52)"}
2025-12-15T19:23:10+01:00	syslog.kern.info	{"host":"rc1","ident":"kernel","message":"wlp0s20f3: send auth to c8:78:67:85:03:11 (try 1/3)"}
2025-12-15T19:23:10+01:00	syslog.kern.info	{"host":"rc1","ident":"kernel","message":"wlp0s20f3: authenticated"}
2025-12-15T19:23:10+01:00	syslog.kern.info	{"host":"rc1","ident":"kernel","message":"wlp0s20f3: associate with c8:78:67:85:03:11 (try 1/3)"}
2025-12-15T19:23:10+01:00	syslog.kern.info	{"host":"rc1","ident":"kernel","message":"wlp0s20f3: RX ReassocResp from c8:78:67:85:03:11 (capab=0x1011 status=0 aid=56)"}
2025-12-15T19:23:10+01:00	syslog.kern.info	{"host":"rc1","ident":"kernel","message":"wlp0s20f3: associated"}
2025-12-15T19:24:33+01:00	syslog.kern.info	{"host":"rc1","ident":"kernel","message":"wlp0s20f3: disconnect from AP c8:78:67:85:03:11 for new auth to 54:33:c6:c1:9c:31"}
2025-12-15T19:24:33+01:00	syslog.kern.info	{"host":"rc1","ident":"kernel","message":"wlp0s20f3: authenticate with 54:33:c6:c1:9c:31 (local address=ac:74:b1:87:bc:52)"}
2025-12-15T19:24:33+01:00	syslog.kern.info	{"host":"rc1","ident":"kernel","message":"wlp0s20f3: send auth to 54:33:c6:c1:9c:31 (try 1/3)"}
2025-12-15T19:24:33+01:00	syslog.kern.info	{"host":"rc1","ident":"kernel","message":"wlp0s20f3: authenticated"}
2025-12-15T19:24:33+01:00	syslog.kern.info	{"host":"rc1","ident":"kernel","message":"wlp0s20f3: associate with 54:33:c6:c1:9c:31 (try 1/3)"}
2025-12-15T19:24:33+01:00	syslog.kern.info	{"host":"rc1","ident":"kernel","message":"wlp0s20f3: RX ReassocResp from 54:33:c6:c1:9c:31 (capab=0x1011 status=0 aid=61)"}
2025-12-15T19:24:33+01:00	syslog.kern.info	{"host":"rc1","ident":"kernel","message":"wlp0s20f3: associated"}
2025-12-15T19:27:31+01:00	fluent.info	{"pid":23,"ppid":17,"worker":0,"message":"starting fluentd worker pid=23 ppid=17 worker=0"}
2025-12-15T19:27:31+01:00	fluent.info	{"message":"listening syslog socket on 0.0.0.0:5140 with tcp"}
2025-12-15T19:27:31+01:00	fluent.info	{"port":24224,"bind":"0.0.0.0","message":"listening port port=24224 bind=\"0.0.0.0\""}
2025-12-15T19:27:31+01:00	fluent.info	{"worker":0,"message":"fluentd worker is now running worker=0"}
2025-12-15T19:27:28+01:00	rc1	{"log":" * Starting system logging syslog-ng","container_id":"dd0d972ba2988757ed1ab556ad492c24317a65084a47bf0b2b579bcdb4933382","container_name":"/docker_rc1_1","source":"stdout"}
2025-12-15T19:27:28+01:00	rc1	{"log":"[2025-12-15T19:27:28.959196] WARNING: Configuration file format is too old, syslog-ng is running in compatibility mode. Please update it to use the syslog-ng 3.35 format at your time of convenience. To upgrade the configuration, please review the warnings about incompatible changes printed by syslog-ng, and once completed change the @version header at the top of the configuration file; config-version='3.27'","container_id":"dd0d972ba2988757ed1ab556ad492c24317a65084a47bf0b2b579bcdb4933382","container_name":"/docker_rc1_1","source":"stderr"}
2025-12-15T19:27:29+01:00	rc1	{"log":"[2025-12-15T19:27:29.004891] WARNING: The internal_queue_length stat counter has been renamed to internal_source.queued. The old name will be removed in future versions; config-version='3.27'","container_id":"dd0d972ba2988757ed1ab556ad492c24317a65084a47bf0b2b579bcdb4933382","container_name":"/docker_rc1_1","source":"stderr"}
2025-12-15T19:27:29+01:00	rc1	{"source":"stdout","log":"   ...done.","container_id":"dd0d972ba2988757ed1ab556ad492c24317a65084a47bf0b2b579bcdb4933382","container_name":"/docker_rc1_1"}
2025-12-15T19:27:29+01:00	rc1	{"container_name":"/docker_rc1_1","source":"stdout","log":" * Started watchfrr","container_id":"dd0d972ba2988757ed1ab556ad492c24317a65084a47bf0b2b579bcdb4933382"}
2025-12-15T19:27:29+01:00	rc1	{"container_name":"/docker_rc1_1","source":"stdout","log":"","container_id":"dd0d972ba2988757ed1ab556ad492c24317a65084a47bf0b2b579bcdb4933382"}
2025-12-15T19:27:29+01:00	rc1	{"container_id":"dd0d972ba2988757ed1ab556ad492c24317a65084a47bf0b2b579bcdb4933382","container_name":"/docker_rc1_1","source":"stdout","log":"Hello, this is FRRouting (version 8.1)."}
2025-12-15T19:27:29+01:00	rc1	{"log":"Copyright 1996-2005 Kunihiro Ishiguro, et al.","container_id":"dd0d972ba2988757ed1ab556ad492c24317a65084a47bf0b2b579bcdb4933382","container_name":"/docker_rc1_1","source":"stdout"}
2025-12-15T19:27:29+01:00	rc1	{"container_name":"/docker_rc1_1","source":"stdout","log":"","container_id":"dd0d972ba2988757ed1ab556ad492c24317a65084a47bf0b2b579bcdb4933382"}
2025-12-15T19:27:29+01:00	rc1	{"container_id":"dd0d972ba2988757ed1ab556ad492c24317a65084a47bf0b2b579bcdb4933382","container_name":"/docker_rc1_1","source":"stdout","log":"rc1# conf t"}
2025-12-15T19:27:29+01:00	rc1	{"log":"rc1(config)# log file /shared-volume/frr/frr3.log","container_id":"dd0d972ba2988757ed1ab556ad492c24317a65084a47bf0b2b579bcdb4933382","container_name":"/docker_rc1_1","source":"stdout"}
2025-12-15T19:27:29+01:00	rc1	{"container_id":"dd0d972ba2988757ed1ab556ad492c24317a65084a47bf0b2b579bcdb4933382","container_name":"/docker_rc1_1","source":"stdout","log":"can't open logfile /shared-volume/frr/frr3.log"}
2025-12-15T19:27:29+01:00	rc1	{"log":"rc1(config)# router ospf","container_id":"dd0d972ba2988757ed1ab556ad492c24317a65084a47bf0b2b579bcdb4933382","container_name":"/docker_rc1_1","source":"stdout"}
2025-12-15T19:27:29+01:00	rc1	{"container_id":"dd0d972ba2988757ed1ab556ad492c24317a65084a47bf0b2b579bcdb4933382","container_name":"/docker_rc1_1","source":"stdout","log":"rc1(config-router)# network 10.1.0.0/29 area 0"}
2025-12-15T19:27:29+01:00	rc1	{"container_name":"/docker_rc1_1","source":"stdout","log":"rc1(config-router)# network 10.100.0.0/24 area 0","container_id":"dd0d972ba2988757ed1ab556ad492c24317a65084a47bf0b2b579bcdb4933382"}
2025-12-15T19:27:29+01:00	rc1	{"container_id":"dd0d972ba2988757ed1ab556ad492c24317a65084a47bf0b2b579bcdb4933382","container_name":"/docker_rc1_1","source":"stdout","log":"rc1(config-router)# end"}
2025-12-15T19:27:29+01:00	rc1	{"container_name":"/docker_rc1_1","source":"stdout","log":"rc1# ","container_id":"dd0d972ba2988757ed1ab556ad492c24317a65084a47bf0b2b579bcdb4933382"}
2025-12-15T19:27:29+01:00	rc1	{"source":"stdout","log":"net.ipv4.ip_forward = 1","container_id":"dd0d972ba2988757ed1ab556ad492c24317a65084a47bf0b2b579bcdb4933382","container_name":"/docker_rc1_1"}
2025-12-15T19:27:28+01:00	server	{"container_id":"95581f21c1426b76a2cea22b99a334f6c8e432c6cdb82fb2bc210617df9ec5dd","container_name":"/docker_server_1","source":"stdout","log":"Hit:1 http://archive.ubuntu.com/ubuntu jammy InRelease"}
2025-12-15T19:27:29+01:00	server	{"log":"Get:2 http://archive.ubuntu.com/ubuntu jammy-updates InRelease [128 kB]","container_id":"95581f21c1426b76a2cea22b99a334f6c8e432c6cdb82fb2bc210617df9ec5dd","container_name":"/docker_server_1","source":"stdout"}
2025-12-15T19:27:29+01:00	server	{"container_id":"95581f21c1426b76a2cea22b99a334f6c8e432c6cdb82fb2bc210617df9ec5dd","container_name":"/docker_server_1","source":"stdout","log":"Get:3 http://archive.ubuntu.com/ubuntu jammy-backports InRelease [127 kB]"}
2025-12-15T19:27:29+01:00	server	{"source":"stdout","log":"Get:4 http://security.ubuntu.com/ubuntu jammy-security InRelease [129 kB]","container_id":"95581f21c1426b76a2cea22b99a334f6c8e432c6cdb82fb2bc210617df9ec5dd","container_name":"/docker_server_1"}
2025-12-15T19:27:29+01:00	server	{"container_name":"/docker_server_1","source":"stdout","log":"Get:5 http://archive.ubuntu.com/ubuntu jammy-updates/restricted amd64 Packages [6410 kB]","container_id":"95581f21c1426b76a2cea22b99a334f6c8e432c6cdb82fb2bc210617df9ec5dd"}
2025-12-15T19:27:30+01:00	server	{"log":"Get:6 http://security.ubuntu.com/ubuntu jammy-security/main amd64 Packages [3633 kB]","container_id":"95581f21c1426b76a2cea22b99a334f6c8e432c6cdb82fb2bc210617df9ec5dd","container_name":"/docker_server_1","source":"stdout"}
2025-12-15T19:27:30+01:00	server	{"source":"stdout","log":"Get:7 http://archive.ubuntu.com/ubuntu jammy-updates/universe amd64 Packages [1598 kB]","container_id":"95581f21c1426b76a2cea22b99a334f6c8e432c6cdb82fb2bc210617df9ec5dd","container_name":"/docker_server_1"}
2025-12-15T19:27:30+01:00	server	{"container_name":"/docker_server_1","source":"stdout","log":"Get:8 http://archive.ubuntu.com/ubuntu jammy-updates/main amd64 Packages [3964 kB]","container_id":"95581f21c1426b76a2cea22b99a334f6c8e432c6cdb82fb2bc210617df9ec5dd"}
2025-12-15T19:27:31+01:00	server	{"log":"Get:9 http://security.ubuntu.com/ubuntu jammy-security/universe amd64 Packages [1287 kB]","container_id":"95581f21c1426b76a2cea22b99a334f6c8e432c6cdb82fb2bc210617df9ec5dd","container_name":"/docker_server_1","source":"stdout"}
2025-12-15T19:27:32+01:00	server	{"container_id":"95581f21c1426b76a2cea22b99a334f6c8e432c6cdb82fb2bc210617df9ec5dd","container_name":"/docker_server_1","source":"stdout","log":"Get:10 http://security.ubuntu.com/ubuntu jammy-security/restricted amd64 Packages [6205 kB]"}
2025-12-15T19:27:32+01:00	server	{"container_id":"95581f21c1426b76a2cea22b99a334f6c8e432c6cdb82fb2bc210617df9ec5dd","container_name":"/docker_server_1","source":"stdout","log":"Fetched 23.5 MB in 4s (5834 kB/s)"}
2025-12-15T19:27:29+01:00	rc2	{"log":" * Starting system logging syslog-ng","container_id":"290c5a5dde0694d243081bc02a4390fa213a8a041a420110160506e806ef65ad","container_name":"/docker_rc2_1","source":"stdout"}
2025-12-15T19:27:29+01:00	rc2	{"source":"stderr","log":"[2025-12-15T19:27:29.051936] WARNING: Configuration file format is too old, syslog-ng is running in compatibility mode. Please update it to use the syslog-ng 3.35 format at your time of convenience. To upgrade the configuration, please review the warnings about incompatible changes printed by syslog-ng, and once completed change the @version header at the top of the configuration file; config-version='3.27'","container_id":"290c5a5dde0694d243081bc02a4390fa213a8a041a420110160506e806ef65ad","container_name":"/docker_rc2_1"}
2025-12-15T19:27:29+01:00	rc2	{"source":"stderr","log":"[2025-12-15T19:27:29.111867] WARNING: The internal_queue_length stat counter has been renamed to internal_source.queued. The old name will be removed in future versions; config-version='3.27'","container_id":"290c5a5dde0694d243081bc02a4390fa213a8a041a420110160506e806ef65ad","container_name":"/docker_rc2_1"}
2025-12-15T19:27:29+01:00	rc2	{"container_id":"290c5a5dde0694d243081bc02a4390fa213a8a041a420110160506e806ef65ad","container_name":"/docker_rc2_1","source":"stdout","log":"   ...done."}
2025-12-15T19:27:29+01:00	rc2	{"log":" * Started watchfrr","container_id":"290c5a5dde0694d243081bc02a4390fa213a8a041a420110160506e806ef65ad","container_name":"/docker_rc2_1","source":"stdout"}
2025-12-15T19:27:29+01:00	rc2	{"container_name":"/docker_rc2_1","source":"stdout","log":"","container_id":"290c5a5dde0694d243081bc02a4390fa213a8a041a420110160506e806ef65ad"}
2025-12-15T19:27:29+01:00	rc2	{"log":"Hello, this is FRRouting (version 8.1).","container_id":"290c5a5dde0694d243081bc02a4390fa213a8a041a420110160506e806ef65ad","container_name":"/docker_rc2_1","source":"stdout"}
2025-12-15T19:27:29+01:00	rc2	{"container_id":"290c5a5dde0694d243081bc02a4390fa213a8a041a420110160506e806ef65ad","container_name":"/docker_rc2_1","source":"stdout","log":"Copyright 1996-2005 Kunihiro Ishiguro, et al."}
2025-12-15T19:27:29+01:00	rc2	{"container_id":"290c5a5dde0694d243081bc02a4390fa213a8a041a420110160506e806ef65ad","container_name":"/docker_rc2_1","source":"stdout","log":""}
2025-12-15T19:27:29+01:00	rc2	{"log":"rc2# conf t","container_id":"290c5a5dde0694d243081bc02a4390fa213a8a041a420110160506e806ef65ad","container_name":"/docker_rc2_1","source":"stdout"}
2025-12-15T19:27:29+01:00	rc2	{"log":"rc2(config)# log file /shared-volume/frr/frr4.log","container_id":"290c5a5dde0694d243081bc02a4390fa213a8a041a420110160506e806ef65ad","container_name":"/docker_rc2_1","source":"stdout"}
2025-12-15T19:27:29+01:00	rc2	{"container_name":"/docker_rc2_1","source":"stdout","log":"can't open logfile /shared-volume/frr/frr4.log","container_id":"290c5a5dde0694d243081bc02a4390fa213a8a041a420110160506e806ef65ad"}
2025-12-15T19:27:29+01:00	rc2	{"source":"stdout","log":"rc2(config)# router ospf","container_id":"290c5a5dde0694d243081bc02a4390fa213a8a041a420110160506e806ef65ad","container_name":"/docker_rc2_1"}
2025-12-15T19:27:29+01:00	rc2	{"container_name":"/docker_rc2_1","source":"stdout","log":"rc2(config-router)# network 10.1.0.0/29 area 0","container_id":"290c5a5dde0694d243081bc02a4390fa213a8a041a420110160506e806ef65ad"}
2025-12-15T19:27:29+01:00	rc2	{"source":"stdout","log":"rc2(config-router)# network 10.2.0.0/29 area 0","container_id":"290c5a5dde0694d243081bc02a4390fa213a8a041a420110160506e806ef65ad","container_name":"/docker_rc2_1"}
2025-12-15T19:27:29+01:00	rc2	{"container_id":"290c5a5dde0694d243081bc02a4390fa213a8a041a420110160506e806ef65ad","container_name":"/docker_rc2_1","source":"stdout","log":"rc2(config-router)# network 10.3.0.0/29 area 0"}
2025-12-15T19:27:29+01:00	rc2	{"container_name":"/docker_rc2_1","source":"stdout","log":"rc2(config-router)# end","container_id":"290c5a5dde0694d243081bc02a4390fa213a8a041a420110160506e806ef65ad"}
2025-12-15T19:27:29+01:00	rc2	{"container_name":"/docker_rc2_1","source":"stdout","log":"rc2# ","container_id":"290c5a5dde0694d243081bc02a4390fa213a8a041a420110160506e806ef65ad"}
2025-12-15T19:27:29+01:00	rc2	{"log":"net.ipv4.ip_forward = 1","container_id":"290c5a5dde0694d243081bc02a4390fa213a8a041a420110160506e806ef65ad","container_name":"/docker_rc2_1","source":"stdout"}
2025-12-15T19:27:29+01:00	rb	{"source":"stdout","log":" * Starting system logging syslog-ng","container_id":"c2f6ce28a2752cbfae72096382d376a0570220baf1b6920affd948450eff5dbe","container_name":"/docker_rb_1"}
2025-12-15T19:27:29+01:00	rb	{"container_name":"/docker_rb_1","source":"stderr","log":"[2025-12-15T19:27:29.077622] WARNING: Configuration file format is too old, syslog-ng is running in compatibility mode. Please update it to use the syslog-ng 3.35 format at your time of convenience. To upgrade the configuration, please review the warnings about incompatible changes printed by syslog-ng, and once completed change the @version header at the top of the configuration file; config-version='3.27'","container_id":"c2f6ce28a2752cbfae72096382d376a0570220baf1b6920affd948450eff5dbe"}
2025-12-15T19:27:29+01:00	rb	{"container_name":"/docker_rb_1","source":"stderr","log":"[2025-12-15T19:27:29.179130] WARNING: The internal_queue_length stat counter has been renamed to internal_source.queued. The old name will be removed in future versions; config-version='3.27'","container_id":"c2f6ce28a2752cbfae72096382d376a0570220baf1b6920affd948450eff5dbe"}
2025-12-15T19:27:29+01:00	rb	{"container_id":"c2f6ce28a2752cbfae72096382d376a0570220baf1b6920affd948450eff5dbe","container_name":"/docker_rb_1","source":"stdout","log":"   ...done."}
2025-12-15T19:27:29+01:00	rb	{"source":"stdout","log":" * Started watchfrr","container_id":"c2f6ce28a2752cbfae72096382d376a0570220baf1b6920affd948450eff5dbe","container_name":"/docker_rb_1"}
2025-12-15T19:27:29+01:00	rb	{"container_id":"c2f6ce28a2752cbfae72096382d376a0570220baf1b6920affd948450eff5dbe","container_name":"/docker_rb_1","source":"stdout","log":""}
2025-12-15T19:27:29+01:00	rb	{"container_id":"c2f6ce28a2752cbfae72096382d376a0570220baf1b6920affd948450eff5dbe","container_name":"/docker_rb_1","source":"stdout","log":"Hello, this is FRRouting (version 8.1)."}
2025-12-15T19:27:29+01:00	rb	{"container_id":"c2f6ce28a2752cbfae72096382d376a0570220baf1b6920affd948450eff5dbe","container_name":"/docker_rb_1","source":"stdout","log":"Copyright 1996-2005 Kunihiro Ishiguro, et al."}
2025-12-15T19:27:29+01:00	rb	{"container_id":"c2f6ce28a2752cbfae72096382d376a0570220baf1b6920affd948450eff5dbe","container_name":"/docker_rb_1","source":"stdout","log":""}
2025-12-15T19:27:29+01:00	rb	{"container_id":"c2f6ce28a2752cbfae72096382d376a0570220baf1b6920affd948450eff5dbe","container_name":"/docker_rb_1","source":"stdout","log":"rb# conf t"}
2025-12-15T19:27:29+01:00	rb	{"container_name":"/docker_rb_1","source":"stdout","log":"rb(config)# log file /shared-volume/frr/frr2.log","container_id":"c2f6ce28a2752cbfae72096382d376a0570220baf1b6920affd948450eff5dbe"}
2025-12-15T19:27:29+01:00	rb	{"container_id":"c2f6ce28a2752cbfae72096382d376a0570220baf1b6920affd948450eff5dbe","container_name":"/docker_rb_1","source":"stdout","log":"can't open logfile /shared-volume/frr/frr2.log"}
2025-12-15T19:27:29+01:00	rb	{"source":"stdout","log":"rb(config)# router ospf","container_id":"c2f6ce28a2752cbfae72096382d376a0570220baf1b6920affd948450eff5dbe","container_name":"/docker_rb_1"}
2025-12-15T19:27:29+01:00	rb	{"container_id":"c2f6ce28a2752cbfae72096382d376a0570220baf1b6920affd948450eff5dbe","container_name":"/docker_rb_1","source":"stdout","log":"rb(config-router)# network 10.3.0.0/29 area 0"}
2025-12-15T19:27:29+01:00	rb	{"container_id":"c2f6ce28a2752cbfae72096382d376a0570220baf1b6920affd948450eff5dbe","container_name":"/docker_rb_1","source":"stdout","log":"rb(config-router)# network 10.0.3.0/24 area 0"}
2025-12-15T19:27:29+01:00	rb	{"source":"stdout","log":"rb(config-router)# network 10.0.4.0/24 area 0","container_id":"c2f6ce28a2752cbfae72096382d376a0570220baf1b6920affd948450eff5dbe","container_name":"/docker_rb_1"}
2025-12-15T19:27:29+01:00	rb	{"container_name":"/docker_rb_1","source":"stdout","log":"rb(config-router)# end","container_id":"c2f6ce28a2752cbfae72096382d376a0570220baf1b6920affd948450eff5dbe"}
2025-12-15T19:27:29+01:00	rb	{"container_id":"c2f6ce28a2752cbfae72096382d376a0570220baf1b6920affd948450eff5dbe","container_name":"/docker_rb_1","source":"stdout","log":"rb# "}
2025-12-15T19:27:29+01:00	rb	{"container_id":"c2f6ce28a2752cbfae72096382d376a0570220baf1b6920affd948450eff5dbe","container_name":"/docker_rb_1","source":"stdout","log":"net.ipv4.ip_forward = 1"}
2025-12-15T19:27:29+01:00	ra	{"container_id":"32d8089da1f9b1514c6a35cffe836fdbe63b615ffb9ae1fd1bf797d3c6358263","container_name":"/docker_ra_1","source":"stdout","log":" * Starting system logging syslog-ng"}
2025-12-15T19:27:29+01:00	ra	{"log":"[2025-12-15T19:27:29.104945] WARNING: Configuration file format is too old, syslog-ng is running in compatibility mode. Please update it to use the syslog-ng 3.35 format at your time of convenience. To upgrade the configuration, please review the warnings about incompatible changes printed by syslog-ng, and once completed change the @version header at the top of the configuration file; config-version='3.27'","container_id":"32d8089da1f9b1514c6a35cffe836fdbe63b615ffb9ae1fd1bf797d3c6358263","container_name":"/docker_ra_1","source":"stderr"}
2025-12-15T19:27:29+01:00	ra	{"source":"stderr","log":"[2025-12-15T19:27:29.194268] WARNING: The internal_queue_length stat counter has been renamed to internal_source.queued. The old name will be removed in future versions; config-version='3.27'","container_id":"32d8089da1f9b1514c6a35cffe836fdbe63b615ffb9ae1fd1bf797d3c6358263","container_name":"/docker_ra_1"}
2025-12-15T19:27:29+01:00	ra	{"container_id":"32d8089da1f9b1514c6a35cffe836fdbe63b615ffb9ae1fd1bf797d3c6358263","container_name":"/docker_ra_1","source":"stdout","log":"   ...done."}
2025-12-15T19:27:29+01:00	ra	{"source":"stdout","log":" * Started watchfrr","container_id":"32d8089da1f9b1514c6a35cffe836fdbe63b615ffb9ae1fd1bf797d3c6358263","container_name":"/docker_ra_1"}
2025-12-15T19:27:29+01:00	ra	{"container_id":"32d8089da1f9b1514c6a35cffe836fdbe63b615ffb9ae1fd1bf797d3c6358263","container_name":"/docker_ra_1","source":"stdout","log":""}
2025-12-15T19:27:29+01:00	ra	{"source":"stdout","log":"Hello, this is FRRouting (version 8.1).","container_id":"32d8089da1f9b1514c6a35cffe836fdbe63b615ffb9ae1fd1bf797d3c6358263","container_name":"/docker_ra_1"}
2025-12-15T19:27:29+01:00	ra	{"container_name":"/docker_ra_1","source":"stdout","log":"Copyright 1996-2005 Kunihiro Ishiguro, et al.","container_id":"32d8089da1f9b1514c6a35cffe836fdbe63b615ffb9ae1fd1bf797d3c6358263"}
2025-12-15T19:27:29+01:00	ra	{"container_id":"32d8089da1f9b1514c6a35cffe836fdbe63b615ffb9ae1fd1bf797d3c6358263","container_name":"/docker_ra_1","source":"stdout","log":""}
2025-12-15T19:27:29+01:00	ra	{"container_id":"32d8089da1f9b1514c6a35cffe836fdbe63b615ffb9ae1fd1bf797d3c6358263","container_name":"/docker_ra_1","source":"stdout","log":"ra# conf t"}
2025-12-15T19:27:29+01:00	ra	{"container_name":"/docker_ra_1","source":"stdout","log":"ra(config)# log file /shared-volume/frr/frr1.log","container_id":"32d8089da1f9b1514c6a35cffe836fdbe63b615ffb9ae1fd1bf797d3c6358263"}
2025-12-15T19:27:29+01:00	ra	{"container_id":"32d8089da1f9b1514c6a35cffe836fdbe63b615ffb9ae1fd1bf797d3c6358263","container_name":"/docker_ra_1","source":"stdout","log":"can't open logfile /shared-volume/frr/frr1.log"}
2025-12-15T19:27:29+01:00	ra	{"source":"stdout","log":"ra(config)# router ospf","container_id":"32d8089da1f9b1514c6a35cffe836fdbe63b615ffb9ae1fd1bf797d3c6358263","container_name":"/docker_ra_1"}
2025-12-15T19:27:29+01:00	ra	{"container_id":"32d8089da1f9b1514c6a35cffe836fdbe63b615ffb9ae1fd1bf797d3c6358263","container_name":"/docker_ra_1","source":"stdout","log":"ra(config-router)# network 10.2.0.0/29 area 0"}
2025-12-15T19:27:29+01:00	ra	{"container_id":"32d8089da1f9b1514c6a35cffe836fdbe63b615ffb9ae1fd1bf797d3c6358263","container_name":"/docker_ra_1","source":"stdout","log":"ra(config-router)# network 10.0.1.0/24 area 0"}
2025-12-15T19:27:29+01:00	ra	{"source":"stdout","log":"ra(config-router)# network 10.0.2.0/24 area 0","container_id":"32d8089da1f9b1514c6a35cffe836fdbe63b615ffb9ae1fd1bf797d3c6358263","container_name":"/docker_ra_1"}
2025-12-15T19:27:29+01:00	ra	{"source":"stdout","log":"ra(config-router)# end","container_id":"32d8089da1f9b1514c6a35cffe836fdbe63b615ffb9ae1fd1bf797d3c6358263","container_name":"/docker_ra_1"}
2025-12-15T19:27:29+01:00	ra	{"log":"ra# ","container_id":"32d8089da1f9b1514c6a35cffe836fdbe63b615ffb9ae1fd1bf797d3c6358263","container_name":"/docker_ra_1","source":"stdout"}
2025-12-15T19:27:29+01:00	ra	{"source":"stdout","log":"net.ipv4.ip_forward = 1","container_id":"32d8089da1f9b1514c6a35cffe836fdbe63b615ffb9ae1fd1bf797d3c6358263","container_name":"/docker_ra_1"}
2025-12-15T19:27:33+01:00	server	{"container_id":"95581f21c1426b76a2cea22b99a334f6c8e432c6cdb82fb2bc210617df9ec5dd","container_name":"/docker_server_1","source":"stdout","log":"Reading package lists..."}
2025-12-15T19:27:34+01:00	server	{"container_id":"95581f21c1426b76a2cea22b99a334f6c8e432c6cdb82fb2bc210617df9ec5dd","container_name":"/docker_server_1","source":"stdout","log":"Reading package lists..."}
2025-12-15T19:27:34+01:00	server	{"container_id":"95581f21c1426b76a2cea22b99a334f6c8e432c6cdb82fb2bc210617df9ec5dd","container_name":"/docker_server_1","source":"stdout","log":"Building dependency tree..."}
2025-12-15T19:27:34+01:00	server	{"container_id":"95581f21c1426b76a2cea22b99a334f6c8e432c6cdb82fb2bc210617df9ec5dd","container_name":"/docker_server_1","source":"stdout","log":"Reading state information..."}
2025-12-15T19:27:34+01:00	server	{"log":"E: Unable to locate package linux-headers-6.14.0-37-generic","container_id":"95581f21c1426b76a2cea22b99a334f6c8e432c6cdb82fb2bc210617df9ec5dd","container_name":"/docker_server_1","source":"stderr"}
2025-12-15T19:27:34+01:00	server	{"log":"E: Couldn't find any package by glob 'linux-headers-6.14.0-37-generic'","container_id":"95581f21c1426b76a2cea22b99a334f6c8e432c6cdb82fb2bc210617df9ec5dd","container_name":"/docker_server_1","source":"stderr"}
2025-12-15T19:27:34+01:00	server	{"container_name":"/docker_server_1","source":"stderr","log":"E: Couldn't find any package by regex 'linux-headers-6.14.0-37-generic'","container_id":"95581f21c1426b76a2cea22b99a334f6c8e432c6cdb82fb2bc210617df9ec5dd"}
2025-12-15T19:27:34+01:00	server	{"log":"RTNETLINK answers: File exists","container_id":"95581f21c1426b76a2cea22b99a334f6c8e432c6cdb82fb2bc210617df9ec5dd","container_name":"/docker_server_1","source":"stderr"}
2025-12-15T19:27:34+01:00	server	{"source":"stdout","log":"","container_id":"95581f21c1426b76a2cea22b99a334f6c8e432c6cdb82fb2bc210617df9ec5dd","container_name":"/docker_server_1"}
2025-12-15T19:27:34+01:00	server	{"container_id":"95581f21c1426b76a2cea22b99a334f6c8e432c6cdb82fb2bc210617df9ec5dd","container_name":"/docker_server_1","source":"stdout","log":"> my-test-server@1.0.0 start"}
2025-12-15T19:27:34+01:00	server	{"container_id":"95581f21c1426b76a2cea22b99a334f6c8e432c6cdb82fb2bc210617df9ec5dd","container_name":"/docker_server_1","source":"stdout","log":"> node server.js"}
2025-12-15T19:27:34+01:00	server	{"container_name":"/docker_server_1","source":"stdout","log":"","container_id":"95581f21c1426b76a2cea22b99a334f6c8e432c6cdb82fb2bc210617df9ec5dd"}
2025-12-15T19:27:34+01:00	server	{"container_id":"95581f21c1426b76a2cea22b99a334f6c8e432c6cdb82fb2bc210617df9ec5dd","container_name":"/docker_server_1","source":"stdout","log":"Server is listening at http://localhost:3000"}
2025-12-15T19:27:29+01:00	syslog.syslog.notice	{"host":"rc1","ident":"syslog-ng","pid":"17","message":"syslog-ng starting up; version='3.35.1'"}
2025-12-15T19:27:29+01:00	syslog.syslog.err	{"host":"rc1","ident":"syslog-ng","pid":"17","message":"Syslog connection failed; fd='15', server='AF_INET(10.100.0.3:5140)', error='Connection refused (111)', time_reopen='60'"}
2025-12-15T19:27:29+01:00	syslog.kern.info	{"host":"rc1","ident":"kernel","message":"eth2: renamed from vethe3a4198"}
2025-12-15T19:27:29+01:00	syslog.kern.info	{"host":"rc1","ident":"kernel","message":"br-fa5b02224dc6: port 2(vethd863089) entered blocking state"}
2025-12-15T19:27:29+01:00	syslog.kern.info	{"host":"rc1","ident":"kernel","message":"br-fa5b02224dc6: port 2(vethd863089) entered disabled state"}
2025-12-15T19:27:29+01:00	syslog.kern.info	{"host":"rc1","ident":"kernel","message":"vethd863089: entered allmulticast mode"}
2025-12-15T19:27:29+01:00	syslog.kern.info	{"host":"rc1","ident":"kernel","message":"vethd863089: entered promiscuous mode"}
2025-12-15T19:27:29+01:00	syslog.daemon.notice	{"host":"rc1","ident":"watchfrr","pid":"37","message":"[T83RR-8SM5G] watchfrr 8.1 starting: vty@0"}
2025-12-15T19:27:29+01:00	syslog.daemon.info	{"host":"rc1","ident":"watchfrr","pid":"37","message":"[ZCJ3S-SPH5S] zebra state -> down : initial connection attempt failed"}
2025-12-15T19:27:29+01:00	syslog.daemon.info	{"host":"rc1","ident":"watchfrr","pid":"37","message":"[ZCJ3S-SPH5S] bgpd state -> down : initial connection attempt failed"}
2025-12-15T19:27:29+01:00	syslog.daemon.info	{"host":"rc1","ident":"watchfrr","pid":"37","message":"[ZCJ3S-SPH5S] ospfd state -> down : initial connection attempt failed"}
2025-12-15T19:27:29+01:00	syslog.daemon.info	{"host":"rc1","ident":"watchfrr","pid":"37","message":"[ZCJ3S-SPH5S] staticd state -> down : initial connection attempt failed"}
2025-12-15T19:27:29+01:00	syslog.daemon.info	{"host":"rc1","ident":"watchfrr","pid":"37","message":"[YFT0P-5Q5YX] Forked background command [pid 42]: /usr/lib/frr/watchfrr.sh restart all"}
2025-12-15T19:27:29+01:00	syslog.kern.info	{"host":"rc1","ident":"kernel","message":"br-32aeecbb9b6b: port 2(vethf6d8b10) entered blocking state"}
2025-12-15T19:27:29+01:00	syslog.kern.info	{"host":"rc1","ident":"kernel","message":"br-32aeecbb9b6b: port 2(vethf6d8b10) entered forwarding state"}
2025-12-15T19:27:29+01:00	syslog.daemon.err	{"host":"rc1","ident":"watchfrr.sh","pid":"56","message":"Cannot stop bgpd: pid file not found"}
2025-12-15T19:27:29+01:00	syslog.daemon.err	{"host":"rc1","ident":"watchfrr.sh","pid":"52","message":"Cannot stop staticd: pid file not found"}
2025-12-15T19:27:29+01:00	syslog.daemon.err	{"host":"rc1","ident":"watchfrr.sh","pid":"54","message":"Cannot stop ospfd: pid file not found"}
2025-12-15T19:27:29+01:00	syslog.daemon.err	{"host":"rc1","ident":"watchfrr.sh","pid":"58","message":"Cannot stop zebra: pid file not found"}
2025-12-15T19:27:29+01:00	syslog.kern.info	{"host":"rc1","ident":"kernel","message":"eth2: renamed from veth3c20033"}
2025-12-15T19:27:29+01:00	syslog.kern.info	{"host":"rc1","ident":"kernel","message":"br-fa5b02224dc6: port 2(vethd863089) entered blocking state"}
2025-12-15T19:27:29+01:00	syslog.kern.info	{"host":"rc1","ident":"kernel","message":"br-fa5b02224dc6: port 2(vethd863089) entered forwarding state"}
2025-12-15T19:27:29+01:00	syslog.daemon.info	{"host":"rc1","ident":"zebra","pid":"60","message":"[VTVCM-Y2NW3] Configuration Read in Took: 00:00:00"}
2025-12-15T19:27:29+01:00	syslog.daemon.info	{"host":"rc1","ident":"ospfd","pid":"72","message":"[VTVCM-Y2NW3] Configuration Read in Took: 00:00:00"}
2025-12-15T19:27:29+01:00	syslog.daemon.info	{"host":"rc1","ident":"staticd","pid":"75","message":"[VTVCM-Y2NW3] Configuration Read in Took: 00:00:00"}
2025-12-15T19:27:29+01:00	syslog.daemon.info	{"host":"rc1","ident":"bgpd","pid":"65","message":"[VTVCM-Y2NW3] Configuration Read in Took: 00:00:00"}
2025-12-15T19:27:29+01:00	syslog.daemon.notice	{"host":"rc1","ident":"watchfrr","pid":"37","message":"[QDG3Y-BY5TN] zebra state -> up : connect succeeded"}
2025-12-15T19:27:29+01:00	syslog.daemon.notice	{"host":"rc1","ident":"watchfrr","pid":"37","message":"[QDG3Y-BY5TN] bgpd state -> up : connect succeeded"}
2025-12-15T19:27:29+01:00	syslog.daemon.notice	{"host":"rc1","ident":"watchfrr","pid":"37","message":"[QDG3Y-BY5TN] ospfd state -> up : connect succeeded"}
2025-12-15T19:27:29+01:00	syslog.daemon.notice	{"host":"rc1","ident":"watchfrr","pid":"37","message":"[QDG3Y-BY5TN] staticd state -> up : connect succeeded"}
2025-12-15T19:27:29+01:00	syslog.daemon.notice	{"host":"rc1","ident":"watchfrr","pid":"37","message":"[KWE5Q-QNGFC] all daemons up, doing startup-complete notify"}
2025-12-15T19:27:29+01:00	syslog.kern.info	{"host":"rc1","ident":"kernel","message":"br-e0fe8e1cc478: port 2(veth6abcc47) entered blocking state"}
2025-12-15T19:27:29+01:00	syslog.kern.info	{"host":"rc1","ident":"kernel","message":"br-e0fe8e1cc478: port 2(veth6abcc47) entered disabled state"}
2025-12-15T19:27:29+01:00	syslog.kern.info	{"host":"rc1","ident":"kernel","message":"veth6abcc47: entered allmulticast mode"}
2025-12-15T19:27:29+01:00	syslog.kern.info	{"host":"rc1","ident":"kernel","message":"veth6abcc47: entered promiscuous mode"}
2025-12-15T19:27:29+01:00	syslog.kern.info	{"host":"rc1","ident":"kernel","message":"eth0: renamed from veth29e7007"}
2025-12-15T19:27:29+01:00	syslog.kern.info	{"host":"rc1","ident":"kernel","message":"br-e0fe8e1cc478: port 2(veth6abcc47) entered blocking state"}
2025-12-15T19:27:29+01:00	syslog.kern.info	{"host":"rc1","ident":"kernel","message":"br-e0fe8e1cc478: port 2(veth6abcc47) entered forwarding state"}
2025-12-15T19:27:29+01:00	syslog.kern.info	{"host":"rc1","ident":"kernel","message":"br-63884c7bad7d: port 2(veth1e49401) entered blocking state"}
2025-12-15T19:27:29+01:00	syslog.kern.info	{"host":"rc1","ident":"kernel","message":"br-63884c7bad7d: port 2(veth1e49401) entered disabled state"}
2025-12-15T19:27:29+01:00	syslog.kern.info	{"host":"rc1","ident":"kernel","message":"veth1e49401: entered allmulticast mode"}
2025-12-15T19:27:29+01:00	syslog.kern.info	{"host":"rc1","ident":"kernel","message":"veth1e49401: entered promiscuous mode"}
2025-12-15T19:27:29+01:00	syslog.kern.info	{"host":"rc1","ident":"kernel","message":"br-071dc13178da: port 2(vethd7d1f02) entered blocking state"}
2025-12-15T19:27:29+01:00	syslog.kern.info	{"host":"rc1","ident":"kernel","message":"br-071dc13178da: port 2(vethd7d1f02) entered disabled state"}
2025-12-15T19:27:29+01:00	syslog.kern.info	{"host":"rc1","ident":"kernel","message":"vethd7d1f02: entered allmulticast mode"}
2025-12-15T19:27:29+01:00	syslog.kern.info	{"host":"rc1","ident":"kernel","message":"vethd7d1f02: entered promiscuous mode"}
2025-12-15T19:27:29+01:00	syslog.kern.info	{"host":"rc1","ident":"kernel","message":"br-318a9d8b869d: port 2(vethcc6c596) entered blocking state"}
2025-12-15T19:27:29+01:00	syslog.kern.info	{"host":"rc1","ident":"kernel","message":"br-318a9d8b869d: port 2(vethcc6c596) entered disabled state"}
2025-12-15T19:27:29+01:00	syslog.kern.info	{"host":"rc1","ident":"kernel","message":"vethcc6c596: entered allmulticast mode"}
2025-12-15T19:27:29+01:00	syslog.kern.info	{"host":"rc1","ident":"kernel","message":"vethcc6c596: entered promiscuous mode"}
2025-12-15T19:27:29+01:00	syslog.kern.info	{"host":"rc1","ident":"kernel","message":"eth0: renamed from veth60c2864"}
2025-12-15T19:27:29+01:00	syslog.kern.info	{"host":"rc1","ident":"kernel","message":"br-63884c7bad7d: port 2(veth1e49401) entered blocking state"}
2025-12-15T19:27:29+01:00	syslog.kern.info	{"host":"rc1","ident":"kernel","message":"br-63884c7bad7d: port 2(veth1e49401) entered forwarding state"}
2025-12-15T19:27:29+01:00	syslog.kern.info	{"host":"rc1","ident":"kernel","message":"eth0: renamed from veth27286fe"}
2025-12-15T19:27:29+01:00	syslog.kern.info	{"host":"rc1","ident":"kernel","message":"br-071dc13178da: port 2(vethd7d1f02) entered blocking state"}
2025-12-15T19:27:29+01:00	syslog.kern.info	{"host":"rc1","ident":"kernel","message":"br-071dc13178da: port 2(vethd7d1f02) entered forwarding state"}
2025-12-15T19:27:29+01:00	syslog.kern.info	{"host":"rc1","ident":"kernel","message":"eth0: renamed from vetha6e8141"}
2025-12-15T19:27:29+01:00	syslog.kern.info	{"host":"rc1","ident":"kernel","message":"br-318a9d8b869d: port 2(vethcc6c596) entered blocking state"}
2025-12-15T19:27:29+01:00	syslog.kern.info	{"host":"rc1","ident":"kernel","message":"br-318a9d8b869d: port 2(vethcc6c596) entered forwarding state"}
2025-12-15T19:28:14+01:00	syslog.daemon.info	{"host":"rc1","ident":"ospfd","pid":"72","message":"[S5PCG-77H23] Packet[DD]: Neighbor 10.3.0.3 Negotiation done (Master)."}
2025-12-15T19:28:29+01:00	syslog.syslog.notice	{"host":"rc1","ident":"syslog-ng","pid":"17","message":"Syslog connection established; fd='5', server='AF_INET(10.100.0.3:5140)', local='AF_INET(0.0.0.0:0)'"}
2025-12-15T19:31:35+01:00	fluent.info	{"pid":23,"ppid":17,"worker":0,"message":"starting fluentd worker pid=23 ppid=17 worker=0"}
2025-12-15T19:31:35+01:00	fluent.info	{"message":"listening syslog socket on 0.0.0.0:5140 with tcp"}
2025-12-15T19:31:35+01:00	fluent.info	{"port":24224,"bind":"0.0.0.0","message":"listening port port=24224 bind=\"0.0.0.0\""}
2025-12-15T19:31:35+01:00	fluent.info	{"worker":0,"message":"fluentd worker is now running worker=0"}
2025-12-15T19:31:32+01:00	rc1	{"container_name":"/docker_rc1_1","source":"stdout","log":" * Starting system logging syslog-ng","container_id":"6213a731d8a0c675bae51f61f83486f808b2df76770244919ef9b7988738ccfd"}
2025-12-15T19:31:32+01:00	rc1	{"source":"stderr","log":"[2025-12-15T19:31:32.807107] WARNING: Configuration file format is too old, syslog-ng is running in compatibility mode. Please update it to use the syslog-ng 3.35 format at your time of convenience. To upgrade the configuration, please review the warnings about incompatible changes printed by syslog-ng, and once completed change the @version header at the top of the configuration file; config-version='3.27'","container_id":"6213a731d8a0c675bae51f61f83486f808b2df76770244919ef9b7988738ccfd","container_name":"/docker_rc1_1"}
2025-12-15T19:31:32+01:00	rc1	{"container_id":"6213a731d8a0c675bae51f61f83486f808b2df76770244919ef9b7988738ccfd","container_name":"/docker_rc1_1","source":"stderr","log":"[2025-12-15T19:31:32.840839] WARNING: The internal_queue_length stat counter has been renamed to internal_source.queued. The old name will be removed in future versions; config-version='3.27'"}
2025-12-15T19:31:32+01:00	rc1	{"container_id":"6213a731d8a0c675bae51f61f83486f808b2df76770244919ef9b7988738ccfd","container_name":"/docker_rc1_1","source":"stdout","log":"   ...done."}
2025-12-15T19:31:33+01:00	rc1	{"log":" * Started watchfrr","container_id":"6213a731d8a0c675bae51f61f83486f808b2df76770244919ef9b7988738ccfd","container_name":"/docker_rc1_1","source":"stdout"}
2025-12-15T19:31:33+01:00	rc1	{"container_id":"6213a731d8a0c675bae51f61f83486f808b2df76770244919ef9b7988738ccfd","container_name":"/docker_rc1_1","source":"stdout","log":""}
2025-12-15T19:31:33+01:00	rc1	{"container_id":"6213a731d8a0c675bae51f61f83486f808b2df76770244919ef9b7988738ccfd","container_name":"/docker_rc1_1","source":"stdout","log":"Hello, this is FRRouting (version 8.1)."}
2025-12-15T19:31:33+01:00	rc1	{"container_id":"6213a731d8a0c675bae51f61f83486f808b2df76770244919ef9b7988738ccfd","container_name":"/docker_rc1_1","source":"stdout","log":"Copyright 1996-2005 Kunihiro Ishiguro, et al."}
2025-12-15T19:31:33+01:00	rc1	{"container_id":"6213a731d8a0c675bae51f61f83486f808b2df76770244919ef9b7988738ccfd","container_name":"/docker_rc1_1","source":"stdout","log":""}
2025-12-15T19:31:33+01:00	rc1	{"log":"rc1# conf t","container_id":"6213a731d8a0c675bae51f61f83486f808b2df76770244919ef9b7988738ccfd","container_name":"/docker_rc1_1","source":"stdout"}
2025-12-15T19:31:33+01:00	rc1	{"log":"rc1(config)# log file /shared-volume/frr/frr3.log","container_id":"6213a731d8a0c675bae51f61f83486f808b2df76770244919ef9b7988738ccfd","container_name":"/docker_rc1_1","source":"stdout"}
2025-12-15T19:31:33+01:00	rc1	{"source":"stdout","log":"can't open logfile /shared-volume/frr/frr3.log","container_id":"6213a731d8a0c675bae51f61f83486f808b2df76770244919ef9b7988738ccfd","container_name":"/docker_rc1_1"}
2025-12-15T19:31:33+01:00	rc1	{"container_name":"/docker_rc1_1","source":"stdout","log":"rc1(config)# router ospf","container_id":"6213a731d8a0c675bae51f61f83486f808b2df76770244919ef9b7988738ccfd"}
2025-12-15T19:31:33+01:00	rc1	{"container_id":"6213a731d8a0c675bae51f61f83486f808b2df76770244919ef9b7988738ccfd","container_name":"/docker_rc1_1","source":"stdout","log":"rc1(config-router)# network 10.1.0.0/29 area 0"}
2025-12-15T19:31:33+01:00	rc1	{"log":"rc1(config-router)# network 10.100.0.0/24 area 0","container_id":"6213a731d8a0c675bae51f61f83486f808b2df76770244919ef9b7988738ccfd","container_name":"/docker_rc1_1","source":"stdout"}
2025-12-15T19:31:33+01:00	rc1	{"container_id":"6213a731d8a0c675bae51f61f83486f808b2df76770244919ef9b7988738ccfd","container_name":"/docker_rc1_1","source":"stdout","log":"rc1(config-router)# end"}
2025-12-15T19:31:33+01:00	rc1	{"container_id":"6213a731d8a0c675bae51f61f83486f808b2df76770244919ef9b7988738ccfd","container_name":"/docker_rc1_1","source":"stdout","log":"rc1# "}
2025-12-15T19:31:32+01:00	rb	{"container_id":"d153c15563a891e562ee5cdd0a24abf36a54bd4d361c578946afe41c743493e7","container_name":"/docker_rb_1","source":"stdout","log":" * Starting system logging syslog-ng"}
2025-12-15T19:31:32+01:00	rb	{"container_name":"/docker_rb_1","source":"stderr","log":"[2025-12-15T19:31:32.874905] WARNING: Configuration file format is too old, syslog-ng is running in compatibility mode. Please update it to use the syslog-ng 3.35 format at your time of convenience. To upgrade the configuration, please review the warnings about incompatible changes printed by syslog-ng, and once completed change the @version header at the top of the configuration file; config-version='3.27'","container_id":"d153c15563a891e562ee5cdd0a24abf36a54bd4d361c578946afe41c743493e7"}
2025-12-15T19:31:32+01:00	rb	{"log":"[2025-12-15T19:31:32.953871] WARNING: The internal_queue_length stat counter has been renamed to internal_source.queued. The old name will be removed in future versions; config-version='3.27'","container_id":"d153c15563a891e562ee5cdd0a24abf36a54bd4d361c578946afe41c743493e7","container_name":"/docker_rb_1","source":"stderr"}
2025-12-15T19:31:32+01:00	rb	{"log":"   ...done.","container_id":"d153c15563a891e562ee5cdd0a24abf36a54bd4d361c578946afe41c743493e7","container_name":"/docker_rb_1","source":"stdout"}
2025-12-15T19:31:33+01:00	rb	{"log":" * Started watchfrr","container_id":"d153c15563a891e562ee5cdd0a24abf36a54bd4d361c578946afe41c743493e7","container_name":"/docker_rb_1","source":"stdout"}
2025-12-15T19:31:33+01:00	rb	{"container_id":"d153c15563a891e562ee5cdd0a24abf36a54bd4d361c578946afe41c743493e7","container_name":"/docker_rb_1","source":"stdout","log":""}
2025-12-15T19:31:33+01:00	rb	{"container_id":"d153c15563a891e562ee5cdd0a24abf36a54bd4d361c578946afe41c743493e7","container_name":"/docker_rb_1","source":"stdout","log":"Hello, this is FRRouting (version 8.1)."}
2025-12-15T19:31:33+01:00	rb	{"container_id":"d153c15563a891e562ee5cdd0a24abf36a54bd4d361c578946afe41c743493e7","container_name":"/docker_rb_1","source":"stdout","log":"Copyright 1996-2005 Kunihiro Ishiguro, et al."}
2025-12-15T19:31:33+01:00	rb	{"source":"stdout","log":"","container_id":"d153c15563a891e562ee5cdd0a24abf36a54bd4d361c578946afe41c743493e7","container_name":"/docker_rb_1"}
2025-12-15T19:31:33+01:00	rb	{"container_id":"d153c15563a891e562ee5cdd0a24abf36a54bd4d361c578946afe41c743493e7","container_name":"/docker_rb_1","source":"stdout","log":"rb# conf t"}
2025-12-15T19:31:33+01:00	rb	{"source":"stdout","log":"rb(config)# log file /shared-volume/frr/frr2.log","container_id":"d153c15563a891e562ee5cdd0a24abf36a54bd4d361c578946afe41c743493e7","container_name":"/docker_rb_1"}
2025-12-15T19:31:33+01:00	rb	{"log":"can't open logfile /shared-volume/frr/frr2.log","container_id":"d153c15563a891e562ee5cdd0a24abf36a54bd4d361c578946afe41c743493e7","container_name":"/docker_rb_1","source":"stdout"}
2025-12-15T19:31:33+01:00	rb	{"log":"rb(config)# router ospf","container_id":"d153c15563a891e562ee5cdd0a24abf36a54bd4d361c578946afe41c743493e7","container_name":"/docker_rb_1","source":"stdout"}
2025-12-15T19:31:33+01:00	rb	{"container_id":"d153c15563a891e562ee5cdd0a24abf36a54bd4d361c578946afe41c743493e7","container_name":"/docker_rb_1","source":"stdout","log":"rb(config-router)# network 10.3.0.0/29 area 0"}
2025-12-15T19:31:33+01:00	rb	{"container_name":"/docker_rb_1","source":"stdout","log":"rb(config-router)# network 10.0.3.0/24 area 0","container_id":"d153c15563a891e562ee5cdd0a24abf36a54bd4d361c578946afe41c743493e7"}
2025-12-15T19:31:33+01:00	rb	{"log":"rb(config-router)# network 10.0.4.0/24 area 0","container_id":"d153c15563a891e562ee5cdd0a24abf36a54bd4d361c578946afe41c743493e7","container_name":"/docker_rb_1","source":"stdout"}
2025-12-15T19:31:33+01:00	rb	{"container_id":"d153c15563a891e562ee5cdd0a24abf36a54bd4d361c578946afe41c743493e7","container_name":"/docker_rb_1","source":"stdout","log":"rb(config-router)# end"}
2025-12-15T19:31:33+01:00	rb	{"container_id":"d153c15563a891e562ee5cdd0a24abf36a54bd4d361c578946afe41c743493e7","container_name":"/docker_rb_1","source":"stdout","log":"rb# "}
2025-12-15T19:31:32+01:00	ra	{"container_name":"/docker_ra_1","source":"stdout","log":" * Starting system logging syslog-ng","container_id":"2f5dbe0526ba1f6ce5935a749089eda1d16e88fb1b3f07400ff2e323a0e7d45d"}
2025-12-15T19:31:32+01:00	ra	{"container_name":"/docker_ra_1","source":"stderr","log":"[2025-12-15T19:31:32.899019] WARNING: Configuration file format is too old, syslog-ng is running in compatibility mode. Please update it to use the syslog-ng 3.35 format at your time of convenience. To upgrade the configuration, please review the warnings about incompatible changes printed by syslog-ng, and once completed change the @version header at the top of the configuration file; config-version='3.27'","container_id":"2f5dbe0526ba1f6ce5935a749089eda1d16e88fb1b3f07400ff2e323a0e7d45d"}
2025-12-15T19:31:32+01:00	ra	{"source":"stderr","log":"[2025-12-15T19:31:32.970166] WARNING: The internal_queue_length stat counter has been renamed to internal_source.queued. The old name will be removed in future versions; config-version='3.27'","container_id":"2f5dbe0526ba1f6ce5935a749089eda1d16e88fb1b3f07400ff2e323a0e7d45d","container_name":"/docker_ra_1"}
2025-12-15T19:31:33+01:00	ra	{"container_id":"2f5dbe0526ba1f6ce5935a749089eda1d16e88fb1b3f07400ff2e323a0e7d45d","container_name":"/docker_ra_1","source":"stdout","log":"   ...done."}
2025-12-15T19:31:33+01:00	ra	{"source":"stdout","log":" * Started watchfrr","container_id":"2f5dbe0526ba1f6ce5935a749089eda1d16e88fb1b3f07400ff2e323a0e7d45d","container_name":"/docker_ra_1"}
2025-12-15T19:31:33+01:00	ra	{"container_id":"2f5dbe0526ba1f6ce5935a749089eda1d16e88fb1b3f07400ff2e323a0e7d45d","container_name":"/docker_ra_1","source":"stdout","log":""}
2025-12-15T19:31:33+01:00	ra	{"container_id":"2f5dbe0526ba1f6ce5935a749089eda1d16e88fb1b3f07400ff2e323a0e7d45d","container_name":"/docker_ra_1","source":"stdout","log":"Hello, this is FRRouting (version 8.1)."}
2025-12-15T19:31:33+01:00	ra	{"container_id":"2f5dbe0526ba1f6ce5935a749089eda1d16e88fb1b3f07400ff2e323a0e7d45d","container_name":"/docker_ra_1","source":"stdout","log":"Copyright 1996-2005 Kunihiro Ishiguro, et al."}
2025-12-15T19:31:33+01:00	ra	{"container_name":"/docker_ra_1","source":"stdout","log":"","container_id":"2f5dbe0526ba1f6ce5935a749089eda1d16e88fb1b3f07400ff2e323a0e7d45d"}
2025-12-15T19:31:33+01:00	ra	{"source":"stdout","log":"ra# conf t","container_id":"2f5dbe0526ba1f6ce5935a749089eda1d16e88fb1b3f07400ff2e323a0e7d45d","container_name":"/docker_ra_1"}
2025-12-15T19:31:33+01:00	ra	{"container_id":"2f5dbe0526ba1f6ce5935a749089eda1d16e88fb1b3f07400ff2e323a0e7d45d","container_name":"/docker_ra_1","source":"stdout","log":"ra(config)# log file /shared-volume/frr/frr1.log"}
2025-12-15T19:31:33+01:00	ra	{"container_name":"/docker_ra_1","source":"stdout","log":"can't open logfile /shared-volume/frr/frr1.log","container_id":"2f5dbe0526ba1f6ce5935a749089eda1d16e88fb1b3f07400ff2e323a0e7d45d"}
2025-12-15T19:31:33+01:00	ra	{"log":"ra(config)# router ospf","container_id":"2f5dbe0526ba1f6ce5935a749089eda1d16e88fb1b3f07400ff2e323a0e7d45d","container_name":"/docker_ra_1","source":"stdout"}
2025-12-15T19:31:33+01:00	ra	{"container_id":"2f5dbe0526ba1f6ce5935a749089eda1d16e88fb1b3f07400ff2e323a0e7d45d","container_name":"/docker_ra_1","source":"stdout","log":"ra(config-router)# network 10.2.0.0/29 area 0"}
2025-12-15T19:31:33+01:00	ra	{"log":"ra(config-router)# network 10.0.1.0/24 area 0","container_id":"2f5dbe0526ba1f6ce5935a749089eda1d16e88fb1b3f07400ff2e323a0e7d45d","container_name":"/docker_ra_1","source":"stdout"}
2025-12-15T19:31:33+01:00	ra	{"container_name":"/docker_ra_1","source":"stdout","log":"ra(config-router)# network 10.0.2.0/24 area 0","container_id":"2f5dbe0526ba1f6ce5935a749089eda1d16e88fb1b3f07400ff2e323a0e7d45d"}
2025-12-15T19:31:33+01:00	ra	{"container_id":"2f5dbe0526ba1f6ce5935a749089eda1d16e88fb1b3f07400ff2e323a0e7d45d","container_name":"/docker_ra_1","source":"stdout","log":"ra(config-router)# end"}
2025-12-15T19:31:33+01:00	ra	{"container_id":"2f5dbe0526ba1f6ce5935a749089eda1d16e88fb1b3f07400ff2e323a0e7d45d","container_name":"/docker_ra_1","source":"stdout","log":"ra# "}
2025-12-15T19:31:32+01:00	rc2	{"container_id":"740abe6ec6617ef4cb9b882ff5c3c328fba7e650386f6bdfa5ac5b5a6d2cb872","container_name":"/docker_rc2_1","source":"stdout","log":" * Starting system logging syslog-ng"}
2025-12-15T19:31:32+01:00	rc2	{"source":"stderr","log":"[2025-12-15T19:31:32.910424] WARNING: Configuration file format is too old, syslog-ng is running in compatibility mode. Please update it to use the syslog-ng 3.35 format at your time of convenience. To upgrade the configuration, please review the warnings about incompatible changes printed by syslog-ng, and once completed change the @version header at the top of the configuration file; config-version='3.27'","container_id":"740abe6ec6617ef4cb9b882ff5c3c328fba7e650386f6bdfa5ac5b5a6d2cb872","container_name":"/docker_rc2_1"}
2025-12-15T19:31:33+01:00	rc2	{"container_name":"/docker_rc2_1","source":"stderr","log":"[2025-12-15T19:31:33.020801] WARNING: The internal_queue_length stat counter has been renamed to internal_source.queued. The old name will be removed in future versions; config-version='3.27'","container_id":"740abe6ec6617ef4cb9b882ff5c3c328fba7e650386f6bdfa5ac5b5a6d2cb872"}
2025-12-15T19:31:33+01:00	rc2	{"container_id":"740abe6ec6617ef4cb9b882ff5c3c328fba7e650386f6bdfa5ac5b5a6d2cb872","container_name":"/docker_rc2_1","source":"stdout","log":"   ...done."}
2025-12-15T19:31:33+01:00	rc2	{"container_id":"740abe6ec6617ef4cb9b882ff5c3c328fba7e650386f6bdfa5ac5b5a6d2cb872","container_name":"/docker_rc2_1","source":"stdout","log":" * Started watchfrr"}
2025-12-15T19:31:33+01:00	rc2	{"log":"","container_id":"740abe6ec6617ef4cb9b882ff5c3c328fba7e650386f6bdfa5ac5b5a6d2cb872","container_name":"/docker_rc2_1","source":"stdout"}
2025-12-15T19:31:33+01:00	rc2	{"log":"Hello, this is FRRouting (version 8.1).","container_id":"740abe6ec6617ef4cb9b882ff5c3c328fba7e650386f6bdfa5ac5b5a6d2cb872","container_name":"/docker_rc2_1","source":"stdout"}
2025-12-15T19:31:33+01:00	rc2	{"source":"stdout","log":"Copyright 1996-2005 Kunihiro Ishiguro, et al.","container_id":"740abe6ec6617ef4cb9b882ff5c3c328fba7e650386f6bdfa5ac5b5a6d2cb872","container_name":"/docker_rc2_1"}
2025-12-15T19:31:33+01:00	rc2	{"container_id":"740abe6ec6617ef4cb9b882ff5c3c328fba7e650386f6bdfa5ac5b5a6d2cb872","container_name":"/docker_rc2_1","source":"stdout","log":""}
2025-12-15T19:31:33+01:00	rc2	{"container_name":"/docker_rc2_1","source":"stdout","log":"rc2# conf t","container_id":"740abe6ec6617ef4cb9b882ff5c3c328fba7e650386f6bdfa5ac5b5a6d2cb872"}
2025-12-15T19:31:33+01:00	rc2	{"container_name":"/docker_rc2_1","source":"stdout","log":"rc2(config)# log file /shared-volume/frr/frr4.log","container_id":"740abe6ec6617ef4cb9b882ff5c3c328fba7e650386f6bdfa5ac5b5a6d2cb872"}
2025-12-15T19:31:33+01:00	rc2	{"log":"can't open logfile /shared-volume/frr/frr4.log","container_id":"740abe6ec6617ef4cb9b882ff5c3c328fba7e650386f6bdfa5ac5b5a6d2cb872","container_name":"/docker_rc2_1","source":"stdout"}
2025-12-15T19:31:33+01:00	rc2	{"container_id":"740abe6ec6617ef4cb9b882ff5c3c328fba7e650386f6bdfa5ac5b5a6d2cb872","container_name":"/docker_rc2_1","source":"stdout","log":"rc2(config)# router ospf"}
2025-12-15T19:31:33+01:00	rc2	{"container_id":"740abe6ec6617ef4cb9b882ff5c3c328fba7e650386f6bdfa5ac5b5a6d2cb872","container_name":"/docker_rc2_1","source":"stdout","log":"rc2(config-router)# network 10.1.0.0/29 area 0"}
2025-12-15T19:31:33+01:00	rc2	{"container_id":"740abe6ec6617ef4cb9b882ff5c3c328fba7e650386f6bdfa5ac5b5a6d2cb872","container_name":"/docker_rc2_1","source":"stdout","log":"rc2(config-router)# network 10.2.0.0/29 area 0"}
2025-12-15T19:31:33+01:00	rc2	{"container_id":"740abe6ec6617ef4cb9b882ff5c3c328fba7e650386f6bdfa5ac5b5a6d2cb872","container_name":"/docker_rc2_1","source":"stdout","log":"rc2(config-router)# network 10.3.0.0/29 area 0"}
2025-12-15T19:31:33+01:00	rc2	{"source":"stdout","log":"rc2(config-router)# end","container_id":"740abe6ec6617ef4cb9b882ff5c3c328fba7e650386f6bdfa5ac5b5a6d2cb872","container_name":"/docker_rc2_1"}
2025-12-15T19:31:33+01:00	rc2	{"container_id":"740abe6ec6617ef4cb9b882ff5c3c328fba7e650386f6bdfa5ac5b5a6d2cb872","container_name":"/docker_rc2_1","source":"stdout","log":"rc2# "}
2025-12-15T19:31:32+01:00	server	{"source":"stdout","log":"Hit:1 http://archive.ubuntu.com/ubuntu jammy InRelease","container_id":"b1c69dae336a6b70ddee437d27098858cfb2c7f250bde22dde09b4707dd71b1d","container_name":"/docker_server_1"}
2025-12-15T19:31:33+01:00	server	{"source":"stdout","log":"Get:2 http://security.ubuntu.com/ubuntu jammy-security InRelease [129 kB]","container_id":"b1c69dae336a6b70ddee437d27098858cfb2c7f250bde22dde09b4707dd71b1d","container_name":"/docker_server_1"}
2025-12-15T19:31:33+01:00	server	{"log":"Get:3 http://archive.ubuntu.com/ubuntu jammy-updates InRelease [128 kB]","container_id":"b1c69dae336a6b70ddee437d27098858cfb2c7f250bde22dde09b4707dd71b1d","container_name":"/docker_server_1","source":"stdout"}
2025-12-15T19:31:33+01:00	server	{"source":"stdout","log":"Get:4 http://archive.ubuntu.com/ubuntu jammy-backports InRelease [127 kB]","container_id":"b1c69dae336a6b70ddee437d27098858cfb2c7f250bde22dde09b4707dd71b1d","container_name":"/docker_server_1"}
2025-12-15T19:31:33+01:00	server	{"log":"Get:5 http://security.ubuntu.com/ubuntu jammy-security/main amd64 Packages [3633 kB]","container_id":"b1c69dae336a6b70ddee437d27098858cfb2c7f250bde22dde09b4707dd71b1d","container_name":"/docker_server_1","source":"stdout"}
2025-12-15T19:31:34+01:00	server	{"container_id":"b1c69dae336a6b70ddee437d27098858cfb2c7f250bde22dde09b4707dd71b1d","container_name":"/docker_server_1","source":"stdout","log":"Get:6 http://archive.ubuntu.com/ubuntu jammy-updates/main amd64 Packages [3964 kB]"}
2025-12-15T19:31:34+01:00	server	{"container_name":"/docker_server_1","source":"stdout","log":"Get:7 http://security.ubuntu.com/ubuntu jammy-security/restricted amd64 Packages [6205 kB]","container_id":"b1c69dae336a6b70ddee437d27098858cfb2c7f250bde22dde09b4707dd71b1d"}
2025-12-15T19:31:34+01:00	server	{"container_id":"b1c69dae336a6b70ddee437d27098858cfb2c7f250bde22dde09b4707dd71b1d","container_name":"/docker_server_1","source":"stdout","log":"Get:8 http://archive.ubuntu.com/ubuntu jammy-updates/universe amd64 Packages [1598 kB]"}
2025-12-15T19:31:34+01:00	server	{"log":"Get:9 http://archive.ubuntu.com/ubuntu jammy-updates/restricted amd64 Packages [6410 kB]","container_id":"b1c69dae336a6b70ddee437d27098858cfb2c7f250bde22dde09b4707dd71b1d","container_name":"/docker_server_1","source":"stdout"}
2025-12-15T19:31:36+01:00	server	{"container_id":"b1c69dae336a6b70ddee437d27098858cfb2c7f250bde22dde09b4707dd71b1d","container_name":"/docker_server_1","source":"stdout","log":"Get:10 http://security.ubuntu.com/ubuntu jammy-security/universe amd64 Packages [1287 kB]"}
2025-12-15T19:31:36+01:00	server	{"container_name":"/docker_server_1","source":"stdout","log":"Fetched 23.5 MB in 4s (6256 kB/s)","container_id":"b1c69dae336a6b70ddee437d27098858cfb2c7f250bde22dde09b4707dd71b1d"}
2025-12-15T19:31:37+01:00	server	{"log":"Reading package lists...","container_id":"b1c69dae336a6b70ddee437d27098858cfb2c7f250bde22dde09b4707dd71b1d","container_name":"/docker_server_1","source":"stdout"}
2025-12-15T19:31:37+01:00	server	{"container_id":"b1c69dae336a6b70ddee437d27098858cfb2c7f250bde22dde09b4707dd71b1d","container_name":"/docker_server_1","source":"stdout","log":"Reading package lists..."}
2025-12-15T19:31:38+01:00	server	{"container_id":"b1c69dae336a6b70ddee437d27098858cfb2c7f250bde22dde09b4707dd71b1d","container_name":"/docker_server_1","source":"stdout","log":"Building dependency tree..."}
2025-12-15T19:31:38+01:00	server	{"log":"Reading state information...","container_id":"b1c69dae336a6b70ddee437d27098858cfb2c7f250bde22dde09b4707dd71b1d","container_name":"/docker_server_1","source":"stdout"}
2025-12-15T19:31:38+01:00	server	{"container_name":"/docker_server_1","source":"stderr","log":"E: Unable to locate package linux-headers-6.14.0-37-generic","container_id":"b1c69dae336a6b70ddee437d27098858cfb2c7f250bde22dde09b4707dd71b1d"}
2025-12-15T19:31:38+01:00	server	{"container_id":"b1c69dae336a6b70ddee437d27098858cfb2c7f250bde22dde09b4707dd71b1d","container_name":"/docker_server_1","source":"stderr","log":"E: Couldn't find any package by glob 'linux-headers-6.14.0-37-generic'"}
2025-12-15T19:31:38+01:00	server	{"source":"stderr","log":"E: Couldn't find any package by regex 'linux-headers-6.14.0-37-generic'","container_id":"b1c69dae336a6b70ddee437d27098858cfb2c7f250bde22dde09b4707dd71b1d","container_name":"/docker_server_1"}
2025-12-15T19:31:38+01:00	server	{"container_id":"b1c69dae336a6b70ddee437d27098858cfb2c7f250bde22dde09b4707dd71b1d","container_name":"/docker_server_1","source":"stderr","log":"RTNETLINK answers: File exists"}
2025-12-15T19:31:38+01:00	server	{"container_id":"b1c69dae336a6b70ddee437d27098858cfb2c7f250bde22dde09b4707dd71b1d","container_name":"/docker_server_1","source":"stdout","log":""}
2025-12-15T19:31:38+01:00	server	{"source":"stdout","log":"> my-test-server@1.0.0 start","container_id":"b1c69dae336a6b70ddee437d27098858cfb2c7f250bde22dde09b4707dd71b1d","container_name":"/docker_server_1"}
2025-12-15T19:31:38+01:00	server	{"source":"stdout","log":"> node server.js","container_id":"b1c69dae336a6b70ddee437d27098858cfb2c7f250bde22dde09b4707dd71b1d","container_name":"/docker_server_1"}
2025-12-15T19:31:38+01:00	server	{"log":"","container_id":"b1c69dae336a6b70ddee437d27098858cfb2c7f250bde22dde09b4707dd71b1d","container_name":"/docker_server_1","source":"stdout"}
2025-12-15T19:31:38+01:00	server	{"source":"stdout","log":"Server is listening at http://localhost:3000","container_id":"b1c69dae336a6b70ddee437d27098858cfb2c7f250bde22dde09b4707dd71b1d","container_name":"/docker_server_1"}
2025-12-15T19:31:32+01:00	syslog.syslog.notice	{"host":"rc1","ident":"syslog-ng","pid":"17","message":"syslog-ng starting up; version='3.35.1'"}
2025-12-15T19:31:32+01:00	syslog.syslog.err	{"host":"rc1","ident":"syslog-ng","pid":"17","message":"Syslog connection failed; fd='15', server='AF_INET(10.100.0.3:5140)', error='Connection refused (111)', time_reopen='60'"}
2025-12-15T19:31:32+01:00	syslog.kern.info	{"host":"rc1","ident":"kernel","message":"eth2: renamed from veth1dcf912"}
2025-12-15T19:31:32+01:00	syslog.kern.info	{"host":"rc1","ident":"kernel","message":"br-00cded402368: port 1(veth3abb5ba) entered blocking state"}
2025-12-15T19:31:32+01:00	syslog.kern.info	{"host":"rc1","ident":"kernel","message":"br-00cded402368: port 1(veth3abb5ba) entered forwarding state"}
2025-12-15T19:31:32+01:00	syslog.kern.info	{"host":"rc1","ident":"kernel","message":"eth2: renamed from veth64270e4"}
2025-12-15T19:31:32+01:00	syslog.kern.info	{"host":"rc1","ident":"kernel","message":"br-847ae7b8ae59: port 2(vethe7af734) entered blocking state"}
2025-12-15T19:31:32+01:00	syslog.kern.info	{"host":"rc1","ident":"kernel","message":"br-847ae7b8ae59: port 2(vethe7af734) entered forwarding state"}
2025-12-15T19:31:32+01:00	syslog.daemon.notice	{"host":"rc1","ident":"watchfrr","pid":"37","message":"[T83RR-8SM5G] watchfrr 8.1 starting: vty@0"}
2025-12-15T19:31:32+01:00	syslog.daemon.info	{"host":"rc1","ident":"watchfrr","pid":"37","message":"[ZCJ3S-SPH5S] zebra state -> down : initial connection attempt failed"}
2025-12-15T19:31:32+01:00	syslog.daemon.info	{"host":"rc1","ident":"watchfrr","pid":"37","message":"[ZCJ3S-SPH5S] bgpd state -> down : initial connection attempt failed"}
2025-12-15T19:31:32+01:00	syslog.daemon.info	{"host":"rc1","ident":"watchfrr","pid":"37","message":"[ZCJ3S-SPH5S] ospfd state -> down : initial connection attempt failed"}
2025-12-15T19:31:32+01:00	syslog.daemon.info	{"host":"rc1","ident":"watchfrr","pid":"37","message":"[ZCJ3S-SPH5S] staticd state -> down : initial connection attempt failed"}
2025-12-15T19:31:32+01:00	syslog.daemon.info	{"host":"rc1","ident":"watchfrr","pid":"37","message":"[YFT0P-5Q5YX] Forked background command [pid 38]: /usr/lib/frr/watchfrr.sh restart all"}
2025-12-15T19:31:32+01:00	syslog.daemon.err	{"host":"rc1","ident":"watchfrr.sh","pid":"51","message":"Cannot stop ospfd: pid file not found"}
2025-12-15T19:31:32+01:00	syslog.daemon.err	{"host":"rc1","ident":"watchfrr.sh","pid":"48","message":"Cannot stop staticd: pid file not found"}
2025-12-15T19:31:32+01:00	syslog.daemon.err	{"host":"rc1","ident":"watchfrr.sh","pid":"52","message":"Cannot stop bgpd: pid file not found"}
2025-12-15T19:31:32+01:00	syslog.daemon.err	{"host":"rc1","ident":"watchfrr.sh","pid":"54","message":"Cannot stop zebra: pid file not found"}
2025-12-15T19:31:33+01:00	syslog.daemon.info	{"host":"rc1","ident":"zebra","pid":"59","message":"[VTVCM-Y2NW3] Configuration Read in Took: 00:00:00"}
2025-12-15T19:31:33+01:00	syslog.daemon.info	{"host":"rc1","ident":"ospfd","pid":"71","message":"[VTVCM-Y2NW3] Configuration Read in Took: 00:00:00"}
2025-12-15T19:31:33+01:00	syslog.daemon.info	{"host":"rc1","ident":"bgpd","pid":"64","message":"[VTVCM-Y2NW3] Configuration Read in Took: 00:00:00"}
2025-12-15T19:31:33+01:00	syslog.daemon.info	{"host":"rc1","ident":"staticd","pid":"74","message":"[VTVCM-Y2NW3] Configuration Read in Took: 00:00:00"}
2025-12-15T19:31:33+01:00	syslog.daemon.notice	{"host":"rc1","ident":"watchfrr","pid":"37","message":"[QDG3Y-BY5TN] zebra state -> up : connect succeeded"}
2025-12-15T19:31:33+01:00	syslog.daemon.notice	{"host":"rc1","ident":"watchfrr","pid":"37","message":"[QDG3Y-BY5TN] bgpd state -> up : connect succeeded"}
2025-12-15T19:31:33+01:00	syslog.daemon.notice	{"host":"rc1","ident":"watchfrr","pid":"37","message":"[QDG3Y-BY5TN] ospfd state -> up : connect succeeded"}
2025-12-15T19:31:33+01:00	syslog.daemon.notice	{"host":"rc1","ident":"watchfrr","pid":"37","message":"[QDG3Y-BY5TN] staticd state -> up : connect succeeded"}
2025-12-15T19:31:33+01:00	syslog.daemon.notice	{"host":"rc1","ident":"watchfrr","pid":"37","message":"[KWE5Q-QNGFC] all daemons up, doing startup-complete notify"}
2025-12-15T19:31:33+01:00	syslog.kern.info	{"host":"rc1","ident":"kernel","message":"br-67558b1c19b3: port 2(veth20f2036) entered blocking state"}
2025-12-15T19:31:33+01:00	syslog.kern.info	{"host":"rc1","ident":"kernel","message":"br-67558b1c19b3: port 2(veth20f2036) entered disabled state"}
2025-12-15T19:31:33+01:00	syslog.kern.info	{"host":"rc1","ident":"kernel","message":"veth20f2036: entered allmulticast mode"}
2025-12-15T19:31:33+01:00	syslog.kern.info	{"host":"rc1","ident":"kernel","message":"veth20f2036: entered promiscuous mode"}
2025-12-15T19:31:33+01:00	syslog.kern.info	{"host":"rc1","ident":"kernel","message":"br-00cded402368: port 2(vethcd11ec5) entered blocking state"}
2025-12-15T19:31:33+01:00	syslog.kern.info	{"host":"rc1","ident":"kernel","message":"br-00cded402368: port 2(vethcd11ec5) entered disabled state"}
2025-12-15T19:31:33+01:00	syslog.kern.info	{"host":"rc1","ident":"kernel","message":"vethcd11ec5: entered allmulticast mode"}
2025-12-15T19:31:33+01:00	syslog.kern.info	{"host":"rc1","ident":"kernel","message":"vethcd11ec5: entered promiscuous mode"}
2025-12-15T19:31:33+01:00	syslog.kern.info	{"host":"rc1","ident":"kernel","message":"eth0: renamed from vethe5c5bfb"}
2025-12-15T19:31:33+01:00	syslog.kern.info	{"host":"rc1","ident":"kernel","message":"br-67558b1c19b3: port 2(veth20f2036) entered blocking state"}
2025-12-15T19:31:33+01:00	syslog.kern.info	{"host":"rc1","ident":"kernel","message":"br-67558b1c19b3: port 2(veth20f2036) entered forwarding state"}
2025-12-15T19:31:33+01:00	syslog.kern.info	{"host":"rc1","ident":"kernel","message":"br-4489b2b3ba98: port 2(vethd39aea6) entered blocking state"}
2025-12-15T19:31:33+01:00	syslog.kern.info	{"host":"rc1","ident":"kernel","message":"br-4489b2b3ba98: port 2(vethd39aea6) entered disabled state"}
2025-12-15T19:31:33+01:00	syslog.kern.info	{"host":"rc1","ident":"kernel","message":"vethd39aea6: entered allmulticast mode"}
2025-12-15T19:31:33+01:00	syslog.kern.info	{"host":"rc1","ident":"kernel","message":"vethd39aea6: entered promiscuous mode"}
2025-12-15T19:31:33+01:00	syslog.kern.info	{"host":"rc1","ident":"kernel","message":"eth0: renamed from vethac109ea"}
2025-12-15T19:31:33+01:00	syslog.kern.info	{"host":"rc1","ident":"kernel","message":"br-00cded402368: port 2(vethcd11ec5) entered blocking state"}
2025-12-15T19:31:33+01:00	syslog.kern.info	{"host":"rc1","ident":"kernel","message":"br-00cded402368: port 2(vethcd11ec5) entered forwarding state"}
2025-12-15T19:31:33+01:00	syslog.kern.info	{"host":"rc1","ident":"kernel","message":"br-230988a890d2: port 2(veth2860dec) entered blocking state"}
2025-12-15T19:31:33+01:00	syslog.kern.info	{"host":"rc1","ident":"kernel","message":"br-230988a890d2: port 2(veth2860dec) entered disabled state"}
2025-12-15T19:31:33+01:00	syslog.kern.info	{"host":"rc1","ident":"kernel","message":"veth2860dec: entered allmulticast mode"}
2025-12-15T19:31:33+01:00	syslog.kern.info	{"host":"rc1","ident":"kernel","message":"veth2860dec: entered promiscuous mode"}
2025-12-15T19:31:33+01:00	syslog.kern.info	{"host":"rc1","ident":"kernel","message":"eth0: renamed from veth9680063"}
2025-12-15T19:31:33+01:00	syslog.kern.info	{"host":"rc1","ident":"kernel","message":"br-4489b2b3ba98: port 2(vethd39aea6) entered blocking state"}
2025-12-15T19:31:33+01:00	syslog.kern.info	{"host":"rc1","ident":"kernel","message":"br-4489b2b3ba98: port 2(vethd39aea6) entered forwarding state"}
2025-12-15T19:31:33+01:00	syslog.kern.info	{"host":"rc1","ident":"kernel","message":"eth0: renamed from veth322acac"}
2025-12-15T19:31:33+01:00	syslog.kern.info	{"host":"rc1","ident":"kernel","message":"br-230988a890d2: port 2(veth2860dec) entered blocking state"}
2025-12-15T19:31:33+01:00	syslog.kern.info	{"host":"rc1","ident":"kernel","message":"br-230988a890d2: port 2(veth2860dec) entered forwarding state"}
2025-12-15T19:32:18+01:00	syslog.daemon.info	{"host":"rc1","ident":"ospfd","pid":"71","message":"[S5PCG-77H23] Packet[DD]: Neighbor 10.3.0.3 Negotiation done (Master)."}
2025-12-15T19:32:32+01:00	syslog.syslog.notice	{"host":"rc1","ident":"syslog-ng","pid":"17","message":"Syslog connection established; fd='5', server='AF_INET(10.100.0.3:5140)', local='AF_INET(0.0.0.0:0)'"}
2025-12-15T19:35:15+01:00	fluent.info	{"pid":23,"ppid":17,"worker":0,"message":"starting fluentd worker pid=23 ppid=17 worker=0"}
2025-12-15T19:35:15+01:00	fluent.info	{"message":"listening syslog socket on 0.0.0.0:5140 with tcp"}
2025-12-15T19:35:15+01:00	fluent.info	{"port":24224,"bind":"0.0.0.0","message":"listening port port=24224 bind=\"0.0.0.0\""}
2025-12-15T19:35:15+01:00	fluent.info	{"worker":0,"message":"fluentd worker is now running worker=0"}
2025-12-15T19:35:12+01:00	rc1	{"container_id":"a89d06fd19a2939592b7d7a836e80bad3e71eb97bb792614991fb02a75bea6a3","container_name":"/docker_rc1_1","source":"stdout","log":" * Starting system logging syslog-ng"}
2025-12-15T19:35:12+01:00	rc1	{"container_id":"a89d06fd19a2939592b7d7a836e80bad3e71eb97bb792614991fb02a75bea6a3","container_name":"/docker_rc1_1","source":"stderr","log":"[2025-12-15T19:35:12.933479] WARNING: Configuration file format is too old, syslog-ng is running in compatibility mode. Please update it to use the syslog-ng 3.35 format at your time of convenience. To upgrade the configuration, please review the warnings about incompatible changes printed by syslog-ng, and once completed change the @version header at the top of the configuration file; config-version='3.27'"}
2025-12-15T19:35:12+01:00	rc1	{"container_id":"a89d06fd19a2939592b7d7a836e80bad3e71eb97bb792614991fb02a75bea6a3","container_name":"/docker_rc1_1","source":"stderr","log":"[2025-12-15T19:35:12.979760] WARNING: The internal_queue_length stat counter has been renamed to internal_source.queued. The old name will be removed in future versions; config-version='3.27'"}
2025-12-15T19:35:12+01:00	rc1	{"log":"   ...done.","container_id":"a89d06fd19a2939592b7d7a836e80bad3e71eb97bb792614991fb02a75bea6a3","container_name":"/docker_rc1_1","source":"stdout"}
2025-12-15T19:35:13+01:00	rc1	{"container_id":"a89d06fd19a2939592b7d7a836e80bad3e71eb97bb792614991fb02a75bea6a3","container_name":"/docker_rc1_1","source":"stdout","log":" * Started watchfrr"}
2025-12-15T19:35:13+01:00	rc1	{"container_name":"/docker_rc1_1","source":"stdout","log":"","container_id":"a89d06fd19a2939592b7d7a836e80bad3e71eb97bb792614991fb02a75bea6a3"}
2025-12-15T19:35:13+01:00	rc1	{"container_id":"a89d06fd19a2939592b7d7a836e80bad3e71eb97bb792614991fb02a75bea6a3","container_name":"/docker_rc1_1","source":"stdout","log":"Hello, this is FRRouting (version 8.1)."}
2025-12-15T19:35:13+01:00	rc1	{"log":"Copyright 1996-2005 Kunihiro Ishiguro, et al.","container_id":"a89d06fd19a2939592b7d7a836e80bad3e71eb97bb792614991fb02a75bea6a3","container_name":"/docker_rc1_1","source":"stdout"}
2025-12-15T19:35:13+01:00	rc1	{"container_id":"a89d06fd19a2939592b7d7a836e80bad3e71eb97bb792614991fb02a75bea6a3","container_name":"/docker_rc1_1","source":"stdout","log":""}
2025-12-15T19:35:13+01:00	rc1	{"log":"rc1# conf t","container_id":"a89d06fd19a2939592b7d7a836e80bad3e71eb97bb792614991fb02a75bea6a3","container_name":"/docker_rc1_1","source":"stdout"}
2025-12-15T19:35:13+01:00	rc1	{"container_name":"/docker_rc1_1","source":"stdout","log":"rc1(config)# log file /shared-volume/frr/frr3.log","container_id":"a89d06fd19a2939592b7d7a836e80bad3e71eb97bb792614991fb02a75bea6a3"}
2025-12-15T19:35:13+01:00	rc1	{"container_name":"/docker_rc1_1","source":"stdout","log":"can't open logfile /shared-volume/frr/frr3.log","container_id":"a89d06fd19a2939592b7d7a836e80bad3e71eb97bb792614991fb02a75bea6a3"}
2025-12-15T19:35:13+01:00	rc1	{"container_name":"/docker_rc1_1","source":"stdout","log":"rc1(config)# router ospf","container_id":"a89d06fd19a2939592b7d7a836e80bad3e71eb97bb792614991fb02a75bea6a3"}
2025-12-15T19:35:13+01:00	rc1	{"container_id":"a89d06fd19a2939592b7d7a836e80bad3e71eb97bb792614991fb02a75bea6a3","container_name":"/docker_rc1_1","source":"stdout","log":"rc1(config-router)# network 10.1.0.0/29 area 0"}
2025-12-15T19:35:13+01:00	rc1	{"container_id":"a89d06fd19a2939592b7d7a836e80bad3e71eb97bb792614991fb02a75bea6a3","container_name":"/docker_rc1_1","source":"stdout","log":"rc1(config-router)# network 10.100.0.0/24 area 0"}
2025-12-15T19:35:13+01:00	rc1	{"log":"rc1(config-router)# end","container_id":"a89d06fd19a2939592b7d7a836e80bad3e71eb97bb792614991fb02a75bea6a3","container_name":"/docker_rc1_1","source":"stdout"}
2025-12-15T19:35:13+01:00	rc1	{"container_id":"a89d06fd19a2939592b7d7a836e80bad3e71eb97bb792614991fb02a75bea6a3","container_name":"/docker_rc1_1","source":"stdout","log":"rc1# "}
2025-12-15T19:35:12+01:00	server	{"container_id":"8bced75fda9be856e66c463dcdf96b2952f93dd8eb64786a0428354e49dee872","container_name":"/docker_server_1","source":"stdout","log":"Hit:1 http://archive.ubuntu.com/ubuntu jammy InRelease"}
2025-12-15T19:35:13+01:00	server	{"container_id":"8bced75fda9be856e66c463dcdf96b2952f93dd8eb64786a0428354e49dee872","container_name":"/docker_server_1","source":"stdout","log":"Get:2 http://security.ubuntu.com/ubuntu jammy-security InRelease [129 kB]"}
2025-12-15T19:35:13+01:00	server	{"container_id":"8bced75fda9be856e66c463dcdf96b2952f93dd8eb64786a0428354e49dee872","container_name":"/docker_server_1","source":"stdout","log":"Get:3 http://archive.ubuntu.com/ubuntu jammy-updates InRelease [128 kB]"}
2025-12-15T19:35:13+01:00	server	{"source":"stdout","log":"Get:4 http://archive.ubuntu.com/ubuntu jammy-backports InRelease [127 kB]","container_id":"8bced75fda9be856e66c463dcdf96b2952f93dd8eb64786a0428354e49dee872","container_name":"/docker_server_1"}
2025-12-15T19:35:13+01:00	server	{"container_id":"8bced75fda9be856e66c463dcdf96b2952f93dd8eb64786a0428354e49dee872","container_name":"/docker_server_1","source":"stdout","log":"Get:5 http://security.ubuntu.com/ubuntu jammy-security/main amd64 Packages [3633 kB]"}
2025-12-15T19:35:13+01:00	server	{"container_id":"8bced75fda9be856e66c463dcdf96b2952f93dd8eb64786a0428354e49dee872","container_name":"/docker_server_1","source":"stdout","log":"Get:6 http://archive.ubuntu.com/ubuntu jammy-updates/universe amd64 Packages [1598 kB]"}
2025-12-15T19:35:14+01:00	server	{"container_name":"/docker_server_1","source":"stdout","log":"Get:7 http://archive.ubuntu.com/ubuntu jammy-updates/main amd64 Packages [3964 kB]","container_id":"8bced75fda9be856e66c463dcdf96b2952f93dd8eb64786a0428354e49dee872"}
2025-12-15T19:35:14+01:00	server	{"container_name":"/docker_server_1","source":"stdout","log":"Get:8 http://archive.ubuntu.com/ubuntu jammy-updates/restricted amd64 Packages [6410 kB]","container_id":"8bced75fda9be856e66c463dcdf96b2952f93dd8eb64786a0428354e49dee872"}
2025-12-15T19:35:14+01:00	server	{"log":"Get:9 http://security.ubuntu.com/ubuntu jammy-security/universe amd64 Packages [1287 kB]","container_id":"8bced75fda9be856e66c463dcdf96b2952f93dd8eb64786a0428354e49dee872","container_name":"/docker_server_1","source":"stdout"}
2025-12-15T19:35:15+01:00	server	{"container_id":"8bced75fda9be856e66c463dcdf96b2952f93dd8eb64786a0428354e49dee872","container_name":"/docker_server_1","source":"stdout","log":"Get:10 http://security.ubuntu.com/ubuntu jammy-security/restricted amd64 Packages [6205 kB]"}
2025-12-15T19:35:16+01:00	server	{"container_id":"8bced75fda9be856e66c463dcdf96b2952f93dd8eb64786a0428354e49dee872","container_name":"/docker_server_1","source":"stdout","log":"Fetched 23.5 MB in 4s (6575 kB/s)"}
2025-12-15T19:35:13+01:00	rc2	{"container_name":"/docker_rc2_1","source":"stdout","log":" * Starting system logging syslog-ng","container_id":"c7e6f007c250a3a4f9b0c0193a84a2d90ba593fa64bc263f968706afdac5c15f"}
2025-12-15T19:35:13+01:00	rc2	{"container_name":"/docker_rc2_1","source":"stderr","log":"[2025-12-15T19:35:13.051802] WARNING: Configuration file format is too old, syslog-ng is running in compatibility mode. Please update it to use the syslog-ng 3.35 format at your time of convenience. To upgrade the configuration, please review the warnings about incompatible changes printed by syslog-ng, and once completed change the @version header at the top of the configuration file; config-version='3.27'","container_id":"c7e6f007c250a3a4f9b0c0193a84a2d90ba593fa64bc263f968706afdac5c15f"}
2025-12-15T19:35:13+01:00	rc2	{"container_name":"/docker_rc2_1","source":"stderr","log":"[2025-12-15T19:35:13.120490] WARNING: The internal_queue_length stat counter has been renamed to internal_source.queued. The old name will be removed in future versions; config-version='3.27'","container_id":"c7e6f007c250a3a4f9b0c0193a84a2d90ba593fa64bc263f968706afdac5c15f"}
2025-12-15T19:35:13+01:00	rc2	{"source":"stdout","log":"   ...done.","container_id":"c7e6f007c250a3a4f9b0c0193a84a2d90ba593fa64bc263f968706afdac5c15f","container_name":"/docker_rc2_1"}
2025-12-15T19:35:13+01:00	rc2	{"container_id":"c7e6f007c250a3a4f9b0c0193a84a2d90ba593fa64bc263f968706afdac5c15f","container_name":"/docker_rc2_1","source":"stdout","log":" * Started watchfrr"}
2025-12-15T19:35:13+01:00	rc2	{"log":"","container_id":"c7e6f007c250a3a4f9b0c0193a84a2d90ba593fa64bc263f968706afdac5c15f","container_name":"/docker_rc2_1","source":"stdout"}
2025-12-15T19:35:13+01:00	rc2	{"container_id":"c7e6f007c250a3a4f9b0c0193a84a2d90ba593fa64bc263f968706afdac5c15f","container_name":"/docker_rc2_1","source":"stdout","log":"Hello, this is FRRouting (version 8.1)."}
2025-12-15T19:35:13+01:00	rc2	{"source":"stdout","log":"Copyright 1996-2005 Kunihiro Ishiguro, et al.","container_id":"c7e6f007c250a3a4f9b0c0193a84a2d90ba593fa64bc263f968706afdac5c15f","container_name":"/docker_rc2_1"}
2025-12-15T19:35:13+01:00	rc2	{"container_id":"c7e6f007c250a3a4f9b0c0193a84a2d90ba593fa64bc263f968706afdac5c15f","container_name":"/docker_rc2_1","source":"stdout","log":""}
2025-12-15T19:35:13+01:00	rc2	{"source":"stdout","log":"rc2# conf t","container_id":"c7e6f007c250a3a4f9b0c0193a84a2d90ba593fa64bc263f968706afdac5c15f","container_name":"/docker_rc2_1"}
2025-12-15T19:35:13+01:00	rc2	{"container_id":"c7e6f007c250a3a4f9b0c0193a84a2d90ba593fa64bc263f968706afdac5c15f","container_name":"/docker_rc2_1","source":"stdout","log":"rc2(config)# log file /shared-volume/frr/frr4.log"}
2025-12-15T19:35:13+01:00	rc2	{"container_id":"c7e6f007c250a3a4f9b0c0193a84a2d90ba593fa64bc263f968706afdac5c15f","container_name":"/docker_rc2_1","source":"stdout","log":"can't open logfile /shared-volume/frr/frr4.log"}
2025-12-15T19:35:13+01:00	rc2	{"container_id":"c7e6f007c250a3a4f9b0c0193a84a2d90ba593fa64bc263f968706afdac5c15f","container_name":"/docker_rc2_1","source":"stdout","log":"rc2(config)# router ospf"}
2025-12-15T19:35:13+01:00	rc2	{"container_id":"c7e6f007c250a3a4f9b0c0193a84a2d90ba593fa64bc263f968706afdac5c15f","container_name":"/docker_rc2_1","source":"stdout","log":"rc2(config-router)# network 10.1.0.0/29 area 0"}
2025-12-15T19:35:13+01:00	rc2	{"container_id":"c7e6f007c250a3a4f9b0c0193a84a2d90ba593fa64bc263f968706afdac5c15f","container_name":"/docker_rc2_1","source":"stdout","log":"rc2(config-router)# network 10.2.0.0/29 area 0"}
2025-12-15T19:35:13+01:00	rc2	{"container_id":"c7e6f007c250a3a4f9b0c0193a84a2d90ba593fa64bc263f968706afdac5c15f","container_name":"/docker_rc2_1","source":"stdout","log":"rc2(config-router)# network 10.3.0.0/29 area 0"}
2025-12-15T19:35:13+01:00	rc2	{"container_id":"c7e6f007c250a3a4f9b0c0193a84a2d90ba593fa64bc263f968706afdac5c15f","container_name":"/docker_rc2_1","source":"stdout","log":"rc2(config-router)# end"}
2025-12-15T19:35:13+01:00	rc2	{"log":"rc2# ","container_id":"c7e6f007c250a3a4f9b0c0193a84a2d90ba593fa64bc263f968706afdac5c15f","container_name":"/docker_rc2_1","source":"stdout"}
2025-12-15T19:35:13+01:00	ra	{"container_name":"/docker_ra_1","source":"stdout","log":" * Starting system logging syslog-ng","container_id":"f5032437accfd844f586ea5a0c2231033718478d21679840945bf24276df3774"}
2025-12-15T19:35:13+01:00	ra	{"container_name":"/docker_ra_1","source":"stderr","log":"[2025-12-15T19:35:13.075549] WARNING: Configuration file format is too old, syslog-ng is running in compatibility mode. Please update it to use the syslog-ng 3.35 format at your time of convenience. To upgrade the configuration, please review the warnings about incompatible changes printed by syslog-ng, and once completed change the @version header at the top of the configuration file; config-version='3.27'","container_id":"f5032437accfd844f586ea5a0c2231033718478d21679840945bf24276df3774"}
2025-12-15T19:35:13+01:00	ra	{"log":"[2025-12-15T19:35:13.153639] WARNING: The internal_queue_length stat counter has been renamed to internal_source.queued. The old name will be removed in future versions; config-version='3.27'","container_id":"f5032437accfd844f586ea5a0c2231033718478d21679840945bf24276df3774","container_name":"/docker_ra_1","source":"stderr"}
2025-12-15T19:35:13+01:00	ra	{"container_id":"f5032437accfd844f586ea5a0c2231033718478d21679840945bf24276df3774","container_name":"/docker_ra_1","source":"stdout","log":"   ...done."}
2025-12-15T19:35:13+01:00	ra	{"source":"stdout","log":" * Started watchfrr","container_id":"f5032437accfd844f586ea5a0c2231033718478d21679840945bf24276df3774","container_name":"/docker_ra_1"}
2025-12-15T19:35:13+01:00	ra	{"container_id":"f5032437accfd844f586ea5a0c2231033718478d21679840945bf24276df3774","container_name":"/docker_ra_1","source":"stdout","log":""}
2025-12-15T19:35:13+01:00	ra	{"log":"Hello, this is FRRouting (version 8.1).","container_id":"f5032437accfd844f586ea5a0c2231033718478d21679840945bf24276df3774","container_name":"/docker_ra_1","source":"stdout"}
2025-12-15T19:35:13+01:00	ra	{"source":"stdout","log":"Copyright 1996-2005 Kunihiro Ishiguro, et al.","container_id":"f5032437accfd844f586ea5a0c2231033718478d21679840945bf24276df3774","container_name":"/docker_ra_1"}
2025-12-15T19:35:13+01:00	ra	{"source":"stdout","log":"","container_id":"f5032437accfd844f586ea5a0c2231033718478d21679840945bf24276df3774","container_name":"/docker_ra_1"}
2025-12-15T19:35:13+01:00	ra	{"log":"ra# conf t","container_id":"f5032437accfd844f586ea5a0c2231033718478d21679840945bf24276df3774","container_name":"/docker_ra_1","source":"stdout"}
2025-12-15T19:35:13+01:00	ra	{"source":"stdout","log":"ra(config)# log file /shared-volume/frr/frr1.log","container_id":"f5032437accfd844f586ea5a0c2231033718478d21679840945bf24276df3774","container_name":"/docker_ra_1"}
2025-12-15T19:35:13+01:00	ra	{"source":"stdout","log":"can't open logfile /shared-volume/frr/frr1.log","container_id":"f5032437accfd844f586ea5a0c2231033718478d21679840945bf24276df3774","container_name":"/docker_ra_1"}
2025-12-15T19:35:13+01:00	ra	{"container_id":"f5032437accfd844f586ea5a0c2231033718478d21679840945bf24276df3774","container_name":"/docker_ra_1","source":"stdout","log":"ra(config)# router ospf"}
2025-12-15T19:35:13+01:00	ra	{"source":"stdout","log":"ra(config-router)# network 10.2.0.0/29 area 0","container_id":"f5032437accfd844f586ea5a0c2231033718478d21679840945bf24276df3774","container_name":"/docker_ra_1"}
2025-12-15T19:35:13+01:00	ra	{"log":"ra(config-router)# network 10.0.1.0/24 area 0","container_id":"f5032437accfd844f586ea5a0c2231033718478d21679840945bf24276df3774","container_name":"/docker_ra_1","source":"stdout"}
2025-12-15T19:35:13+01:00	ra	{"container_id":"f5032437accfd844f586ea5a0c2231033718478d21679840945bf24276df3774","container_name":"/docker_ra_1","source":"stdout","log":"ra(config-router)# network 10.0.2.0/24 area 0"}
2025-12-15T19:35:13+01:00	ra	{"container_id":"f5032437accfd844f586ea5a0c2231033718478d21679840945bf24276df3774","container_name":"/docker_ra_1","source":"stdout","log":"ra(config-router)# end"}
2025-12-15T19:35:13+01:00	ra	{"container_id":"f5032437accfd844f586ea5a0c2231033718478d21679840945bf24276df3774","container_name":"/docker_ra_1","source":"stdout","log":"ra# "}
2025-12-15T19:35:13+01:00	rb	{"log":" * Starting system logging syslog-ng","container_id":"cf69939be4ba1fb60d9c72fea1bb5eea141424601a026d3a91ca3c49d8a6e426","container_name":"/docker_rb_1","source":"stdout"}
2025-12-15T19:35:13+01:00	rb	{"source":"stderr","log":"[2025-12-15T19:35:13.092258] WARNING: Configuration file format is too old, syslog-ng is running in compatibility mode. Please update it to use the syslog-ng 3.35 format at your time of convenience. To upgrade the configuration, please review the warnings about incompatible changes printed by syslog-ng, and once completed change the @version header at the top of the configuration file; config-version='3.27'","container_id":"cf69939be4ba1fb60d9c72fea1bb5eea141424601a026d3a91ca3c49d8a6e426","container_name":"/docker_rb_1"}
2025-12-15T19:35:13+01:00	rb	{"source":"stderr","log":"[2025-12-15T19:35:13.142429] WARNING: The internal_queue_length stat counter has been renamed to internal_source.queued. The old name will be removed in future versions; config-version='3.27'","container_id":"cf69939be4ba1fb60d9c72fea1bb5eea141424601a026d3a91ca3c49d8a6e426","container_name":"/docker_rb_1"}
2025-12-15T19:35:13+01:00	rb	{"source":"stdout","log":"   ...done.","container_id":"cf69939be4ba1fb60d9c72fea1bb5eea141424601a026d3a91ca3c49d8a6e426","container_name":"/docker_rb_1"}
2025-12-15T19:35:13+01:00	rb	{"container_name":"/docker_rb_1","source":"stdout","log":" * Started watchfrr","container_id":"cf69939be4ba1fb60d9c72fea1bb5eea141424601a026d3a91ca3c49d8a6e426"}
2025-12-15T19:35:13+01:00	rb	{"source":"stdout","log":"","container_id":"cf69939be4ba1fb60d9c72fea1bb5eea141424601a026d3a91ca3c49d8a6e426","container_name":"/docker_rb_1"}
2025-12-15T19:35:13+01:00	rb	{"container_id":"cf69939be4ba1fb60d9c72fea1bb5eea141424601a026d3a91ca3c49d8a6e426","container_name":"/docker_rb_1","source":"stdout","log":"Hello, this is FRRouting (version 8.1)."}
2025-12-15T19:35:13+01:00	rb	{"container_id":"cf69939be4ba1fb60d9c72fea1bb5eea141424601a026d3a91ca3c49d8a6e426","container_name":"/docker_rb_1","source":"stdout","log":"Copyright 1996-2005 Kunihiro Ishiguro, et al."}
2025-12-15T19:35:13+01:00	rb	{"container_id":"cf69939be4ba1fb60d9c72fea1bb5eea141424601a026d3a91ca3c49d8a6e426","container_name":"/docker_rb_1","source":"stdout","log":""}
2025-12-15T19:35:13+01:00	rb	{"container_id":"cf69939be4ba1fb60d9c72fea1bb5eea141424601a026d3a91ca3c49d8a6e426","container_name":"/docker_rb_1","source":"stdout","log":"rb# conf t"}
2025-12-15T19:35:13+01:00	rb	{"container_id":"cf69939be4ba1fb60d9c72fea1bb5eea141424601a026d3a91ca3c49d8a6e426","container_name":"/docker_rb_1","source":"stdout","log":"rb(config)# log file /shared-volume/frr/frr2.log"}
2025-12-15T19:35:13+01:00	rb	{"container_id":"cf69939be4ba1fb60d9c72fea1bb5eea141424601a026d3a91ca3c49d8a6e426","container_name":"/docker_rb_1","source":"stdout","log":"can't open logfile /shared-volume/frr/frr2.log"}
2025-12-15T19:35:13+01:00	rb	{"container_name":"/docker_rb_1","source":"stdout","log":"rb(config)# router ospf","container_id":"cf69939be4ba1fb60d9c72fea1bb5eea141424601a026d3a91ca3c49d8a6e426"}
2025-12-15T19:35:13+01:00	rb	{"source":"stdout","log":"rb(config-router)# network 10.3.0.0/29 area 0","container_id":"cf69939be4ba1fb60d9c72fea1bb5eea141424601a026d3a91ca3c49d8a6e426","container_name":"/docker_rb_1"}
2025-12-15T19:35:13+01:00	rb	{"source":"stdout","log":"rb(config-router)# network 10.0.3.0/24 area 0","container_id":"cf69939be4ba1fb60d9c72fea1bb5eea141424601a026d3a91ca3c49d8a6e426","container_name":"/docker_rb_1"}
2025-12-15T19:35:13+01:00	rb	{"container_id":"cf69939be4ba1fb60d9c72fea1bb5eea141424601a026d3a91ca3c49d8a6e426","container_name":"/docker_rb_1","source":"stdout","log":"rb(config-router)# network 10.0.4.0/24 area 0"}
2025-12-15T19:35:13+01:00	rb	{"log":"rb(config-router)# end","container_id":"cf69939be4ba1fb60d9c72fea1bb5eea141424601a026d3a91ca3c49d8a6e426","container_name":"/docker_rb_1","source":"stdout"}
2025-12-15T19:35:13+01:00	rb	{"container_id":"cf69939be4ba1fb60d9c72fea1bb5eea141424601a026d3a91ca3c49d8a6e426","container_name":"/docker_rb_1","source":"stdout","log":"rb# "}
2025-12-15T19:35:17+01:00	server	{"container_name":"/docker_server_1","source":"stdout","log":"Reading package lists...","container_id":"8bced75fda9be856e66c463dcdf96b2952f93dd8eb64786a0428354e49dee872"}
2025-12-15T19:35:17+01:00	server	{"container_id":"8bced75fda9be856e66c463dcdf96b2952f93dd8eb64786a0428354e49dee872","container_name":"/docker_server_1","source":"stdout","log":"Reading package lists..."}
2025-12-15T19:35:18+01:00	server	{"container_name":"/docker_server_1","source":"stdout","log":"Building dependency tree...","container_id":"8bced75fda9be856e66c463dcdf96b2952f93dd8eb64786a0428354e49dee872"}
2025-12-15T19:35:18+01:00	server	{"container_id":"8bced75fda9be856e66c463dcdf96b2952f93dd8eb64786a0428354e49dee872","container_name":"/docker_server_1","source":"stdout","log":"Reading state information..."}
2025-12-15T19:35:18+01:00	server	{"container_id":"8bced75fda9be856e66c463dcdf96b2952f93dd8eb64786a0428354e49dee872","container_name":"/docker_server_1","source":"stderr","log":"E: Unable to locate package linux-headers-6.14.0-37-generic"}
2025-12-15T19:35:18+01:00	server	{"log":"E: Couldn't find any package by glob 'linux-headers-6.14.0-37-generic'","container_id":"8bced75fda9be856e66c463dcdf96b2952f93dd8eb64786a0428354e49dee872","container_name":"/docker_server_1","source":"stderr"}
2025-12-15T19:35:18+01:00	server	{"container_id":"8bced75fda9be856e66c463dcdf96b2952f93dd8eb64786a0428354e49dee872","container_name":"/docker_server_1","source":"stderr","log":"E: Couldn't find any package by regex 'linux-headers-6.14.0-37-generic'"}
2025-12-15T19:35:18+01:00	server	{"log":"RTNETLINK answers: File exists","container_id":"8bced75fda9be856e66c463dcdf96b2952f93dd8eb64786a0428354e49dee872","container_name":"/docker_server_1","source":"stderr"}
2025-12-15T19:35:18+01:00	server	{"container_name":"/docker_server_1","source":"stdout","log":"","container_id":"8bced75fda9be856e66c463dcdf96b2952f93dd8eb64786a0428354e49dee872"}
2025-12-15T19:35:18+01:00	server	{"container_name":"/docker_server_1","source":"stdout","log":"> my-test-server@1.0.0 start","container_id":"8bced75fda9be856e66c463dcdf96b2952f93dd8eb64786a0428354e49dee872"}
2025-12-15T19:35:18+01:00	server	{"container_id":"8bced75fda9be856e66c463dcdf96b2952f93dd8eb64786a0428354e49dee872","container_name":"/docker_server_1","source":"stdout","log":"> node server.js"}
2025-12-15T19:35:18+01:00	server	{"container_name":"/docker_server_1","source":"stdout","log":"","container_id":"8bced75fda9be856e66c463dcdf96b2952f93dd8eb64786a0428354e49dee872"}
2025-12-15T19:35:18+01:00	server	{"container_id":"8bced75fda9be856e66c463dcdf96b2952f93dd8eb64786a0428354e49dee872","container_name":"/docker_server_1","source":"stdout","log":"Server is listening at http://localhost:3000"}
2025-12-15T19:35:12+01:00	syslog.syslog.notice	{"host":"rc1","ident":"syslog-ng","pid":"16","message":"syslog-ng starting up; version='3.35.1'"}
2025-12-15T19:35:12+01:00	syslog.syslog.err	{"host":"rc1","ident":"syslog-ng","pid":"16","message":"Syslog connection failed; fd='15', server='AF_INET(10.100.0.3:5140)', error='Connection refused (111)', time_reopen='60'"}
2025-12-15T19:35:12+01:00	syslog.kern.info	{"host":"rc1","ident":"kernel","message":"br-c90ee5426be7: port 2(veth62b956f) entered blocking state"}
2025-12-15T19:35:12+01:00	syslog.kern.info	{"host":"rc1","ident":"kernel","message":"br-c90ee5426be7: port 2(veth62b956f) entered disabled state"}
2025-12-15T19:35:12+01:00	syslog.kern.info	{"host":"rc1","ident":"kernel","message":"veth62b956f: entered allmulticast mode"}
2025-12-15T19:35:12+01:00	syslog.kern.info	{"host":"rc1","ident":"kernel","message":"veth62b956f: entered promiscuous mode"}
2025-12-15T19:35:12+01:00	syslog.kern.info	{"host":"rc1","ident":"kernel","message":"eth2: renamed from veth406e36c"}
2025-12-15T19:35:12+01:00	syslog.kern.info	{"host":"rc1","ident":"kernel","message":"br-a3f09a671af0: port 1(vethd3797a9) entered blocking state"}
2025-12-15T19:35:12+01:00	syslog.kern.info	{"host":"rc1","ident":"kernel","message":"br-a3f09a671af0: port 1(vethd3797a9) entered forwarding state"}
2025-12-15T19:35:13+01:00	syslog.kern.info	{"host":"rc1","ident":"kernel","message":"br-a3f09a671af0: port 2(veth68599b3) entered blocking state"}
2025-12-15T19:35:13+01:00	syslog.kern.info	{"host":"rc1","ident":"kernel","message":"br-a3f09a671af0: port 2(veth68599b3) entered disabled state"}
2025-12-15T19:35:13+01:00	syslog.kern.info	{"host":"rc1","ident":"kernel","message":"veth68599b3: entered allmulticast mode"}
2025-12-15T19:35:13+01:00	syslog.kern.info	{"host":"rc1","ident":"kernel","message":"veth68599b3: entered promiscuous mode"}
2025-12-15T19:35:13+01:00	syslog.kern.info	{"host":"rc1","ident":"kernel","message":"eth2: renamed from vethf66f42f"}
2025-12-15T19:35:13+01:00	syslog.daemon.notice	{"host":"rc1","ident":"watchfrr","pid":"37","message":"[T83RR-8SM5G] watchfrr 8.1 starting: vty@0"}
2025-12-15T19:35:13+01:00	syslog.daemon.info	{"host":"rc1","ident":"watchfrr","pid":"37","message":"[ZCJ3S-SPH5S] zebra state -> down : initial connection attempt failed"}
2025-12-15T19:35:13+01:00	syslog.daemon.info	{"host":"rc1","ident":"watchfrr","pid":"37","message":"[ZCJ3S-SPH5S] bgpd state -> down : initial connection attempt failed"}
2025-12-15T19:35:13+01:00	syslog.daemon.info	{"host":"rc1","ident":"watchfrr","pid":"37","message":"[ZCJ3S-SPH5S] ospfd state -> down : initial connection attempt failed"}
2025-12-15T19:35:13+01:00	syslog.daemon.info	{"host":"rc1","ident":"watchfrr","pid":"37","message":"[ZCJ3S-SPH5S] staticd state -> down : initial connection attempt failed"}
2025-12-15T19:35:13+01:00	syslog.daemon.info	{"host":"rc1","ident":"watchfrr","pid":"37","message":"[YFT0P-5Q5YX] Forked background command [pid 38]: /usr/lib/frr/watchfrr.sh restart all"}
2025-12-15T19:35:13+01:00	syslog.kern.info	{"host":"rc1","ident":"kernel","message":"br-c90ee5426be7: port 2(veth62b956f) entered blocking state"}
2025-12-15T19:35:13+01:00	syslog.kern.info	{"host":"rc1","ident":"kernel","message":"br-c90ee5426be7: port 2(veth62b956f) entered forwarding state"}
2025-12-15T19:35:13+01:00	syslog.daemon.err	{"host":"rc1","ident":"watchfrr.sh","pid":"50","message":"Cannot stop staticd: pid file not found"}
2025-12-15T19:35:13+01:00	syslog.daemon.err	{"host":"rc1","ident":"watchfrr.sh","pid":"51","message":"Cannot stop ospfd: pid file not found"}
2025-12-15T19:35:13+01:00	syslog.daemon.err	{"host":"rc1","ident":"watchfrr.sh","pid":"55","message":"Cannot stop zebra: pid file not found"}
2025-12-15T19:35:13+01:00	syslog.daemon.err	{"host":"rc1","ident":"watchfrr.sh","pid":"53","message":"Cannot stop bgpd: pid file not found"}
2025-12-15T19:35:13+01:00	syslog.kern.info	{"host":"rc1","ident":"kernel","message":"eth2: renamed from veth6f3650b"}
2025-12-15T19:35:13+01:00	syslog.kern.info	{"host":"rc1","ident":"kernel","message":"br-a3f09a671af0: port 2(veth68599b3) entered blocking state"}
2025-12-15T19:35:13+01:00	syslog.kern.info	{"host":"rc1","ident":"kernel","message":"br-a3f09a671af0: port 2(veth68599b3) entered forwarding state"}
2025-12-15T19:35:13+01:00	syslog.daemon.info	{"host":"rc1","ident":"zebra","pid":"57","message":"[VTVCM-Y2NW3] Configuration Read in Took: 00:00:00"}
2025-12-15T19:35:13+01:00	syslog.daemon.info	{"host":"rc1","ident":"ospfd","pid":"69","message":"[VTVCM-Y2NW3] Configuration Read in Took: 00:00:00"}
2025-12-15T19:35:13+01:00	syslog.daemon.info	{"host":"rc1","ident":"bgpd","pid":"62","message":"[VTVCM-Y2NW3] Configuration Read in Took: 00:00:00"}
2025-12-15T19:35:13+01:00	syslog.daemon.info	{"host":"rc1","ident":"staticd","pid":"72","message":"[VTVCM-Y2NW3] Configuration Read in Took: 00:00:00"}
2025-12-15T19:35:13+01:00	syslog.daemon.notice	{"host":"rc1","ident":"watchfrr","pid":"37","message":"[QDG3Y-BY5TN] zebra state -> up : connect succeeded"}
2025-12-15T19:35:13+01:00	syslog.daemon.notice	{"host":"rc1","ident":"watchfrr","pid":"37","message":"[QDG3Y-BY5TN] bgpd state -> up : connect succeeded"}
2025-12-15T19:35:13+01:00	syslog.daemon.notice	{"host":"rc1","ident":"watchfrr","pid":"37","message":"[QDG3Y-BY5TN] ospfd state -> up : connect succeeded"}
2025-12-15T19:35:13+01:00	syslog.daemon.notice	{"host":"rc1","ident":"watchfrr","pid":"37","message":"[QDG3Y-BY5TN] staticd state -> up : connect succeeded"}
2025-12-15T19:35:13+01:00	syslog.daemon.notice	{"host":"rc1","ident":"watchfrr","pid":"37","message":"[KWE5Q-QNGFC] all daemons up, doing startup-complete notify"}
2025-12-15T19:35:13+01:00	syslog.kern.info	{"host":"rc1","ident":"kernel","message":"br-e5032ef9adb4: port 2(veth2b91ebc) entered blocking state"}
2025-12-15T19:35:13+01:00	syslog.kern.info	{"host":"rc1","ident":"kernel","message":"br-e5032ef9adb4: port 2(veth2b91ebc) entered disabled state"}
2025-12-15T19:35:13+01:00	syslog.kern.info	{"host":"rc1","ident":"kernel","message":"veth2b91ebc: entered allmulticast mode"}
2025-12-15T19:35:13+01:00	syslog.kern.info	{"host":"rc1","ident":"kernel","message":"veth2b91ebc: entered promiscuous mode"}
2025-12-15T19:35:13+01:00	syslog.kern.info	{"host":"rc1","ident":"kernel","message":"eth0: renamed from veth8a257df"}
2025-12-15T19:35:13+01:00	syslog.kern.info	{"host":"rc1","ident":"kernel","message":"br-e5032ef9adb4: port 2(veth2b91ebc) entered blocking state"}
2025-12-15T19:35:13+01:00	syslog.kern.info	{"host":"rc1","ident":"kernel","message":"br-e5032ef9adb4: port 2(veth2b91ebc) entered forwarding state"}
2025-12-15T19:35:13+01:00	syslog.kern.info	{"host":"rc1","ident":"kernel","message":"br-6c54867c928a: port 2(veth7c5b156) entered blocking state"}
2025-12-15T19:35:13+01:00	syslog.kern.info	{"host":"rc1","ident":"kernel","message":"br-6c54867c928a: port 2(veth7c5b156) entered disabled state"}
2025-12-15T19:35:13+01:00	syslog.kern.info	{"host":"rc1","ident":"kernel","message":"veth7c5b156: entered allmulticast mode"}
2025-12-15T19:35:13+01:00	syslog.kern.info	{"host":"rc1","ident":"kernel","message":"veth7c5b156: entered promiscuous mode"}
2025-12-15T19:35:13+01:00	syslog.kern.info	{"host":"rc1","ident":"kernel","message":"br-a717561457de: port 2(vethb8d183c) entered blocking state"}
2025-12-15T19:35:13+01:00	syslog.kern.info	{"host":"rc1","ident":"kernel","message":"br-a717561457de: port 2(vethb8d183c) entered disabled state"}
2025-12-15T19:35:13+01:00	syslog.kern.info	{"host":"rc1","ident":"kernel","message":"vethb8d183c: entered allmulticast mode"}
2025-12-15T19:35:13+01:00	syslog.kern.info	{"host":"rc1","ident":"kernel","message":"vethb8d183c: entered promiscuous mode"}
2025-12-15T19:35:13+01:00	syslog.kern.info	{"host":"rc1","ident":"kernel","message":"br-ebeba4fb3371: port 2(vethbde882b) entered blocking state"}
2025-12-15T19:35:13+01:00	syslog.kern.info	{"host":"rc1","ident":"kernel","message":"br-ebeba4fb3371: port 2(vethbde882b) entered disabled state"}
2025-12-15T19:35:13+01:00	syslog.kern.info	{"host":"rc1","ident":"kernel","message":"vethbde882b: entered allmulticast mode"}
2025-12-15T19:35:13+01:00	syslog.kern.info	{"host":"rc1","ident":"kernel","message":"vethbde882b: entered promiscuous mode"}
2025-12-15T19:35:13+01:00	syslog.kern.info	{"host":"rc1","ident":"kernel","message":"eth0: renamed from veth9362be2"}
2025-12-15T19:35:13+01:00	syslog.kern.info	{"host":"rc1","ident":"kernel","message":"br-6c54867c928a: port 2(veth7c5b156) entered blocking state"}
2025-12-15T19:35:13+01:00	syslog.kern.info	{"host":"rc1","ident":"kernel","message":"br-6c54867c928a: port 2(veth7c5b156) entered forwarding state"}
2025-12-15T19:35:13+01:00	syslog.kern.info	{"host":"rc1","ident":"kernel","message":"eth0: renamed from veth2f2b936"}
2025-12-15T19:35:13+01:00	syslog.kern.info	{"host":"rc1","ident":"kernel","message":"br-ebeba4fb3371: port 2(vethbde882b) entered blocking state"}
2025-12-15T19:35:13+01:00	syslog.kern.info	{"host":"rc1","ident":"kernel","message":"br-ebeba4fb3371: port 2(vethbde882b) entered forwarding state"}
2025-12-15T19:35:13+01:00	syslog.kern.info	{"host":"rc1","ident":"kernel","message":"eth0: renamed from veth6405e75"}
2025-12-15T19:35:13+01:00	syslog.kern.info	{"host":"rc1","ident":"kernel","message":"br-a717561457de: port 2(vethb8d183c) entered blocking state"}
2025-12-15T19:35:13+01:00	syslog.kern.info	{"host":"rc1","ident":"kernel","message":"br-a717561457de: port 2(vethb8d183c) entered forwarding state"}
2025-12-15T19:35:58+01:00	syslog.daemon.info	{"host":"rc1","ident":"ospfd","pid":"69","message":"[S5PCG-77H23] Packet[DD]: Neighbor 10.3.0.3 Negotiation done (Master)."}
2025-12-15T19:36:12+01:00	syslog.syslog.notice	{"host":"rc1","ident":"syslog-ng","pid":"16","message":"Syslog connection established; fd='5', server='AF_INET(10.100.0.3:5140)', local='AF_INET(0.0.0.0:0)'"}
2025-12-15T19:40:32+01:00	fluent.info	{"pid":14,"ppid":8,"worker":0,"message":"starting fluentd worker pid=14 ppid=8 worker=0"}
2025-12-15T19:40:32+01:00	fluent.info	{"message":"listening syslog socket on 0.0.0.0:5140 with tcp"}
2025-12-15T19:40:32+01:00	fluent.info	{"port":24224,"bind":"0.0.0.0","message":"listening port port=24224 bind=\"0.0.0.0\""}
2025-12-15T19:40:32+01:00	fluent.info	{"worker":0,"message":"fluentd worker is now running worker=0"}
2025-12-15T19:40:32+01:00	server	{"container_id":"d139d516e91cce849e36142673b1d348b5fd7ea1acb2894f7f940a2c0ad519d2","container_name":"/docker_server_1","source":"stdout","log":"Hit:1 http://archive.ubuntu.com/ubuntu jammy InRelease"}
2025-12-15T19:40:32+01:00	server	{"container_id":"d139d516e91cce849e36142673b1d348b5fd7ea1acb2894f7f940a2c0ad519d2","container_name":"/docker_server_1","source":"stdout","log":"Get:2 http://security.ubuntu.com/ubuntu jammy-security InRelease [129 kB]"}
2025-12-15T19:40:32+01:00	server	{"source":"stdout","log":"Get:3 http://archive.ubuntu.com/ubuntu jammy-updates InRelease [128 kB]","container_id":"d139d516e91cce849e36142673b1d348b5fd7ea1acb2894f7f940a2c0ad519d2","container_name":"/docker_server_1"}
2025-12-15T19:40:31+01:00	rc1	{"container_id":"235212ee150a4e8e2dc37b1d8ff414d866b59c80abc3a880e12ff10c11b74250","container_name":"/docker_rc1_1","source":"stdout","log":" * Starting system logging syslog-ng"}
2025-12-15T19:40:31+01:00	rc1	{"container_name":"/docker_rc1_1","source":"stderr","log":"[2025-12-15T19:40:31.802935] WARNING: Configuration file format is too old, syslog-ng is running in compatibility mode. Please update it to use the syslog-ng 3.35 format at your time of convenience. To upgrade the configuration, please review the warnings about incompatible changes printed by syslog-ng, and once completed change the @version header at the top of the configuration file; config-version='3.27'","container_id":"235212ee150a4e8e2dc37b1d8ff414d866b59c80abc3a880e12ff10c11b74250"}
2025-12-15T19:40:31+01:00	rc1	{"container_id":"235212ee150a4e8e2dc37b1d8ff414d866b59c80abc3a880e12ff10c11b74250","container_name":"/docker_rc1_1","source":"stderr","log":"[2025-12-15T19:40:31.834407] WARNING: The internal_queue_length stat counter has been renamed to internal_source.queued. The old name will be removed in future versions; config-version='3.27'"}
2025-12-15T19:40:31+01:00	rc1	{"log":"   ...done.","container_id":"235212ee150a4e8e2dc37b1d8ff414d866b59c80abc3a880e12ff10c11b74250","container_name":"/docker_rc1_1","source":"stdout"}
2025-12-15T19:40:32+01:00	rc1	{"container_id":"235212ee150a4e8e2dc37b1d8ff414d866b59c80abc3a880e12ff10c11b74250","container_name":"/docker_rc1_1","source":"stdout","log":" * Started watchfrr"}
2025-12-15T19:40:32+01:00	rc1	{"log":"","container_id":"235212ee150a4e8e2dc37b1d8ff414d866b59c80abc3a880e12ff10c11b74250","container_name":"/docker_rc1_1","source":"stdout"}
2025-12-15T19:40:32+01:00	rc1	{"container_id":"235212ee150a4e8e2dc37b1d8ff414d866b59c80abc3a880e12ff10c11b74250","container_name":"/docker_rc1_1","source":"stdout","log":"Hello, this is FRRouting (version 8.1)."}
2025-12-15T19:40:32+01:00	rc1	{"source":"stdout","log":"Copyright 1996-2005 Kunihiro Ishiguro, et al.","container_id":"235212ee150a4e8e2dc37b1d8ff414d866b59c80abc3a880e12ff10c11b74250","container_name":"/docker_rc1_1"}
2025-12-15T19:40:32+01:00	rc1	{"source":"stdout","log":"","container_id":"235212ee150a4e8e2dc37b1d8ff414d866b59c80abc3a880e12ff10c11b74250","container_name":"/docker_rc1_1"}
2025-12-15T19:40:32+01:00	rc1	{"container_name":"/docker_rc1_1","source":"stdout","log":"rc1# conf t","container_id":"235212ee150a4e8e2dc37b1d8ff414d866b59c80abc3a880e12ff10c11b74250"}
2025-12-15T19:40:32+01:00	rc1	{"source":"stdout","log":"rc1(config)# log file /shared-volume/frr/frr3.log","container_id":"235212ee150a4e8e2dc37b1d8ff414d866b59c80abc3a880e12ff10c11b74250","container_name":"/docker_rc1_1"}
2025-12-15T19:40:32+01:00	rc1	{"container_id":"235212ee150a4e8e2dc37b1d8ff414d866b59c80abc3a880e12ff10c11b74250","container_name":"/docker_rc1_1","source":"stdout","log":"can't open logfile /shared-volume/frr/frr3.log"}
2025-12-15T19:40:32+01:00	rc1	{"container_id":"235212ee150a4e8e2dc37b1d8ff414d866b59c80abc3a880e12ff10c11b74250","container_name":"/docker_rc1_1","source":"stdout","log":"rc1(config)# router ospf"}
2025-12-15T19:40:32+01:00	rc1	{"container_id":"235212ee150a4e8e2dc37b1d8ff414d866b59c80abc3a880e12ff10c11b74250","container_name":"/docker_rc1_1","source":"stdout","log":"rc1(config-router)# network 10.1.0.0/29 area 0"}
2025-12-15T19:40:32+01:00	rc1	{"log":"rc1(config-router)# network 10.100.0.0/24 area 0","container_id":"235212ee150a4e8e2dc37b1d8ff414d866b59c80abc3a880e12ff10c11b74250","container_name":"/docker_rc1_1","source":"stdout"}
2025-12-15T19:40:32+01:00	rc1	{"container_id":"235212ee150a4e8e2dc37b1d8ff414d866b59c80abc3a880e12ff10c11b74250","container_name":"/docker_rc1_1","source":"stdout","log":"rc1(config-router)# end"}
2025-12-15T19:40:32+01:00	rc1	{"container_id":"235212ee150a4e8e2dc37b1d8ff414d866b59c80abc3a880e12ff10c11b74250","container_name":"/docker_rc1_1","source":"stdout","log":"rc1# "}
2025-12-15T19:40:32+01:00	server	{"container_name":"/docker_server_1","source":"stdout","log":"Get:4 http://archive.ubuntu.com/ubuntu jammy-backports InRelease [127 kB]","container_id":"d139d516e91cce849e36142673b1d348b5fd7ea1acb2894f7f940a2c0ad519d2"}
2025-12-15T19:40:31+01:00	rc2	{"source":"stdout","log":" * Starting system logging syslog-ng","container_id":"07346b535bc7eb4db1e6d9e25e92bca47e73d6fda22d7880fff970315d5b0458","container_name":"/docker_rc2_1"}
2025-12-15T19:40:31+01:00	rc2	{"source":"stderr","log":"[2025-12-15T19:40:31.897558] WARNING: Configuration file format is too old, syslog-ng is running in compatibility mode. Please update it to use the syslog-ng 3.35 format at your time of convenience. To upgrade the configuration, please review the warnings about incompatible changes printed by syslog-ng, and once completed change the @version header at the top of the configuration file; config-version='3.27'","container_id":"07346b535bc7eb4db1e6d9e25e92bca47e73d6fda22d7880fff970315d5b0458","container_name":"/docker_rc2_1"}
2025-12-15T19:40:31+01:00	rc2	{"container_id":"07346b535bc7eb4db1e6d9e25e92bca47e73d6fda22d7880fff970315d5b0458","container_name":"/docker_rc2_1","source":"stderr","log":"[2025-12-15T19:40:31.953863] WARNING: The internal_queue_length stat counter has been renamed to internal_source.queued. The old name will be removed in future versions; config-version='3.27'"}
2025-12-15T19:40:31+01:00	rc2	{"container_id":"07346b535bc7eb4db1e6d9e25e92bca47e73d6fda22d7880fff970315d5b0458","container_name":"/docker_rc2_1","source":"stdout","log":"   ...done."}
2025-12-15T19:40:32+01:00	rc2	{"log":" * Started watchfrr","container_id":"07346b535bc7eb4db1e6d9e25e92bca47e73d6fda22d7880fff970315d5b0458","container_name":"/docker_rc2_1","source":"stdout"}
2025-12-15T19:40:32+01:00	rc2	{"container_id":"07346b535bc7eb4db1e6d9e25e92bca47e73d6fda22d7880fff970315d5b0458","container_name":"/docker_rc2_1","source":"stdout","log":""}
2025-12-15T19:40:32+01:00	rc2	{"container_id":"07346b535bc7eb4db1e6d9e25e92bca47e73d6fda22d7880fff970315d5b0458","container_name":"/docker_rc2_1","source":"stdout","log":"Hello, this is FRRouting (version 8.1)."}
2025-12-15T19:40:32+01:00	rc2	{"log":"Copyright 1996-2005 Kunihiro Ishiguro, et al.","container_id":"07346b535bc7eb4db1e6d9e25e92bca47e73d6fda22d7880fff970315d5b0458","container_name":"/docker_rc2_1","source":"stdout"}
2025-12-15T19:40:32+01:00	rc2	{"container_id":"07346b535bc7eb4db1e6d9e25e92bca47e73d6fda22d7880fff970315d5b0458","container_name":"/docker_rc2_1","source":"stdout","log":""}
2025-12-15T19:40:32+01:00	rc2	{"source":"stdout","log":"rc2# conf t","container_id":"07346b535bc7eb4db1e6d9e25e92bca47e73d6fda22d7880fff970315d5b0458","container_name":"/docker_rc2_1"}
2025-12-15T19:40:32+01:00	rc2	{"log":"rc2(config)# log file /shared-volume/frr/frr4.log","container_id":"07346b535bc7eb4db1e6d9e25e92bca47e73d6fda22d7880fff970315d5b0458","container_name":"/docker_rc2_1","source":"stdout"}
2025-12-15T19:40:32+01:00	rc2	{"container_id":"07346b535bc7eb4db1e6d9e25e92bca47e73d6fda22d7880fff970315d5b0458","container_name":"/docker_rc2_1","source":"stdout","log":"can't open logfile /shared-volume/frr/frr4.log"}
2025-12-15T19:40:32+01:00	rc2	{"log":"rc2(config)# router ospf","container_id":"07346b535bc7eb4db1e6d9e25e92bca47e73d6fda22d7880fff970315d5b0458","container_name":"/docker_rc2_1","source":"stdout"}
2025-12-15T19:40:32+01:00	rc2	{"container_id":"07346b535bc7eb4db1e6d9e25e92bca47e73d6fda22d7880fff970315d5b0458","container_name":"/docker_rc2_1","source":"stdout","log":"rc2(config-router)# network 10.1.0.0/29 area 0"}
2025-12-15T19:40:32+01:00	rc2	{"container_id":"07346b535bc7eb4db1e6d9e25e92bca47e73d6fda22d7880fff970315d5b0458","container_name":"/docker_rc2_1","source":"stdout","log":"rc2(config-router)# network 10.2.0.0/29 area 0"}
2025-12-15T19:40:32+01:00	rc2	{"source":"stdout","log":"rc2(config-router)# network 10.3.0.0/29 area 0","container_id":"07346b535bc7eb4db1e6d9e25e92bca47e73d6fda22d7880fff970315d5b0458","container_name":"/docker_rc2_1"}
2025-12-15T19:40:32+01:00	rc2	{"container_name":"/docker_rc2_1","source":"stdout","log":"rc2(config-router)# end","container_id":"07346b535bc7eb4db1e6d9e25e92bca47e73d6fda22d7880fff970315d5b0458"}
2025-12-15T19:40:32+01:00	rc2	{"container_id":"07346b535bc7eb4db1e6d9e25e92bca47e73d6fda22d7880fff970315d5b0458","container_name":"/docker_rc2_1","source":"stdout","log":"rc2# "}
2025-12-15T19:40:31+01:00	ra	{"log":" * Starting system logging syslog-ng","container_id":"0528eea5b43f528a89a9a73446cb3e997122c7a76109766c7c7cf044a418459c","container_name":"/docker_ra_1","source":"stdout"}
2025-12-15T19:40:31+01:00	ra	{"log":"[2025-12-15T19:40:31.939054] WARNING: Configuration file format is too old, syslog-ng is running in compatibility mode. Please update it to use the syslog-ng 3.35 format at your time of convenience. To upgrade the configuration, please review the warnings about incompatible changes printed by syslog-ng, and once completed change the @version header at the top of the configuration file; config-version='3.27'","container_id":"0528eea5b43f528a89a9a73446cb3e997122c7a76109766c7c7cf044a418459c","container_name":"/docker_ra_1","source":"stderr"}
2025-12-15T19:40:32+01:00	ra	{"source":"stderr","log":"[2025-12-15T19:40:32.002655] WARNING: The internal_queue_length stat counter has been renamed to internal_source.queued. The old name will be removed in future versions; config-version='3.27'","container_id":"0528eea5b43f528a89a9a73446cb3e997122c7a76109766c7c7cf044a418459c","container_name":"/docker_ra_1"}
2025-12-15T19:40:32+01:00	ra	{"container_name":"/docker_ra_1","source":"stdout","log":"   ...done.","container_id":"0528eea5b43f528a89a9a73446cb3e997122c7a76109766c7c7cf044a418459c"}
2025-12-15T19:40:32+01:00	ra	{"container_id":"0528eea5b43f528a89a9a73446cb3e997122c7a76109766c7c7cf044a418459c","container_name":"/docker_ra_1","source":"stdout","log":" * Started watchfrr"}
2025-12-15T19:40:32+01:00	ra	{"log":"","container_id":"0528eea5b43f528a89a9a73446cb3e997122c7a76109766c7c7cf044a418459c","container_name":"/docker_ra_1","source":"stdout"}
2025-12-15T19:40:32+01:00	ra	{"container_id":"0528eea5b43f528a89a9a73446cb3e997122c7a76109766c7c7cf044a418459c","container_name":"/docker_ra_1","source":"stdout","log":"Hello, this is FRRouting (version 8.1)."}
2025-12-15T19:40:32+01:00	ra	{"container_id":"0528eea5b43f528a89a9a73446cb3e997122c7a76109766c7c7cf044a418459c","container_name":"/docker_ra_1","source":"stdout","log":"Copyright 1996-2005 Kunihiro Ishiguro, et al."}
2025-12-15T19:40:32+01:00	ra	{"container_name":"/docker_ra_1","source":"stdout","log":"","container_id":"0528eea5b43f528a89a9a73446cb3e997122c7a76109766c7c7cf044a418459c"}
2025-12-15T19:40:32+01:00	ra	{"container_id":"0528eea5b43f528a89a9a73446cb3e997122c7a76109766c7c7cf044a418459c","container_name":"/docker_ra_1","source":"stdout","log":"ra# conf t"}
2025-12-15T19:40:32+01:00	ra	{"container_id":"0528eea5b43f528a89a9a73446cb3e997122c7a76109766c7c7cf044a418459c","container_name":"/docker_ra_1","source":"stdout","log":"ra(config)# log file /shared-volume/frr/frr1.log"}
2025-12-15T19:40:32+01:00	ra	{"log":"can't open logfile /shared-volume/frr/frr1.log","container_id":"0528eea5b43f528a89a9a73446cb3e997122c7a76109766c7c7cf044a418459c","container_name":"/docker_ra_1","source":"stdout"}
2025-12-15T19:40:32+01:00	ra	{"container_name":"/docker_ra_1","source":"stdout","log":"ra(config)# router ospf","container_id":"0528eea5b43f528a89a9a73446cb3e997122c7a76109766c7c7cf044a418459c"}
2025-12-15T19:40:32+01:00	ra	{"source":"stdout","log":"ra(config-router)# network 10.2.0.0/29 area 0","container_id":"0528eea5b43f528a89a9a73446cb3e997122c7a76109766c7c7cf044a418459c","container_name":"/docker_ra_1"}
2025-12-15T19:40:32+01:00	ra	{"container_name":"/docker_ra_1","source":"stdout","log":"ra(config-router)# network 10.0.1.0/24 area 0","container_id":"0528eea5b43f528a89a9a73446cb3e997122c7a76109766c7c7cf044a418459c"}
2025-12-15T19:40:32+01:00	ra	{"container_name":"/docker_ra_1","source":"stdout","log":"ra(config-router)# network 10.0.2.0/24 area 0","container_id":"0528eea5b43f528a89a9a73446cb3e997122c7a76109766c7c7cf044a418459c"}
2025-12-15T19:40:32+01:00	ra	{"container_name":"/docker_ra_1","source":"stdout","log":"ra(config-router)# end","container_id":"0528eea5b43f528a89a9a73446cb3e997122c7a76109766c7c7cf044a418459c"}
2025-12-15T19:40:32+01:00	ra	{"log":"ra# ","container_id":"0528eea5b43f528a89a9a73446cb3e997122c7a76109766c7c7cf044a418459c","container_name":"/docker_ra_1","source":"stdout"}
2025-12-15T19:40:31+01:00	rb	{"log":" * Starting system logging syslog-ng","container_id":"876fff4f47a9d878a0ba209bb9217d951630a773ea240151777b74903ef10931","container_name":"/docker_rb_1","source":"stdout"}
2025-12-15T19:40:31+01:00	rb	{"log":"[2025-12-15T19:40:31.969077] WARNING: Configuration file format is too old, syslog-ng is running in compatibility mode. Please update it to use the syslog-ng 3.35 format at your time of convenience. To upgrade the configuration, please review the warnings about incompatible changes printed by syslog-ng, and once completed change the @version header at the top of the configuration file; config-version='3.27'","container_id":"876fff4f47a9d878a0ba209bb9217d951630a773ea240151777b74903ef10931","container_name":"/docker_rb_1","source":"stderr"}
2025-12-15T19:40:32+01:00	rb	{"container_id":"876fff4f47a9d878a0ba209bb9217d951630a773ea240151777b74903ef10931","container_name":"/docker_rb_1","source":"stderr","log":"[2025-12-15T19:40:32.062177] WARNING: The internal_queue_length stat counter has been renamed to internal_source.queued. The old name will be removed in future versions; config-version='3.27'"}
2025-12-15T19:40:32+01:00	rb	{"container_id":"876fff4f47a9d878a0ba209bb9217d951630a773ea240151777b74903ef10931","container_name":"/docker_rb_1","source":"stdout","log":"   ...done."}
2025-12-15T19:40:32+01:00	rb	{"container_id":"876fff4f47a9d878a0ba209bb9217d951630a773ea240151777b74903ef10931","container_name":"/docker_rb_1","source":"stdout","log":" * Started watchfrr"}
2025-12-15T19:40:32+01:00	rb	{"source":"stdout","log":"","container_id":"876fff4f47a9d878a0ba209bb9217d951630a773ea240151777b74903ef10931","container_name":"/docker_rb_1"}
2025-12-15T19:40:32+01:00	rb	{"container_id":"876fff4f47a9d878a0ba209bb9217d951630a773ea240151777b74903ef10931","container_name":"/docker_rb_1","source":"stdout","log":"Hello, this is FRRouting (version 8.1)."}
2025-12-15T19:40:32+01:00	rb	{"log":"Copyright 1996-2005 Kunihiro Ishiguro, et al.","container_id":"876fff4f47a9d878a0ba209bb9217d951630a773ea240151777b74903ef10931","container_name":"/docker_rb_1","source":"stdout"}
2025-12-15T19:40:32+01:00	rb	{"log":"","container_id":"876fff4f47a9d878a0ba209bb9217d951630a773ea240151777b74903ef10931","container_name":"/docker_rb_1","source":"stdout"}
2025-12-15T19:40:32+01:00	rb	{"container_id":"876fff4f47a9d878a0ba209bb9217d951630a773ea240151777b74903ef10931","container_name":"/docker_rb_1","source":"stdout","log":"rb# conf t"}
2025-12-15T19:40:32+01:00	rb	{"container_name":"/docker_rb_1","source":"stdout","log":"rb(config)# log file /shared-volume/frr/frr2.log","container_id":"876fff4f47a9d878a0ba209bb9217d951630a773ea240151777b74903ef10931"}
2025-12-15T19:40:32+01:00	rb	{"source":"stdout","log":"can't open logfile /shared-volume/frr/frr2.log","container_id":"876fff4f47a9d878a0ba209bb9217d951630a773ea240151777b74903ef10931","container_name":"/docker_rb_1"}
2025-12-15T19:40:32+01:00	rb	{"log":"rb(config)# router ospf","container_id":"876fff4f47a9d878a0ba209bb9217d951630a773ea240151777b74903ef10931","container_name":"/docker_rb_1","source":"stdout"}
2025-12-15T19:40:32+01:00	rb	{"container_id":"876fff4f47a9d878a0ba209bb9217d951630a773ea240151777b74903ef10931","container_name":"/docker_rb_1","source":"stdout","log":"rb(config-router)# network 10.3.0.0/29 area 0"}
2025-12-15T19:40:32+01:00	rb	{"container_name":"/docker_rb_1","source":"stdout","log":"rb(config-router)# network 10.0.3.0/24 area 0","container_id":"876fff4f47a9d878a0ba209bb9217d951630a773ea240151777b74903ef10931"}
2025-12-15T19:40:32+01:00	rb	{"container_name":"/docker_rb_1","source":"stdout","log":"rb(config-router)# network 10.0.4.0/24 area 0","container_id":"876fff4f47a9d878a0ba209bb9217d951630a773ea240151777b74903ef10931"}
2025-12-15T19:40:32+01:00	rb	{"container_id":"876fff4f47a9d878a0ba209bb9217d951630a773ea240151777b74903ef10931","container_name":"/docker_rb_1","source":"stdout","log":"rb(config-router)# end"}
2025-12-15T19:40:32+01:00	rb	{"container_id":"876fff4f47a9d878a0ba209bb9217d951630a773ea240151777b74903ef10931","container_name":"/docker_rb_1","source":"stdout","log":"rb# "}
2025-12-15T19:40:33+01:00	server	{"container_name":"/docker_server_1","source":"stdout","log":"Get:5 http://archive.ubuntu.com/ubuntu jammy-updates/restricted amd64 Packages [6410 kB]","container_id":"d139d516e91cce849e36142673b1d348b5fd7ea1acb2894f7f940a2c0ad519d2"}
2025-12-15T19:40:33+01:00	server	{"container_id":"d139d516e91cce849e36142673b1d348b5fd7ea1acb2894f7f940a2c0ad519d2","container_name":"/docker_server_1","source":"stdout","log":"Get:6 http://security.ubuntu.com/ubuntu jammy-security/restricted amd64 Packages [6205 kB]"}
2025-12-15T19:40:34+01:00	server	{"container_id":"d139d516e91cce849e36142673b1d348b5fd7ea1acb2894f7f940a2c0ad519d2","container_name":"/docker_server_1","source":"stdout","log":"Get:7 http://archive.ubuntu.com/ubuntu jammy-updates/universe amd64 Packages [1598 kB]"}
2025-12-15T19:40:35+01:00	server	{"container_id":"d139d516e91cce849e36142673b1d348b5fd7ea1acb2894f7f940a2c0ad519d2","container_name":"/docker_server_1","source":"stdout","log":"Get:8 http://archive.ubuntu.com/ubuntu jammy-updates/main amd64 Packages [3964 kB]"}
2025-12-15T19:40:36+01:00	server	{"container_name":"/docker_server_1","source":"stdout","log":"Get:9 http://security.ubuntu.com/ubuntu jammy-security/universe amd64 Packages [1287 kB]","container_id":"d139d516e91cce849e36142673b1d348b5fd7ea1acb2894f7f940a2c0ad519d2"}
2025-12-15T19:40:37+01:00	server	{"log":"Get:10 http://security.ubuntu.com/ubuntu jammy-security/main amd64 Packages [3631 kB]","container_id":"d139d516e91cce849e36142673b1d348b5fd7ea1acb2894f7f940a2c0ad519d2","container_name":"/docker_server_1","source":"stdout"}
2025-12-15T19:40:37+01:00	server	{"container_id":"d139d516e91cce849e36142673b1d348b5fd7ea1acb2894f7f940a2c0ad519d2","container_name":"/docker_server_1","source":"stdout","log":"Fetched 23.5 MB in 6s (3932 kB/s)"}
2025-12-15T19:40:38+01:00	server	{"container_id":"d139d516e91cce849e36142673b1d348b5fd7ea1acb2894f7f940a2c0ad519d2","container_name":"/docker_server_1","source":"stdout","log":"Reading package lists..."}
2025-12-15T19:40:39+01:00	server	{"source":"stdout","log":"Reading package lists...","container_id":"d139d516e91cce849e36142673b1d348b5fd7ea1acb2894f7f940a2c0ad519d2","container_name":"/docker_server_1"}
2025-12-15T19:40:39+01:00	server	{"source":"stdout","log":"Building dependency tree...","container_id":"d139d516e91cce849e36142673b1d348b5fd7ea1acb2894f7f940a2c0ad519d2","container_name":"/docker_server_1"}
2025-12-15T19:40:39+01:00	server	{"container_name":"/docker_server_1","source":"stdout","log":"Reading state information...","container_id":"d139d516e91cce849e36142673b1d348b5fd7ea1acb2894f7f940a2c0ad519d2"}
2025-12-15T19:40:39+01:00	server	{"container_id":"d139d516e91cce849e36142673b1d348b5fd7ea1acb2894f7f940a2c0ad519d2","container_name":"/docker_server_1","source":"stderr","log":"E: Unable to locate package linux-headers-6.14.0-37-generic"}
2025-12-15T19:40:39+01:00	server	{"container_name":"/docker_server_1","source":"stderr","log":"E: Couldn't find any package by glob 'linux-headers-6.14.0-37-generic'","container_id":"d139d516e91cce849e36142673b1d348b5fd7ea1acb2894f7f940a2c0ad519d2"}
2025-12-15T19:40:39+01:00	server	{"source":"stderr","log":"E: Couldn't find any package by regex 'linux-headers-6.14.0-37-generic'","container_id":"d139d516e91cce849e36142673b1d348b5fd7ea1acb2894f7f940a2c0ad519d2","container_name":"/docker_server_1"}
2025-12-15T19:40:39+01:00	server	{"log":"RTNETLINK answers: File exists","container_id":"d139d516e91cce849e36142673b1d348b5fd7ea1acb2894f7f940a2c0ad519d2","container_name":"/docker_server_1","source":"stderr"}
2025-12-15T19:40:39+01:00	server	{"container_id":"d139d516e91cce849e36142673b1d348b5fd7ea1acb2894f7f940a2c0ad519d2","container_name":"/docker_server_1","source":"stdout","log":""}
2025-12-15T19:40:39+01:00	server	{"source":"stdout","log":"> my-test-server@1.0.0 start","container_id":"d139d516e91cce849e36142673b1d348b5fd7ea1acb2894f7f940a2c0ad519d2","container_name":"/docker_server_1"}
2025-12-15T19:40:39+01:00	server	{"log":"> node server.js","container_id":"d139d516e91cce849e36142673b1d348b5fd7ea1acb2894f7f940a2c0ad519d2","container_name":"/docker_server_1","source":"stdout"}
2025-12-15T19:40:39+01:00	server	{"container_id":"d139d516e91cce849e36142673b1d348b5fd7ea1acb2894f7f940a2c0ad519d2","container_name":"/docker_server_1","source":"stdout","log":""}
2025-12-15T19:40:39+01:00	server	{"source":"stdout","log":"Server is listening at http://localhost:3000","container_id":"d139d516e91cce849e36142673b1d348b5fd7ea1acb2894f7f940a2c0ad519d2","container_name":"/docker_server_1"}
2025-12-15T19:40:31+01:00	syslog.syslog.notice	{"host":"rc1","ident":"syslog-ng","pid":"17","message":"syslog-ng starting up; version='3.35.1'"}
2025-12-15T19:40:31+01:00	syslog.syslog.err	{"host":"rc1","ident":"syslog-ng","pid":"17","message":"Syslog connection failed; fd='15', server='AF_INET(10.100.0.3:5140)', error='Connection refused (111)', time_reopen='60'"}
2025-12-15T19:40:31+01:00	syslog.kern.info	{"host":"rc1","ident":"kernel","message":"eth2: renamed from vethde8e3b9"}
2025-12-15T19:40:31+01:00	syslog.kern.info	{"host":"rc1","ident":"kernel","message":"br-de9183ec547e: port 2(veth403c7b7) entered blocking state"}
2025-12-15T19:40:31+01:00	syslog.kern.info	{"host":"rc1","ident":"kernel","message":"br-de9183ec547e: port 2(veth403c7b7) entered forwarding state"}
2025-12-15T19:40:31+01:00	syslog.kern.info	{"host":"rc1","ident":"kernel","message":"br-93697c6eaac1: port 2(veth923bd5f) entered blocking state"}
2025-12-15T19:40:31+01:00	syslog.kern.info	{"host":"rc1","ident":"kernel","message":"br-93697c6eaac1: port 2(veth923bd5f) entered disabled state"}
2025-12-15T19:40:31+01:00	syslog.kern.info	{"host":"rc1","ident":"kernel","message":"veth923bd5f: entered allmulticast mode"}
2025-12-15T19:40:31+01:00	syslog.kern.info	{"host":"rc1","ident":"kernel","message":"veth923bd5f: entered promiscuous mode"}
2025-12-15T19:40:31+01:00	syslog.daemon.notice	{"host":"rc1","ident":"watchfrr","pid":"40","message":"[T83RR-8SM5G] watchfrr 8.1 starting: vty@0"}
2025-12-15T19:40:31+01:00	syslog.daemon.info	{"host":"rc1","ident":"watchfrr","pid":"40","message":"[ZCJ3S-SPH5S] zebra state -> down : initial connection attempt failed"}
2025-12-15T19:40:31+01:00	syslog.daemon.info	{"host":"rc1","ident":"watchfrr","pid":"40","message":"[ZCJ3S-SPH5S] bgpd state -> down : initial connection attempt failed"}
2025-12-15T19:40:31+01:00	syslog.daemon.info	{"host":"rc1","ident":"watchfrr","pid":"40","message":"[ZCJ3S-SPH5S] ospfd state -> down : initial connection attempt failed"}
2025-12-15T19:40:31+01:00	syslog.daemon.info	{"host":"rc1","ident":"watchfrr","pid":"40","message":"[ZCJ3S-SPH5S] staticd state -> down : initial connection attempt failed"}
2025-12-15T19:40:31+01:00	syslog.daemon.info	{"host":"rc1","ident":"watchfrr","pid":"40","message":"[YFT0P-5Q5YX] Forked background command [pid 41]: /usr/lib/frr/watchfrr.sh restart all"}
2025-12-15T19:40:31+01:00	syslog.daemon.err	{"host":"rc1","ident":"watchfrr.sh","pid":"51","message":"Cannot stop staticd: pid file not found"}
2025-12-15T19:40:31+01:00	syslog.daemon.err	{"host":"rc1","ident":"watchfrr.sh","pid":"57","message":"Cannot stop zebra: pid file not found"}
2025-12-15T19:40:31+01:00	syslog.daemon.err	{"host":"rc1","ident":"watchfrr.sh","pid":"54","message":"Cannot stop ospfd: pid file not found"}
2025-12-15T19:40:31+01:00	syslog.daemon.err	{"host":"rc1","ident":"watchfrr.sh","pid":"55","message":"Cannot stop bgpd: pid file not found"}
2025-12-15T19:40:31+01:00	syslog.kern.info	{"host":"rc1","ident":"kernel","message":"eth2: renamed from veth1464b69"}
2025-12-15T19:40:31+01:00	syslog.kern.info	{"host":"rc1","ident":"kernel","message":"br-cc3b1bb88f2a: port 1(veth48b3d66) entered blocking state"}
2025-12-15T19:40:31+01:00	syslog.kern.info	{"host":"rc1","ident":"kernel","message":"br-cc3b1bb88f2a: port 1(veth48b3d66) entered disabled state"}
2025-12-15T19:40:31+01:00	syslog.kern.info	{"host":"rc1","ident":"kernel","message":"veth48b3d66: entered allmulticast mode"}
2025-12-15T19:40:31+01:00	syslog.kern.info	{"host":"rc1","ident":"kernel","message":"veth48b3d66: entered promiscuous mode"}
2025-12-15T19:40:31+01:00	syslog.kern.info	{"host":"rc1","ident":"kernel","message":"br-93697c6eaac1: port 2(veth923bd5f) entered blocking state"}
2025-12-15T19:40:31+01:00	syslog.kern.info	{"host":"rc1","ident":"kernel","message":"br-93697c6eaac1: port 2(veth923bd5f) entered forwarding state"}
2025-12-15T19:40:31+01:00	syslog.kern.info	{"host":"rc1","ident":"kernel","message":"eth2: renamed from veth10a9d17"}
2025-12-15T19:40:31+01:00	syslog.kern.info	{"host":"rc1","ident":"kernel","message":"br-cc3b1bb88f2a: port 1(veth48b3d66) entered blocking state"}
2025-12-15T19:40:31+01:00	syslog.kern.info	{"host":"rc1","ident":"kernel","message":"br-cc3b1bb88f2a: port 1(veth48b3d66) entered forwarding state"}
2025-12-15T19:40:32+01:00	syslog.daemon.info	{"host":"rc1","ident":"zebra","pid":"59","message":"[VTVCM-Y2NW3] Configuration Read in Took: 00:00:00"}
2025-12-15T19:40:32+01:00	syslog.daemon.info	{"host":"rc1","ident":"ospfd","pid":"71","message":"[VTVCM-Y2NW3] Configuration Read in Took: 00:00:00"}
2025-12-15T19:40:32+01:00	syslog.daemon.info	{"host":"rc1","ident":"bgpd","pid":"64","message":"[VTVCM-Y2NW3] Configuration Read in Took: 00:00:00"}
2025-12-15T19:40:32+01:00	syslog.daemon.info	{"host":"rc1","ident":"staticd","pid":"74","message":"[VTVCM-Y2NW3] Configuration Read in Took: 00:00:00"}
2025-12-15T19:40:32+01:00	syslog.daemon.notice	{"host":"rc1","ident":"watchfrr","pid":"40","message":"[QDG3Y-BY5TN] zebra state -> up : connect succeeded"}
2025-12-15T19:40:32+01:00	syslog.daemon.notice	{"host":"rc1","ident":"watchfrr","pid":"40","message":"[QDG3Y-BY5TN] bgpd state -> up : connect succeeded"}
2025-12-15T19:40:32+01:00	syslog.daemon.notice	{"host":"rc1","ident":"watchfrr","pid":"40","message":"[QDG3Y-BY5TN] ospfd state -> up : connect succeeded"}
2025-12-15T19:40:32+01:00	syslog.daemon.notice	{"host":"rc1","ident":"watchfrr","pid":"40","message":"[QDG3Y-BY5TN] staticd state -> up : connect succeeded"}
2025-12-15T19:40:32+01:00	syslog.daemon.notice	{"host":"rc1","ident":"watchfrr","pid":"40","message":"[KWE5Q-QNGFC] all daemons up, doing startup-complete notify"}
2025-12-15T19:40:32+01:00	syslog.kern.info	{"host":"rc1","ident":"kernel","message":"br-107700cffee4: port 2(vethf96ac65) entered blocking state"}
2025-12-15T19:40:32+01:00	syslog.kern.info	{"host":"rc1","ident":"kernel","message":"br-107700cffee4: port 2(vethf96ac65) entered disabled state"}
2025-12-15T19:40:32+01:00	syslog.kern.info	{"host":"rc1","ident":"kernel","message":"vethf96ac65: entered allmulticast mode"}
2025-12-15T19:40:32+01:00	syslog.kern.info	{"host":"rc1","ident":"kernel","message":"vethf96ac65: entered promiscuous mode"}
2025-12-15T19:40:32+01:00	syslog.kern.info	{"host":"rc1","ident":"kernel","message":"br-5a60498bf54f: port 2(veth1dbdcfe) entered blocking state"}
2025-12-15T19:40:32+01:00	syslog.kern.info	{"host":"rc1","ident":"kernel","message":"br-5a60498bf54f: port 2(veth1dbdcfe) entered disabled state"}
2025-12-15T19:40:32+01:00	syslog.kern.info	{"host":"rc1","ident":"kernel","message":"veth1dbdcfe: entered allmulticast mode"}
2025-12-15T19:40:32+01:00	syslog.kern.info	{"host":"rc1","ident":"kernel","message":"veth1dbdcfe: entered promiscuous mode"}
2025-12-15T19:40:32+01:00	syslog.kern.info	{"host":"rc1","ident":"kernel","message":"br-cc3b1bb88f2a: port 2(vetheb2e3eb) entered blocking state"}
2025-12-15T19:40:32+01:00	syslog.kern.info	{"host":"rc1","ident":"kernel","message":"br-cc3b1bb88f2a: port 2(vetheb2e3eb) entered disabled state"}
2025-12-15T19:40:32+01:00	syslog.kern.info	{"host":"rc1","ident":"kernel","message":"vetheb2e3eb: entered allmulticast mode"}
2025-12-15T19:40:32+01:00	syslog.kern.info	{"host":"rc1","ident":"kernel","message":"vetheb2e3eb: entered promiscuous mode"}
2025-12-15T19:40:32+01:00	syslog.kern.info	{"host":"rc1","ident":"kernel","message":"eth0: renamed from veth99ffe40"}
2025-12-15T19:40:32+01:00	syslog.kern.info	{"host":"rc1","ident":"kernel","message":"br-107700cffee4: port 2(vethf96ac65) entered blocking state"}
2025-12-15T19:40:32+01:00	syslog.kern.info	{"host":"rc1","ident":"kernel","message":"br-107700cffee4: port 2(vethf96ac65) entered forwarding state"}
2025-12-15T19:40:32+01:00	syslog.kern.info	{"host":"rc1","ident":"kernel","message":"br-15e69ceda0fc: port 2(vethbb77f0a) entered blocking state"}
2025-12-15T19:40:32+01:00	syslog.kern.info	{"host":"rc1","ident":"kernel","message":"br-15e69ceda0fc: port 2(vethbb77f0a) entered disabled state"}
2025-12-15T19:40:32+01:00	syslog.kern.info	{"host":"rc1","ident":"kernel","message":"vethbb77f0a: entered allmulticast mode"}
2025-12-15T19:40:32+01:00	syslog.kern.info	{"host":"rc1","ident":"kernel","message":"vethbb77f0a: entered promiscuous mode"}
2025-12-15T19:40:32+01:00	syslog.kern.info	{"host":"rc1","ident":"kernel","message":"eth0: renamed from veth1c6a7e4"}
2025-12-15T19:40:32+01:00	syslog.kern.info	{"host":"rc1","ident":"kernel","message":"eth0: renamed from veth3f7bfc8"}
2025-12-15T19:40:32+01:00	syslog.kern.info	{"host":"rc1","ident":"kernel","message":"br-cc3b1bb88f2a: port 2(vetheb2e3eb) entered blocking state"}
2025-12-15T19:40:32+01:00	syslog.kern.info	{"host":"rc1","ident":"kernel","message":"br-cc3b1bb88f2a: port 2(vetheb2e3eb) entered forwarding state"}
2025-12-15T19:40:32+01:00	syslog.kern.info	{"host":"rc1","ident":"kernel","message":"br-5a60498bf54f: port 2(veth1dbdcfe) entered blocking state"}
2025-12-15T19:40:32+01:00	syslog.kern.info	{"host":"rc1","ident":"kernel","message":"br-5a60498bf54f: port 2(veth1dbdcfe) entered forwarding state"}
2025-12-15T19:40:32+01:00	syslog.kern.info	{"host":"rc1","ident":"kernel","message":"eth0: renamed from veth35ea038"}
2025-12-15T19:40:32+01:00	syslog.kern.info	{"host":"rc1","ident":"kernel","message":"br-15e69ceda0fc: port 2(vethbb77f0a) entered blocking state"}
2025-12-15T19:40:32+01:00	syslog.kern.info	{"host":"rc1","ident":"kernel","message":"br-15e69ceda0fc: port 2(vethbb77f0a) entered forwarding state"}
2025-12-15T19:41:17+01:00	syslog.daemon.info	{"host":"rc1","ident":"ospfd","pid":"71","message":"[S5PCG-77H23] Packet[DD]: Neighbor 10.3.0.3 Negotiation done (Master)."}
2025-12-15T19:41:31+01:00	syslog.syslog.notice	{"host":"rc1","ident":"syslog-ng","pid":"17","message":"Syslog connection established; fd='5', server='AF_INET(10.100.0.3:5140)', local='AF_INET(0.0.0.0:0)'"}
2025-12-15T19:45:25+01:00	fluent.info	{"pid":15,"ppid":9,"worker":0,"message":"starting fluentd worker pid=15 ppid=9 worker=0"}
2025-12-15T19:45:25+01:00	fluent.info	{"message":"listening syslog socket on 0.0.0.0:5140 with tcp"}
2025-12-15T19:45:25+01:00	fluent.info	{"port":24224,"bind":"0.0.0.0","message":"listening port port=24224 bind=\"0.0.0.0\""}
2025-12-15T19:45:25+01:00	fluent.info	{"worker":0,"message":"fluentd worker is now running worker=0"}
2025-12-15T19:45:25+01:00	rc1	{"container_name":"/docker_rc1_1","source":"stdout","log":" * Starting system logging syslog-ng","container_id":"b5192e8ac65d7ac8949ff56799dc3c90a7a5a2f4e51959dece25614b78a8646a"}
2025-12-15T19:45:25+01:00	rc1	{"container_id":"b5192e8ac65d7ac8949ff56799dc3c90a7a5a2f4e51959dece25614b78a8646a","container_name":"/docker_rc1_1","source":"stderr","log":"[2025-12-15T19:45:25.128955] WARNING: Configuration file format is too old, syslog-ng is running in compatibility mode. Please update it to use the syslog-ng 3.35 format at your time of convenience. To upgrade the configuration, please review the warnings about incompatible changes printed by syslog-ng, and once completed change the @version header at the top of the configuration file; config-version='3.27'"}
2025-12-15T19:45:25+01:00	rc1	{"container_id":"b5192e8ac65d7ac8949ff56799dc3c90a7a5a2f4e51959dece25614b78a8646a","container_name":"/docker_rc1_1","source":"stderr","log":"[2025-12-15T19:45:25.171498] WARNING: The internal_queue_length stat counter has been renamed to internal_source.queued. The old name will be removed in future versions; config-version='3.27'"}
2025-12-15T19:45:25+01:00	rc1	{"container_id":"b5192e8ac65d7ac8949ff56799dc3c90a7a5a2f4e51959dece25614b78a8646a","container_name":"/docker_rc1_1","source":"stdout","log":"   ...done."}
2025-12-15T19:45:25+01:00	rc1	{"container_name":"/docker_rc1_1","source":"stdout","log":" * Started watchfrr","container_id":"b5192e8ac65d7ac8949ff56799dc3c90a7a5a2f4e51959dece25614b78a8646a"}
2025-12-15T19:45:25+01:00	rc1	{"container_id":"b5192e8ac65d7ac8949ff56799dc3c90a7a5a2f4e51959dece25614b78a8646a","container_name":"/docker_rc1_1","source":"stdout","log":""}
2025-12-15T19:45:25+01:00	rc1	{"container_id":"b5192e8ac65d7ac8949ff56799dc3c90a7a5a2f4e51959dece25614b78a8646a","container_name":"/docker_rc1_1","source":"stdout","log":"Hello, this is FRRouting (version 8.1)."}
2025-12-15T19:45:25+01:00	rc1	{"container_id":"b5192e8ac65d7ac8949ff56799dc3c90a7a5a2f4e51959dece25614b78a8646a","container_name":"/docker_rc1_1","source":"stdout","log":"Copyright 1996-2005 Kunihiro Ishiguro, et al."}
2025-12-15T19:45:25+01:00	rc1	{"log":"","container_id":"b5192e8ac65d7ac8949ff56799dc3c90a7a5a2f4e51959dece25614b78a8646a","container_name":"/docker_rc1_1","source":"stdout"}
2025-12-15T19:45:25+01:00	rc1	{"container_name":"/docker_rc1_1","source":"stdout","log":"rc1# conf t","container_id":"b5192e8ac65d7ac8949ff56799dc3c90a7a5a2f4e51959dece25614b78a8646a"}
2025-12-15T19:45:25+01:00	rc1	{"container_name":"/docker_rc1_1","source":"stdout","log":"rc1(config)# log file /shared-volume/frr/frr3.log","container_id":"b5192e8ac65d7ac8949ff56799dc3c90a7a5a2f4e51959dece25614b78a8646a"}
2025-12-15T19:45:25+01:00	rc1	{"container_id":"b5192e8ac65d7ac8949ff56799dc3c90a7a5a2f4e51959dece25614b78a8646a","container_name":"/docker_rc1_1","source":"stdout","log":"can't open logfile /shared-volume/frr/frr3.log"}
2025-12-15T19:45:25+01:00	rc1	{"log":"rc1(config)# router ospf","container_id":"b5192e8ac65d7ac8949ff56799dc3c90a7a5a2f4e51959dece25614b78a8646a","container_name":"/docker_rc1_1","source":"stdout"}
2025-12-15T19:45:25+01:00	rc1	{"container_id":"b5192e8ac65d7ac8949ff56799dc3c90a7a5a2f4e51959dece25614b78a8646a","container_name":"/docker_rc1_1","source":"stdout","log":"rc1(config-router)# network 10.1.0.0/29 area 0"}
2025-12-15T19:45:25+01:00	rc1	{"source":"stdout","log":"rc1(config-router)# network 10.100.0.0/24 area 0","container_id":"b5192e8ac65d7ac8949ff56799dc3c90a7a5a2f4e51959dece25614b78a8646a","container_name":"/docker_rc1_1"}
2025-12-15T19:45:25+01:00	rc1	{"container_name":"/docker_rc1_1","source":"stdout","log":"rc1(config-router)# end","container_id":"b5192e8ac65d7ac8949ff56799dc3c90a7a5a2f4e51959dece25614b78a8646a"}
2025-12-15T19:45:25+01:00	rc1	{"source":"stdout","log":"rc1# ","container_id":"b5192e8ac65d7ac8949ff56799dc3c90a7a5a2f4e51959dece25614b78a8646a","container_name":"/docker_rc1_1"}
2025-12-15T19:45:25+01:00	ra	{"container_name":"/docker_ra_1","source":"stdout","log":" * Starting system logging syslog-ng","container_id":"31f3e4745f6a0e72c16eafd3a2281ae2913191ab6cf726f135018827c99f1091"}
2025-12-15T19:45:25+01:00	ra	{"container_name":"/docker_ra_1","source":"stderr","log":"[2025-12-15T19:45:25.214356] WARNING: Configuration file format is too old, syslog-ng is running in compatibility mode. Please update it to use the syslog-ng 3.35 format at your time of convenience. To upgrade the configuration, please review the warnings about incompatible changes printed by syslog-ng, and once completed change the @version header at the top of the configuration file; config-version='3.27'","container_id":"31f3e4745f6a0e72c16eafd3a2281ae2913191ab6cf726f135018827c99f1091"}
2025-12-15T19:45:25+01:00	ra	{"log":"[2025-12-15T19:45:25.310187] WARNING: The internal_queue_length stat counter has been renamed to internal_source.queued. The old name will be removed in future versions; config-version='3.27'","container_id":"31f3e4745f6a0e72c16eafd3a2281ae2913191ab6cf726f135018827c99f1091","container_name":"/docker_ra_1","source":"stderr"}
2025-12-15T19:45:25+01:00	ra	{"log":"   ...done.","container_id":"31f3e4745f6a0e72c16eafd3a2281ae2913191ab6cf726f135018827c99f1091","container_name":"/docker_ra_1","source":"stdout"}
2025-12-15T19:45:25+01:00	ra	{"log":" * Started watchfrr","container_id":"31f3e4745f6a0e72c16eafd3a2281ae2913191ab6cf726f135018827c99f1091","container_name":"/docker_ra_1","source":"stdout"}
2025-12-15T19:45:25+01:00	ra	{"log":"","container_id":"31f3e4745f6a0e72c16eafd3a2281ae2913191ab6cf726f135018827c99f1091","container_name":"/docker_ra_1","source":"stdout"}
2025-12-15T19:45:25+01:00	ra	{"log":"Hello, this is FRRouting (version 8.1).","container_id":"31f3e4745f6a0e72c16eafd3a2281ae2913191ab6cf726f135018827c99f1091","container_name":"/docker_ra_1","source":"stdout"}
2025-12-15T19:45:25+01:00	ra	{"source":"stdout","log":"Copyright 1996-2005 Kunihiro Ishiguro, et al.","container_id":"31f3e4745f6a0e72c16eafd3a2281ae2913191ab6cf726f135018827c99f1091","container_name":"/docker_ra_1"}
2025-12-15T19:45:25+01:00	ra	{"container_id":"31f3e4745f6a0e72c16eafd3a2281ae2913191ab6cf726f135018827c99f1091","container_name":"/docker_ra_1","source":"stdout","log":""}
2025-12-15T19:45:25+01:00	ra	{"source":"stdout","log":"ra# conf t","container_id":"31f3e4745f6a0e72c16eafd3a2281ae2913191ab6cf726f135018827c99f1091","container_name":"/docker_ra_1"}
2025-12-15T19:45:25+01:00	ra	{"container_name":"/docker_ra_1","source":"stdout","log":"ra(config)# log file /shared-volume/frr/frr1.log","container_id":"31f3e4745f6a0e72c16eafd3a2281ae2913191ab6cf726f135018827c99f1091"}
2025-12-15T19:45:25+01:00	ra	{"log":"can't open logfile /shared-volume/frr/frr1.log","container_id":"31f3e4745f6a0e72c16eafd3a2281ae2913191ab6cf726f135018827c99f1091","container_name":"/docker_ra_1","source":"stdout"}
2025-12-15T19:45:25+01:00	ra	{"container_name":"/docker_ra_1","source":"stdout","log":"ra(config)# router ospf","container_id":"31f3e4745f6a0e72c16eafd3a2281ae2913191ab6cf726f135018827c99f1091"}
2025-12-15T19:45:25+01:00	ra	{"container_id":"31f3e4745f6a0e72c16eafd3a2281ae2913191ab6cf726f135018827c99f1091","container_name":"/docker_ra_1","source":"stdout","log":"ra(config-router)# network 10.2.0.0/29 area 0"}
2025-12-15T19:45:25+01:00	ra	{"source":"stdout","log":"ra(config-router)# network 10.0.1.0/24 area 0","container_id":"31f3e4745f6a0e72c16eafd3a2281ae2913191ab6cf726f135018827c99f1091","container_name":"/docker_ra_1"}
2025-12-15T19:45:25+01:00	ra	{"container_id":"31f3e4745f6a0e72c16eafd3a2281ae2913191ab6cf726f135018827c99f1091","container_name":"/docker_ra_1","source":"stdout","log":"ra(config-router)# network 10.0.2.0/24 area 0"}
2025-12-15T19:45:25+01:00	ra	{"log":"ra(config-router)# end","container_id":"31f3e4745f6a0e72c16eafd3a2281ae2913191ab6cf726f135018827c99f1091","container_name":"/docker_ra_1","source":"stdout"}
2025-12-15T19:45:25+01:00	ra	{"container_name":"/docker_ra_1","source":"stdout","log":"ra# ","container_id":"31f3e4745f6a0e72c16eafd3a2281ae2913191ab6cf726f135018827c99f1091"}
2025-12-15T19:45:25+01:00	rb	{"container_id":"1ece219026cb3405a50aab7cc705b58a0fea6f0be32e8dd19265c1ff54173521","container_name":"/docker_rb_1","source":"stdout","log":" * Starting system logging syslog-ng"}
2025-12-15T19:45:25+01:00	rb	{"source":"stderr","log":"[2025-12-15T19:45:25.255556] WARNING: Configuration file format is too old, syslog-ng is running in compatibility mode. Please update it to use the syslog-ng 3.35 format at your time of convenience. To upgrade the configuration, please review the warnings about incompatible changes printed by syslog-ng, and once completed change the @version header at the top of the configuration file; config-version='3.27'","container_id":"1ece219026cb3405a50aab7cc705b58a0fea6f0be32e8dd19265c1ff54173521","container_name":"/docker_rb_1"}
2025-12-15T19:45:25+01:00	rb	{"container_id":"1ece219026cb3405a50aab7cc705b58a0fea6f0be32e8dd19265c1ff54173521","container_name":"/docker_rb_1","source":"stderr","log":"[2025-12-15T19:45:25.385234] WARNING: The internal_queue_length stat counter has been renamed to internal_source.queued. The old name will be removed in future versions; config-version='3.27'"}
2025-12-15T19:45:25+01:00	rb	{"log":"   ...done.","container_id":"1ece219026cb3405a50aab7cc705b58a0fea6f0be32e8dd19265c1ff54173521","container_name":"/docker_rb_1","source":"stdout"}
2025-12-15T19:45:25+01:00	rb	{"container_id":"1ece219026cb3405a50aab7cc705b58a0fea6f0be32e8dd19265c1ff54173521","container_name":"/docker_rb_1","source":"stdout","log":" * Started watchfrr"}
2025-12-15T19:45:25+01:00	rb	{"container_name":"/docker_rb_1","source":"stdout","log":"","container_id":"1ece219026cb3405a50aab7cc705b58a0fea6f0be32e8dd19265c1ff54173521"}
2025-12-15T19:45:25+01:00	rb	{"container_id":"1ece219026cb3405a50aab7cc705b58a0fea6f0be32e8dd19265c1ff54173521","container_name":"/docker_rb_1","source":"stdout","log":"Hello, this is FRRouting (version 8.1)."}
2025-12-15T19:45:25+01:00	rb	{"source":"stdout","log":"Copyright 1996-2005 Kunihiro Ishiguro, et al.","container_id":"1ece219026cb3405a50aab7cc705b58a0fea6f0be32e8dd19265c1ff54173521","container_name":"/docker_rb_1"}
2025-12-15T19:45:25+01:00	rb	{"container_name":"/docker_rb_1","source":"stdout","log":"","container_id":"1ece219026cb3405a50aab7cc705b58a0fea6f0be32e8dd19265c1ff54173521"}
2025-12-15T19:45:25+01:00	rb	{"container_id":"1ece219026cb3405a50aab7cc705b58a0fea6f0be32e8dd19265c1ff54173521","container_name":"/docker_rb_1","source":"stdout","log":"rb# conf t"}
2025-12-15T19:45:25+01:00	rb	{"container_name":"/docker_rb_1","source":"stdout","log":"rb(config)# log file /shared-volume/frr/frr2.log","container_id":"1ece219026cb3405a50aab7cc705b58a0fea6f0be32e8dd19265c1ff54173521"}
2025-12-15T19:45:25+01:00	rb	{"container_id":"1ece219026cb3405a50aab7cc705b58a0fea6f0be32e8dd19265c1ff54173521","container_name":"/docker_rb_1","source":"stdout","log":"can't open logfile /shared-volume/frr/frr2.log"}
2025-12-15T19:45:25+01:00	rb	{"container_id":"1ece219026cb3405a50aab7cc705b58a0fea6f0be32e8dd19265c1ff54173521","container_name":"/docker_rb_1","source":"stdout","log":"rb(config)# router ospf"}
2025-12-15T19:45:25+01:00	rb	{"container_id":"1ece219026cb3405a50aab7cc705b58a0fea6f0be32e8dd19265c1ff54173521","container_name":"/docker_rb_1","source":"stdout","log":"rb(config-router)# network 10.3.0.0/29 area 0"}
2025-12-15T19:45:25+01:00	rc2	{"container_name":"/docker_rc2_1","source":"stdout","log":" * Starting system logging syslog-ng","container_id":"7ca11af47724351ca4dab8c6d5784037d601968a55883a2975946349751d85ca"}
2025-12-15T19:45:25+01:00	rc2	{"container_id":"7ca11af47724351ca4dab8c6d5784037d601968a55883a2975946349751d85ca","container_name":"/docker_rc2_1","source":"stderr","log":"[2025-12-15T19:45:25.243989] WARNING: Configuration file format is too old, syslog-ng is running in compatibility mode. Please update it to use the syslog-ng 3.35 format at your time of convenience. To upgrade the configuration, please review the warnings about incompatible changes printed by syslog-ng, and once completed change the @version header at the top of the configuration file; config-version='3.27'"}
2025-12-15T19:45:25+01:00	rc2	{"container_name":"/docker_rc2_1","source":"stderr","log":"[2025-12-15T19:45:25.330632] WARNING: The internal_queue_length stat counter has been renamed to internal_source.queued. The old name will be removed in future versions; config-version='3.27'","container_id":"7ca11af47724351ca4dab8c6d5784037d601968a55883a2975946349751d85ca"}
2025-12-15T19:45:25+01:00	rc2	{"log":"   ...done.","container_id":"7ca11af47724351ca4dab8c6d5784037d601968a55883a2975946349751d85ca","container_name":"/docker_rc2_1","source":"stdout"}
2025-12-15T19:45:25+01:00	rc2	{"container_name":"/docker_rc2_1","source":"stdout","log":" * Started watchfrr","container_id":"7ca11af47724351ca4dab8c6d5784037d601968a55883a2975946349751d85ca"}
2025-12-15T19:45:25+01:00	rc2	{"container_id":"7ca11af47724351ca4dab8c6d5784037d601968a55883a2975946349751d85ca","container_name":"/docker_rc2_1","source":"stdout","log":""}
2025-12-15T19:45:25+01:00	rc2	{"container_id":"7ca11af47724351ca4dab8c6d5784037d601968a55883a2975946349751d85ca","container_name":"/docker_rc2_1","source":"stdout","log":"Hello, this is FRRouting (version 8.1)."}
2025-12-15T19:45:25+01:00	rc2	{"log":"Copyright 1996-2005 Kunihiro Ishiguro, et al.","container_id":"7ca11af47724351ca4dab8c6d5784037d601968a55883a2975946349751d85ca","container_name":"/docker_rc2_1","source":"stdout"}
2025-12-15T19:45:25+01:00	rc2	{"container_id":"7ca11af47724351ca4dab8c6d5784037d601968a55883a2975946349751d85ca","container_name":"/docker_rc2_1","source":"stdout","log":""}
2025-12-15T19:45:25+01:00	rc2	{"container_id":"7ca11af47724351ca4dab8c6d5784037d601968a55883a2975946349751d85ca","container_name":"/docker_rc2_1","source":"stdout","log":"rc2# conf t"}
2025-12-15T19:45:25+01:00	rc2	{"container_name":"/docker_rc2_1","source":"stdout","log":"rc2(config)# log file /shared-volume/frr/frr4.log","container_id":"7ca11af47724351ca4dab8c6d5784037d601968a55883a2975946349751d85ca"}
2025-12-15T19:45:25+01:00	rc2	{"log":"can't open logfile /shared-volume/frr/frr4.log","container_id":"7ca11af47724351ca4dab8c6d5784037d601968a55883a2975946349751d85ca","container_name":"/docker_rc2_1","source":"stdout"}
2025-12-15T19:45:25+01:00	rc2	{"container_id":"7ca11af47724351ca4dab8c6d5784037d601968a55883a2975946349751d85ca","container_name":"/docker_rc2_1","source":"stdout","log":"rc2(config)# router ospf"}
2025-12-15T19:45:25+01:00	rc2	{"log":"rc2(config-router)# network 10.1.0.0/29 area 0","container_id":"7ca11af47724351ca4dab8c6d5784037d601968a55883a2975946349751d85ca","container_name":"/docker_rc2_1","source":"stdout"}
2025-12-15T19:45:25+01:00	rc2	{"container_id":"7ca11af47724351ca4dab8c6d5784037d601968a55883a2975946349751d85ca","container_name":"/docker_rc2_1","source":"stdout","log":"rc2(config-router)# network 10.2.0.0/29 area 0"}
2025-12-15T19:45:25+01:00	rc2	{"container_id":"7ca11af47724351ca4dab8c6d5784037d601968a55883a2975946349751d85ca","container_name":"/docker_rc2_1","source":"stdout","log":"rc2(config-router)# network 10.3.0.0/29 area 0"}
2025-12-15T19:45:25+01:00	rc2	{"log":"rc2(config-router)# end","container_id":"7ca11af47724351ca4dab8c6d5784037d601968a55883a2975946349751d85ca","container_name":"/docker_rc2_1","source":"stdout"}
2025-12-15T19:45:25+01:00	rc2	{"container_name":"/docker_rc2_1","source":"stdout","log":"rc2# ","container_id":"7ca11af47724351ca4dab8c6d5784037d601968a55883a2975946349751d85ca"}
2025-12-15T19:45:25+01:00	rb	{"log":"rb(config-router)# network 10.0.3.0/24 area 0","container_id":"1ece219026cb3405a50aab7cc705b58a0fea6f0be32e8dd19265c1ff54173521","container_name":"/docker_rb_1","source":"stdout"}
2025-12-15T19:45:25+01:00	rb	{"container_id":"1ece219026cb3405a50aab7cc705b58a0fea6f0be32e8dd19265c1ff54173521","container_name":"/docker_rb_1","source":"stdout","log":"rb(config-router)# network 10.0.4.0/24 area 0"}
2025-12-15T19:45:25+01:00	rb	{"log":"rb(config-router)# end","container_id":"1ece219026cb3405a50aab7cc705b58a0fea6f0be32e8dd19265c1ff54173521","container_name":"/docker_rb_1","source":"stdout"}
2025-12-15T19:45:25+01:00	rb	{"container_id":"1ece219026cb3405a50aab7cc705b58a0fea6f0be32e8dd19265c1ff54173521","container_name":"/docker_rb_1","source":"stdout","log":"rb# "}
2025-12-15T19:45:25+01:00	server	{"container_id":"057b4473ea15cd2085d34320a6a958e2761a59305395bf1eba834ac64fcc7354","container_name":"/docker_server_1","source":"stdout","log":"Hit:1 http://archive.ubuntu.com/ubuntu jammy InRelease"}
2025-12-15T19:45:26+01:00	server	{"container_id":"057b4473ea15cd2085d34320a6a958e2761a59305395bf1eba834ac64fcc7354","container_name":"/docker_server_1","source":"stdout","log":"Get:2 http://security.ubuntu.com/ubuntu jammy-security InRelease [129 kB]"}
2025-12-15T19:45:26+01:00	server	{"container_id":"057b4473ea15cd2085d34320a6a958e2761a59305395bf1eba834ac64fcc7354","container_name":"/docker_server_1","source":"stdout","log":"Get:3 http://archive.ubuntu.com/ubuntu jammy-updates InRelease [128 kB]"}
2025-12-15T19:45:32+01:00	server	{"log":"Get:4 http://security.ubuntu.com/ubuntu jammy-security/universe amd64 Packages [1287 kB]","container_id":"057b4473ea15cd2085d34320a6a958e2761a59305395bf1eba834ac64fcc7354","container_name":"/docker_server_1","source":"stdout"}
2025-12-15T19:45:33+01:00	server	{"source":"stdout","log":"Get:5 http://archive.ubuntu.com/ubuntu jammy-backports InRelease [127 kB]","container_id":"057b4473ea15cd2085d34320a6a958e2761a59305395bf1eba834ac64fcc7354","container_name":"/docker_server_1"}
2025-12-15T19:45:59+01:00	server	{"container_id":"057b4473ea15cd2085d34320a6a958e2761a59305395bf1eba834ac64fcc7354","container_name":"/docker_server_1","source":"stdout","log":"Get:6 http://security.ubuntu.com/ubuntu jammy-security/main amd64 Packages [3633 kB]"}
2025-12-15T19:45:25+01:00	syslog.syslog.notice	{"host":"rc1","ident":"syslog-ng","pid":"18","message":"syslog-ng starting up; version='3.35.1'"}
2025-12-15T19:45:25+01:00	syslog.kern.info	{"host":"rc1","ident":"kernel","message":"br-1f1fad1adf83: port 2(veth8acb18a) entered blocking state"}
2025-12-15T19:45:25+01:00	syslog.kern.info	{"host":"rc1","ident":"kernel","message":"br-1f1fad1adf83: port 2(veth8acb18a) entered forwarding state"}
2025-12-15T19:45:25+01:00	syslog.syslog.err	{"host":"rc1","ident":"syslog-ng","pid":"18","message":"Syslog connection failed; fd='15', server='AF_INET(10.100.0.3:5140)', error='Connection refused (111)', time_reopen='60'"}
2025-12-15T19:45:25+01:00	syslog.daemon.notice	{"host":"rc1","ident":"watchfrr","pid":"39","message":"[T83RR-8SM5G] watchfrr 8.1 starting: vty@0"}
2025-12-15T19:45:25+01:00	syslog.daemon.info	{"host":"rc1","ident":"watchfrr","pid":"39","message":"[ZCJ3S-SPH5S] zebra state -> down : initial connection attempt failed"}
2025-12-15T19:45:25+01:00	syslog.daemon.info	{"host":"rc1","ident":"watchfrr","pid":"39","message":"[ZCJ3S-SPH5S] bgpd state -> down : initial connection attempt failed"}
2025-12-15T19:45:25+01:00	syslog.daemon.info	{"host":"rc1","ident":"watchfrr","pid":"39","message":"[ZCJ3S-SPH5S] ospfd state -> down : initial connection attempt failed"}
2025-12-15T19:45:25+01:00	syslog.daemon.info	{"host":"rc1","ident":"watchfrr","pid":"39","message":"[ZCJ3S-SPH5S] staticd state -> down : initial connection attempt failed"}
2025-12-15T19:45:25+01:00	syslog.daemon.info	{"host":"rc1","ident":"watchfrr","pid":"39","message":"[YFT0P-5Q5YX] Forked background command [pid 40]: /usr/lib/frr/watchfrr.sh restart all"}
2025-12-15T19:45:25+01:00	syslog.daemon.err	{"host":"rc1","ident":"watchfrr.sh","pid":"50","message":"Cannot stop staticd: pid file not found"}
2025-12-15T19:45:25+01:00	syslog.daemon.err	{"host":"rc1","ident":"watchfrr.sh","pid":"52","message":"Cannot stop ospfd: pid file not found"}
2025-12-15T19:45:25+01:00	syslog.daemon.err	{"host":"rc1","ident":"watchfrr.sh","pid":"56","message":"Cannot stop zebra: pid file not found"}
2025-12-15T19:45:25+01:00	syslog.daemon.err	{"host":"rc1","ident":"watchfrr.sh","pid":"55","message":"Cannot stop bgpd: pid file not found"}
2025-12-15T19:45:25+01:00	syslog.daemon.info	{"host":"rc1","ident":"zebra","pid":"60","message":"[VTVCM-Y2NW3] Configuration Read in Took: 00:00:00"}
2025-12-15T19:45:25+01:00	syslog.daemon.info	{"host":"rc1","ident":"ospfd","pid":"72","message":"[VTVCM-Y2NW3] Configuration Read in Took: 00:00:00"}
2025-12-15T19:45:25+01:00	syslog.daemon.info	{"host":"rc1","ident":"bgpd","pid":"65","message":"[VTVCM-Y2NW3] Configuration Read in Took: 00:00:00"}
2025-12-15T19:45:25+01:00	syslog.daemon.info	{"host":"rc1","ident":"staticd","pid":"75","message":"[VTVCM-Y2NW3] Configuration Read in Took: 00:00:00"}
2025-12-15T19:45:25+01:00	syslog.daemon.notice	{"host":"rc1","ident":"watchfrr","pid":"39","message":"[QDG3Y-BY5TN] zebra state -> up : connect succeeded"}
2025-12-15T19:45:25+01:00	syslog.daemon.notice	{"host":"rc1","ident":"watchfrr","pid":"39","message":"[QDG3Y-BY5TN] bgpd state -> up : connect succeeded"}
2025-12-15T19:45:25+01:00	syslog.daemon.notice	{"host":"rc1","ident":"watchfrr","pid":"39","message":"[QDG3Y-BY5TN] ospfd state -> up : connect succeeded"}
2025-12-15T19:45:25+01:00	syslog.daemon.notice	{"host":"rc1","ident":"watchfrr","pid":"39","message":"[QDG3Y-BY5TN] staticd state -> up : connect succeeded"}
2025-12-15T19:45:25+01:00	syslog.daemon.notice	{"host":"rc1","ident":"watchfrr","pid":"39","message":"[KWE5Q-QNGFC] all daemons up, doing startup-complete notify"}
2025-12-15T19:45:25+01:00	syslog.kern.info	{"host":"rc1","ident":"kernel","message":"br-bc703b1b25ee: port 2(veth116c646) entered blocking state"}
2025-12-15T19:45:25+01:00	syslog.kern.info	{"host":"rc1","ident":"kernel","message":"br-bc703b1b25ee: port 2(veth116c646) entered disabled state"}
2025-12-15T19:45:25+01:00	syslog.kern.info	{"host":"rc1","ident":"kernel","message":"veth116c646: entered allmulticast mode"}
2025-12-15T19:45:25+01:00	syslog.kern.info	{"host":"rc1","ident":"kernel","message":"veth116c646: entered promiscuous mode"}
2025-12-15T19:45:25+01:00	syslog.kern.info	{"host":"rc1","ident":"kernel","message":"eth0: renamed from veth47cf7f3"}
2025-12-15T19:45:25+01:00	syslog.kern.info	{"host":"rc1","ident":"kernel","message":"br-bc703b1b25ee: port 2(veth116c646) entered blocking state"}
2025-12-15T19:45:25+01:00	syslog.kern.info	{"host":"rc1","ident":"kernel","message":"br-bc703b1b25ee: port 2(veth116c646) entered forwarding state"}
2025-12-15T19:45:25+01:00	syslog.kern.info	{"host":"rc1","ident":"kernel","message":"br-2b205c606086: port 2(vethc0e3723) entered blocking state"}
2025-12-15T19:45:25+01:00	syslog.kern.info	{"host":"rc1","ident":"kernel","message":"br-2b205c606086: port 2(vethc0e3723) entered disabled state"}
2025-12-15T19:45:25+01:00	syslog.kern.info	{"host":"rc1","ident":"kernel","message":"vethc0e3723: entered allmulticast mode"}
2025-12-15T19:45:25+01:00	syslog.kern.info	{"host":"rc1","ident":"kernel","message":"vethc0e3723: entered promiscuous mode"}
2025-12-15T19:45:25+01:00	syslog.kern.info	{"host":"rc1","ident":"kernel","message":"br-3bcdda1a0a13: port 2(veth08df374) entered blocking state"}
2025-12-15T19:45:25+01:00	syslog.kern.info	{"host":"rc1","ident":"kernel","message":"br-3bcdda1a0a13: port 2(veth08df374) entered disabled state"}
2025-12-15T19:45:25+01:00	syslog.kern.info	{"host":"rc1","ident":"kernel","message":"veth08df374: entered allmulticast mode"}
2025-12-15T19:45:25+01:00	syslog.kern.info	{"host":"rc1","ident":"kernel","message":"veth08df374: entered promiscuous mode"}
2025-12-15T19:45:25+01:00	syslog.kern.info	{"host":"rc1","ident":"kernel","message":"eth0: renamed from vethd0f110b"}
2025-12-15T19:45:25+01:00	syslog.kern.info	{"host":"rc1","ident":"kernel","message":"br-2b205c606086: port 2(vethc0e3723) entered blocking state"}
2025-12-15T19:45:25+01:00	syslog.kern.info	{"host":"rc1","ident":"kernel","message":"br-2b205c606086: port 2(vethc0e3723) entered forwarding state"}
2025-12-15T19:45:25+01:00	syslog.kern.info	{"host":"rc1","ident":"kernel","message":"br-6f62899f3ba3: port 2(vethf1dc506) entered blocking state"}
2025-12-15T19:45:25+01:00	syslog.kern.info	{"host":"rc1","ident":"kernel","message":"br-6f62899f3ba3: port 2(vethf1dc506) entered disabled state"}
2025-12-15T19:45:25+01:00	syslog.kern.info	{"host":"rc1","ident":"kernel","message":"vethf1dc506: entered allmulticast mode"}
2025-12-15T19:45:25+01:00	syslog.kern.info	{"host":"rc1","ident":"kernel","message":"vethf1dc506: entered promiscuous mode"}
2025-12-15T19:45:25+01:00	syslog.kern.info	{"host":"rc1","ident":"kernel","message":"eth0: renamed from vethc2ee487"}
2025-12-15T19:45:25+01:00	syslog.kern.info	{"host":"rc1","ident":"kernel","message":"eth0: renamed from veth33bad3f"}
2025-12-15T19:45:25+01:00	syslog.kern.info	{"host":"rc1","ident":"kernel","message":"br-3bcdda1a0a13: port 2(veth08df374) entered blocking state"}
2025-12-15T19:45:25+01:00	syslog.kern.info	{"host":"rc1","ident":"kernel","message":"br-3bcdda1a0a13: port 2(veth08df374) entered forwarding state"}
2025-12-15T19:45:25+01:00	syslog.kern.info	{"host":"rc1","ident":"kernel","message":"br-6f62899f3ba3: port 2(vethf1dc506) entered blocking state"}
2025-12-15T19:45:25+01:00	syslog.kern.info	{"host":"rc1","ident":"kernel","message":"br-6f62899f3ba3: port 2(vethf1dc506) entered forwarding state"}
2025-12-15T19:46:10+01:00	syslog.daemon.info	{"host":"rc1","ident":"ospfd","pid":"72","message":"[S5PCG-77H23] Packet[DD]: Neighbor 10.3.0.3 Negotiation done (Master)."}
2025-12-15T19:46:25+01:00	syslog.syslog.notice	{"host":"rc1","ident":"syslog-ng","pid":"18","message":"Syslog connection established; fd='5', server='AF_INET(10.100.0.3:5140)', local='AF_INET(0.0.0.0:0)'"}
2025-12-15T19:46:40+01:00	server	{"container_id":"057b4473ea15cd2085d34320a6a958e2761a59305395bf1eba834ac64fcc7354","container_name":"/docker_server_1","source":"stdout","log":"Ign:7 http://archive.ubuntu.com/ubuntu jammy-updates/main amd64 Packages"}
2025-12-15T19:46:42+01:00	server	{"log":"Get:8 http://archive.ubuntu.com/ubuntu jammy-updates/restricted amd64 Packages [6410 kB]","container_id":"057b4473ea15cd2085d34320a6a958e2761a59305395bf1eba834ac64fcc7354","container_name":"/docker_server_1","source":"stdout"}
2025-12-15T19:47:06+01:00	server	{"container_id":"057b4473ea15cd2085d34320a6a958e2761a59305395bf1eba834ac64fcc7354","container_name":"/docker_server_1","source":"stdout","log":"Get:9 http://security.ubuntu.com/ubuntu jammy-security/restricted amd64 Packages [6205 kB]"}
2025-12-15T19:50:52+01:00	fluent.info	{"pid":15,"ppid":9,"worker":0,"message":"starting fluentd worker pid=15 ppid=9 worker=0"}
2025-12-15T19:50:52+01:00	fluent.info	{"message":"listening syslog socket on 0.0.0.0:5140 with tcp"}
2025-12-15T19:50:52+01:00	fluent.info	{"port":24224,"bind":"0.0.0.0","message":"listening port port=24224 bind=\"0.0.0.0\""}
2025-12-15T19:50:52+01:00	fluent.info	{"worker":0,"message":"fluentd worker is now running worker=0"}
2025-12-15T19:50:52+01:00	server	{"container_id":"24c062a7ae43b4a9c7ab974a94605651531f81a6234416ecd4a2e4feae00179e","container_name":"/docker_server_1","source":"stdout","log":"Get:1 http://security.ubuntu.com/ubuntu jammy-security InRelease [129 kB]"}
2025-12-15T19:50:52+01:00	server	{"container_id":"24c062a7ae43b4a9c7ab974a94605651531f81a6234416ecd4a2e4feae00179e","container_name":"/docker_server_1","source":"stdout","log":"Hit:2 http://archive.ubuntu.com/ubuntu jammy InRelease"}
2025-12-15T19:50:51+01:00	rc1	{"source":"stdout","log":" * Starting system logging syslog-ng","container_id":"aefdf4cc4a8dbb1a8b946b5c121e4253cfd9755f9287a323c7fdc5fd8476e96a","container_name":"/docker_rc1_1"}
2025-12-15T19:50:51+01:00	rc1	{"log":"[2025-12-15T19:50:51.918414] WARNING: Configuration file format is too old, syslog-ng is running in compatibility mode. Please update it to use the syslog-ng 3.35 format at your time of convenience. To upgrade the configuration, please review the warnings about incompatible changes printed by syslog-ng, and once completed change the @version header at the top of the configuration file; config-version='3.27'","container_id":"aefdf4cc4a8dbb1a8b946b5c121e4253cfd9755f9287a323c7fdc5fd8476e96a","container_name":"/docker_rc1_1","source":"stderr"}
2025-12-15T19:50:51+01:00	rc1	{"source":"stderr","log":"[2025-12-15T19:50:51.950948] WARNING: The internal_queue_length stat counter has been renamed to internal_source.queued. The old name will be removed in future versions; config-version='3.27'","container_id":"aefdf4cc4a8dbb1a8b946b5c121e4253cfd9755f9287a323c7fdc5fd8476e96a","container_name":"/docker_rc1_1"}
2025-12-15T19:50:51+01:00	rc1	{"source":"stdout","log":"   ...done.","container_id":"aefdf4cc4a8dbb1a8b946b5c121e4253cfd9755f9287a323c7fdc5fd8476e96a","container_name":"/docker_rc1_1"}
2025-12-15T19:50:52+01:00	rc1	{"log":" * Started watchfrr","container_id":"aefdf4cc4a8dbb1a8b946b5c121e4253cfd9755f9287a323c7fdc5fd8476e96a","container_name":"/docker_rc1_1","source":"stdout"}
2025-12-15T19:50:52+01:00	rc1	{"source":"stdout","log":"","container_id":"aefdf4cc4a8dbb1a8b946b5c121e4253cfd9755f9287a323c7fdc5fd8476e96a","container_name":"/docker_rc1_1"}
2025-12-15T19:50:52+01:00	rc1	{"log":"Hello, this is FRRouting (version 8.1).","container_id":"aefdf4cc4a8dbb1a8b946b5c121e4253cfd9755f9287a323c7fdc5fd8476e96a","container_name":"/docker_rc1_1","source":"stdout"}
2025-12-15T19:50:52+01:00	rc1	{"container_id":"aefdf4cc4a8dbb1a8b946b5c121e4253cfd9755f9287a323c7fdc5fd8476e96a","container_name":"/docker_rc1_1","source":"stdout","log":"Copyright 1996-2005 Kunihiro Ishiguro, et al."}
2025-12-15T19:50:52+01:00	rc1	{"container_id":"aefdf4cc4a8dbb1a8b946b5c121e4253cfd9755f9287a323c7fdc5fd8476e96a","container_name":"/docker_rc1_1","source":"stdout","log":""}
2025-12-15T19:50:52+01:00	rc1	{"container_id":"aefdf4cc4a8dbb1a8b946b5c121e4253cfd9755f9287a323c7fdc5fd8476e96a","container_name":"/docker_rc1_1","source":"stdout","log":"rc1# conf t"}
2025-12-15T19:50:52+01:00	rc1	{"container_name":"/docker_rc1_1","source":"stdout","log":"rc1(config)# log file /shared-volume/frr/frr3.log","container_id":"aefdf4cc4a8dbb1a8b946b5c121e4253cfd9755f9287a323c7fdc5fd8476e96a"}
2025-12-15T19:50:52+01:00	rc1	{"container_name":"/docker_rc1_1","source":"stdout","log":"can't open logfile /shared-volume/frr/frr3.log","container_id":"aefdf4cc4a8dbb1a8b946b5c121e4253cfd9755f9287a323c7fdc5fd8476e96a"}
2025-12-15T19:50:52+01:00	rc1	{"container_id":"aefdf4cc4a8dbb1a8b946b5c121e4253cfd9755f9287a323c7fdc5fd8476e96a","container_name":"/docker_rc1_1","source":"stdout","log":"rc1(config)# router ospf"}
2025-12-15T19:50:52+01:00	rc1	{"container_id":"aefdf4cc4a8dbb1a8b946b5c121e4253cfd9755f9287a323c7fdc5fd8476e96a","container_name":"/docker_rc1_1","source":"stdout","log":"rc1(config-router)# network 10.1.0.0/29 area 0"}
2025-12-15T19:50:52+01:00	rc1	{"container_name":"/docker_rc1_1","source":"stdout","log":"rc1(config-router)# network 10.100.0.0/24 area 0","container_id":"aefdf4cc4a8dbb1a8b946b5c121e4253cfd9755f9287a323c7fdc5fd8476e96a"}
2025-12-15T19:50:52+01:00	rc1	{"source":"stdout","log":"rc1(config-router)# end","container_id":"aefdf4cc4a8dbb1a8b946b5c121e4253cfd9755f9287a323c7fdc5fd8476e96a","container_name":"/docker_rc1_1"}
2025-12-15T19:50:52+01:00	rc1	{"container_id":"aefdf4cc4a8dbb1a8b946b5c121e4253cfd9755f9287a323c7fdc5fd8476e96a","container_name":"/docker_rc1_1","source":"stdout","log":"rc1# "}
2025-12-15T19:50:51+01:00	rc2	{"container_id":"a39fa2bb3cf769f6c023cc93f931745a37e83459af8edcf5d31d889a90da3e9d","container_name":"/docker_rc2_1","source":"stdout","log":" * Starting system logging syslog-ng"}
2025-12-15T19:50:52+01:00	rc2	{"container_id":"a39fa2bb3cf769f6c023cc93f931745a37e83459af8edcf5d31d889a90da3e9d","container_name":"/docker_rc2_1","source":"stderr","log":"[2025-12-15T19:50:52.000292] WARNING: Configuration file format is too old, syslog-ng is running in compatibility mode. Please update it to use the syslog-ng 3.35 format at your time of convenience. To upgrade the configuration, please review the warnings about incompatible changes printed by syslog-ng, and once completed change the @version header at the top of the configuration file; config-version='3.27'"}
2025-12-15T19:50:52+01:00	rc2	{"log":"[2025-12-15T19:50:52.071746] WARNING: The internal_queue_length stat counter has been renamed to internal_source.queued. The old name will be removed in future versions; config-version='3.27'","container_id":"a39fa2bb3cf769f6c023cc93f931745a37e83459af8edcf5d31d889a90da3e9d","container_name":"/docker_rc2_1","source":"stderr"}
2025-12-15T19:50:52+01:00	rc2	{"container_id":"a39fa2bb3cf769f6c023cc93f931745a37e83459af8edcf5d31d889a90da3e9d","container_name":"/docker_rc2_1","source":"stdout","log":"   ...done."}
2025-12-15T19:50:52+01:00	rc2	{"container_id":"a39fa2bb3cf769f6c023cc93f931745a37e83459af8edcf5d31d889a90da3e9d","container_name":"/docker_rc2_1","source":"stdout","log":" * Started watchfrr"}
2025-12-15T19:50:52+01:00	rc2	{"container_name":"/docker_rc2_1","source":"stdout","log":"","container_id":"a39fa2bb3cf769f6c023cc93f931745a37e83459af8edcf5d31d889a90da3e9d"}
2025-12-15T19:50:52+01:00	rc2	{"container_name":"/docker_rc2_1","source":"stdout","log":"Hello, this is FRRouting (version 8.1).","container_id":"a39fa2bb3cf769f6c023cc93f931745a37e83459af8edcf5d31d889a90da3e9d"}
2025-12-15T19:50:52+01:00	rc2	{"container_name":"/docker_rc2_1","source":"stdout","log":"Copyright 1996-2005 Kunihiro Ishiguro, et al.","container_id":"a39fa2bb3cf769f6c023cc93f931745a37e83459af8edcf5d31d889a90da3e9d"}
2025-12-15T19:50:52+01:00	rc2	{"log":"","container_id":"a39fa2bb3cf769f6c023cc93f931745a37e83459af8edcf5d31d889a90da3e9d","container_name":"/docker_rc2_1","source":"stdout"}
2025-12-15T19:50:52+01:00	rc2	{"container_id":"a39fa2bb3cf769f6c023cc93f931745a37e83459af8edcf5d31d889a90da3e9d","container_name":"/docker_rc2_1","source":"stdout","log":"rc2# conf t"}
2025-12-15T19:50:52+01:00	rc2	{"container_id":"a39fa2bb3cf769f6c023cc93f931745a37e83459af8edcf5d31d889a90da3e9d","container_name":"/docker_rc2_1","source":"stdout","log":"rc2(config)# log file /shared-volume/frr/frr4.log"}
2025-12-15T19:50:52+01:00	rc2	{"container_id":"a39fa2bb3cf769f6c023cc93f931745a37e83459af8edcf5d31d889a90da3e9d","container_name":"/docker_rc2_1","source":"stdout","log":"can't open logfile /shared-volume/frr/frr4.log"}
2025-12-15T19:50:52+01:00	rc2	{"log":"rc2(config)# router ospf","container_id":"a39fa2bb3cf769f6c023cc93f931745a37e83459af8edcf5d31d889a90da3e9d","container_name":"/docker_rc2_1","source":"stdout"}
2025-12-15T19:50:52+01:00	rc2	{"container_id":"a39fa2bb3cf769f6c023cc93f931745a37e83459af8edcf5d31d889a90da3e9d","container_name":"/docker_rc2_1","source":"stdout","log":"rc2(config-router)# network 10.1.0.0/29 area 0"}
2025-12-15T19:50:52+01:00	rc2	{"source":"stdout","log":"rc2(config-router)# network 10.2.0.0/29 area 0","container_id":"a39fa2bb3cf769f6c023cc93f931745a37e83459af8edcf5d31d889a90da3e9d","container_name":"/docker_rc2_1"}
2025-12-15T19:50:52+01:00	rc2	{"source":"stdout","log":"rc2(config-router)# network 10.3.0.0/29 area 0","container_id":"a39fa2bb3cf769f6c023cc93f931745a37e83459af8edcf5d31d889a90da3e9d","container_name":"/docker_rc2_1"}
2025-12-15T19:50:52+01:00	rc2	{"source":"stdout","log":"rc2(config-router)# end","container_id":"a39fa2bb3cf769f6c023cc93f931745a37e83459af8edcf5d31d889a90da3e9d","container_name":"/docker_rc2_1"}
2025-12-15T19:50:52+01:00	rc2	{"log":"rc2# ","container_id":"a39fa2bb3cf769f6c023cc93f931745a37e83459af8edcf5d31d889a90da3e9d","container_name":"/docker_rc2_1","source":"stdout"}
2025-12-15T19:50:52+01:00	ra	{"log":" * Starting system logging syslog-ng","container_id":"b5f48eedc9ba554c4c93db8e8fa3c04bbf994d4162866243614fb606d6007df2","container_name":"/docker_ra_1","source":"stdout"}
2025-12-15T19:50:52+01:00	ra	{"source":"stderr","log":"[2025-12-15T19:50:52.020739] WARNING: Configuration file format is too old, syslog-ng is running in compatibility mode. Please update it to use the syslog-ng 3.35 format at your time of convenience. To upgrade the configuration, please review the warnings about incompatible changes printed by syslog-ng, and once completed change the @version header at the top of the configuration file; config-version='3.27'","container_id":"b5f48eedc9ba554c4c93db8e8fa3c04bbf994d4162866243614fb606d6007df2","container_name":"/docker_ra_1"}
2025-12-15T19:50:52+01:00	ra	{"container_id":"b5f48eedc9ba554c4c93db8e8fa3c04bbf994d4162866243614fb606d6007df2","container_name":"/docker_ra_1","source":"stderr","log":"[2025-12-15T19:50:52.114541] WARNING: The internal_queue_length stat counter has been renamed to internal_source.queued. The old name will be removed in future versions; config-version='3.27'"}
2025-12-15T19:50:52+01:00	ra	{"container_name":"/docker_ra_1","source":"stdout","log":"   ...done.","container_id":"b5f48eedc9ba554c4c93db8e8fa3c04bbf994d4162866243614fb606d6007df2"}
2025-12-15T19:50:52+01:00	ra	{"container_id":"b5f48eedc9ba554c4c93db8e8fa3c04bbf994d4162866243614fb606d6007df2","container_name":"/docker_ra_1","source":"stdout","log":" * Started watchfrr"}
2025-12-15T19:50:52+01:00	ra	{"container_id":"b5f48eedc9ba554c4c93db8e8fa3c04bbf994d4162866243614fb606d6007df2","container_name":"/docker_ra_1","source":"stdout","log":""}
2025-12-15T19:50:52+01:00	ra	{"source":"stdout","log":"Hello, this is FRRouting (version 8.1).","container_id":"b5f48eedc9ba554c4c93db8e8fa3c04bbf994d4162866243614fb606d6007df2","container_name":"/docker_ra_1"}
2025-12-15T19:50:52+01:00	ra	{"container_name":"/docker_ra_1","source":"stdout","log":"Copyright 1996-2005 Kunihiro Ishiguro, et al.","container_id":"b5f48eedc9ba554c4c93db8e8fa3c04bbf994d4162866243614fb606d6007df2"}
2025-12-15T19:50:52+01:00	ra	{"container_id":"b5f48eedc9ba554c4c93db8e8fa3c04bbf994d4162866243614fb606d6007df2","container_name":"/docker_ra_1","source":"stdout","log":""}
2025-12-15T19:50:52+01:00	ra	{"source":"stdout","log":"ra# conf t","container_id":"b5f48eedc9ba554c4c93db8e8fa3c04bbf994d4162866243614fb606d6007df2","container_name":"/docker_ra_1"}
2025-12-15T19:50:52+01:00	ra	{"log":"ra(config)# log file /shared-volume/frr/frr1.log","container_id":"b5f48eedc9ba554c4c93db8e8fa3c04bbf994d4162866243614fb606d6007df2","container_name":"/docker_ra_1","source":"stdout"}
2025-12-15T19:50:52+01:00	ra	{"container_id":"b5f48eedc9ba554c4c93db8e8fa3c04bbf994d4162866243614fb606d6007df2","container_name":"/docker_ra_1","source":"stdout","log":"can't open logfile /shared-volume/frr/frr1.log"}
2025-12-15T19:50:52+01:00	ra	{"source":"stdout","log":"ra(config)# router ospf","container_id":"b5f48eedc9ba554c4c93db8e8fa3c04bbf994d4162866243614fb606d6007df2","container_name":"/docker_ra_1"}
2025-12-15T19:50:52+01:00	ra	{"container_name":"/docker_ra_1","source":"stdout","log":"ra(config-router)# network 10.2.0.0/29 area 0","container_id":"b5f48eedc9ba554c4c93db8e8fa3c04bbf994d4162866243614fb606d6007df2"}
2025-12-15T19:50:52+01:00	ra	{"container_id":"b5f48eedc9ba554c4c93db8e8fa3c04bbf994d4162866243614fb606d6007df2","container_name":"/docker_ra_1","source":"stdout","log":"ra(config-router)# network 10.0.1.0/24 area 0"}
2025-12-15T19:50:52+01:00	ra	{"container_id":"b5f48eedc9ba554c4c93db8e8fa3c04bbf994d4162866243614fb606d6007df2","container_name":"/docker_ra_1","source":"stdout","log":"ra(config-router)# network 10.0.2.0/24 area 0"}
2025-12-15T19:50:52+01:00	ra	{"container_id":"b5f48eedc9ba554c4c93db8e8fa3c04bbf994d4162866243614fb606d6007df2","container_name":"/docker_ra_1","source":"stdout","log":"ra(config-router)# end"}
2025-12-15T19:50:52+01:00	ra	{"source":"stdout","log":"ra# ","container_id":"b5f48eedc9ba554c4c93db8e8fa3c04bbf994d4162866243614fb606d6007df2","container_name":"/docker_ra_1"}
2025-12-15T19:50:52+01:00	rb	{"container_id":"45bfa300923d63e5aaccf98d8281a078fc29dac1b9cba42dc2fe954c188cf0d6","container_name":"/docker_rb_1","source":"stdout","log":" * Starting system logging syslog-ng"}
2025-12-15T19:50:52+01:00	rb	{"container_name":"/docker_rb_1","source":"stderr","log":"[2025-12-15T19:50:52.033195] WARNING: Configuration file format is too old, syslog-ng is running in compatibility mode. Please update it to use the syslog-ng 3.35 format at your time of convenience. To upgrade the configuration, please review the warnings about incompatible changes printed by syslog-ng, and once completed change the @version header at the top of the configuration file; config-version='3.27'","container_id":"45bfa300923d63e5aaccf98d8281a078fc29dac1b9cba42dc2fe954c188cf0d6"}
2025-12-15T19:50:52+01:00	rb	{"container_id":"45bfa300923d63e5aaccf98d8281a078fc29dac1b9cba42dc2fe954c188cf0d6","container_name":"/docker_rb_1","source":"stderr","log":"[2025-12-15T19:50:52.135998] WARNING: The internal_queue_length stat counter has been renamed to internal_source.queued. The old name will be removed in future versions; config-version='3.27'"}
2025-12-15T19:50:52+01:00	rb	{"container_id":"45bfa300923d63e5aaccf98d8281a078fc29dac1b9cba42dc2fe954c188cf0d6","container_name":"/docker_rb_1","source":"stdout","log":"   ...done."}
2025-12-15T19:50:52+01:00	rb	{"container_id":"45bfa300923d63e5aaccf98d8281a078fc29dac1b9cba42dc2fe954c188cf0d6","container_name":"/docker_rb_1","source":"stdout","log":" * Started watchfrr"}
2025-12-15T19:50:52+01:00	rb	{"container_name":"/docker_rb_1","source":"stdout","log":"","container_id":"45bfa300923d63e5aaccf98d8281a078fc29dac1b9cba42dc2fe954c188cf0d6"}
2025-12-15T19:50:52+01:00	rb	{"container_name":"/docker_rb_1","source":"stdout","log":"Hello, this is FRRouting (version 8.1).","container_id":"45bfa300923d63e5aaccf98d8281a078fc29dac1b9cba42dc2fe954c188cf0d6"}
2025-12-15T19:50:52+01:00	rb	{"container_id":"45bfa300923d63e5aaccf98d8281a078fc29dac1b9cba42dc2fe954c188cf0d6","container_name":"/docker_rb_1","source":"stdout","log":"Copyright 1996-2005 Kunihiro Ishiguro, et al."}
2025-12-15T19:50:52+01:00	rb	{"source":"stdout","log":"","container_id":"45bfa300923d63e5aaccf98d8281a078fc29dac1b9cba42dc2fe954c188cf0d6","container_name":"/docker_rb_1"}
2025-12-15T19:50:52+01:00	rb	{"container_id":"45bfa300923d63e5aaccf98d8281a078fc29dac1b9cba42dc2fe954c188cf0d6","container_name":"/docker_rb_1","source":"stdout","log":"rb# conf t"}
2025-12-15T19:50:52+01:00	rb	{"container_id":"45bfa300923d63e5aaccf98d8281a078fc29dac1b9cba42dc2fe954c188cf0d6","container_name":"/docker_rb_1","source":"stdout","log":"rb(config)# log file /shared-volume/frr/frr2.log"}
2025-12-15T19:50:52+01:00	rb	{"container_id":"45bfa300923d63e5aaccf98d8281a078fc29dac1b9cba42dc2fe954c188cf0d6","container_name":"/docker_rb_1","source":"stdout","log":"can't open logfile /shared-volume/frr/frr2.log"}
2025-12-15T19:50:52+01:00	rb	{"source":"stdout","log":"rb(config)# router ospf","container_id":"45bfa300923d63e5aaccf98d8281a078fc29dac1b9cba42dc2fe954c188cf0d6","container_name":"/docker_rb_1"}
2025-12-15T19:50:52+01:00	rb	{"container_id":"45bfa300923d63e5aaccf98d8281a078fc29dac1b9cba42dc2fe954c188cf0d6","container_name":"/docker_rb_1","source":"stdout","log":"rb(config-router)# network 10.3.0.0/29 area 0"}
2025-12-15T19:50:52+01:00	rb	{"container_name":"/docker_rb_1","source":"stdout","log":"rb(config-router)# network 10.0.3.0/24 area 0","container_id":"45bfa300923d63e5aaccf98d8281a078fc29dac1b9cba42dc2fe954c188cf0d6"}
2025-12-15T19:50:52+01:00	rb	{"container_id":"45bfa300923d63e5aaccf98d8281a078fc29dac1b9cba42dc2fe954c188cf0d6","container_name":"/docker_rb_1","source":"stdout","log":"rb(config-router)# network 10.0.4.0/24 area 0"}
2025-12-15T19:50:52+01:00	rb	{"log":"rb(config-router)# end","container_id":"45bfa300923d63e5aaccf98d8281a078fc29dac1b9cba42dc2fe954c188cf0d6","container_name":"/docker_rb_1","source":"stdout"}
2025-12-15T19:50:52+01:00	rb	{"source":"stdout","log":"rb# ","container_id":"45bfa300923d63e5aaccf98d8281a078fc29dac1b9cba42dc2fe954c188cf0d6","container_name":"/docker_rb_1"}
2025-12-15T19:50:57+01:00	server	{"source":"stdout","log":"Get:3 http://archive.ubuntu.com/ubuntu jammy-updates InRelease [128 kB]","container_id":"24c062a7ae43b4a9c7ab974a94605651531f81a6234416ecd4a2e4feae00179e","container_name":"/docker_server_1"}
2025-12-15T19:50:59+01:00	server	{"container_name":"/docker_server_1","source":"stdout","log":"Get:4 http://security.ubuntu.com/ubuntu jammy-security/universe amd64 Packages [1287 kB]","container_id":"24c062a7ae43b4a9c7ab974a94605651531f81a6234416ecd4a2e4feae00179e"}
2025-12-15T19:51:21+01:00	server	{"container_name":"/docker_server_1","source":"stdout","log":"Get:5 http://archive.ubuntu.com/ubuntu jammy-backports InRelease [127 kB]","container_id":"24c062a7ae43b4a9c7ab974a94605651531f81a6234416ecd4a2e4feae00179e"}
2025-12-15T19:51:24+01:00	server	{"log":"Get:6 http://security.ubuntu.com/ubuntu jammy-security/main amd64 Packages [3633 kB]","container_id":"24c062a7ae43b4a9c7ab974a94605651531f81a6234416ecd4a2e4feae00179e","container_name":"/docker_server_1","source":"stdout"}
2025-12-15T19:51:31+01:00	server	{"container_id":"24c062a7ae43b4a9c7ab974a94605651531f81a6234416ecd4a2e4feae00179e","container_name":"/docker_server_1","source":"stdout","log":"Get:7 http://archive.ubuntu.com/ubuntu jammy-updates/universe amd64 Packages [1598 kB]"}
2025-12-15T19:50:51+01:00	syslog.syslog.notice	{"host":"rc1","ident":"syslog-ng","pid":"17","message":"syslog-ng starting up; version='3.35.1'"}
2025-12-15T19:50:51+01:00	syslog.syslog.err	{"host":"rc1","ident":"syslog-ng","pid":"17","message":"Syslog connection failed; fd='15', server='AF_INET(10.100.0.3:5140)', error='Connection refused (111)', time_reopen='60'"}
2025-12-15T19:50:51+01:00	syslog.kern.info	{"host":"rc1","ident":"kernel","message":"eth2: renamed from vethd4c5ccd"}
2025-12-15T19:50:51+01:00	syslog.kern.info	{"host":"rc1","ident":"kernel","message":"br-534c4308d44d: port 1(vethc0dab24) entered blocking state"}
2025-12-15T19:50:51+01:00	syslog.kern.info	{"host":"rc1","ident":"kernel","message":"br-534c4308d44d: port 1(vethc0dab24) entered forwarding state"}
2025-12-15T19:50:51+01:00	syslog.kern.info	{"host":"rc1","ident":"kernel","message":"eth2: renamed from veth3d1615c"}
2025-12-15T19:50:51+01:00	syslog.daemon.notice	{"host":"rc1","ident":"watchfrr","pid":"37","message":"[T83RR-8SM5G] watchfrr 8.1 starting: vty@0"}
2025-12-15T19:50:51+01:00	syslog.kern.info	{"host":"rc1","ident":"kernel","message":"br-3b70d3ce74fb: port 2(veth9f9f8ed) entered blocking state"}
2025-12-15T19:50:51+01:00	syslog.kern.info	{"host":"rc1","ident":"kernel","message":"br-3b70d3ce74fb: port 2(veth9f9f8ed) entered forwarding state"}
2025-12-15T19:50:51+01:00	syslog.daemon.info	{"host":"rc1","ident":"watchfrr","pid":"37","message":"[ZCJ3S-SPH5S] zebra state -> down : initial connection attempt failed"}
2025-12-15T19:50:51+01:00	syslog.daemon.info	{"host":"rc1","ident":"watchfrr","pid":"37","message":"[ZCJ3S-SPH5S] bgpd state -> down : initial connection attempt failed"}
2025-12-15T19:50:51+01:00	syslog.daemon.info	{"host":"rc1","ident":"watchfrr","pid":"37","message":"[ZCJ3S-SPH5S] ospfd state -> down : initial connection attempt failed"}
2025-12-15T19:50:51+01:00	syslog.daemon.info	{"host":"rc1","ident":"watchfrr","pid":"37","message":"[ZCJ3S-SPH5S] staticd state -> down : initial connection attempt failed"}
2025-12-15T19:50:51+01:00	syslog.daemon.info	{"host":"rc1","ident":"watchfrr","pid":"37","message":"[YFT0P-5Q5YX] Forked background command [pid 38]: /usr/lib/frr/watchfrr.sh restart all"}
2025-12-15T19:50:51+01:00	syslog.daemon.err	{"host":"rc1","ident":"watchfrr.sh","pid":"51","message":"Cannot stop staticd: pid file not found"}
2025-12-15T19:50:51+01:00	syslog.daemon.err	{"host":"rc1","ident":"watchfrr.sh","pid":"55","message":"Cannot stop bgpd: pid file not found"}
2025-12-15T19:50:51+01:00	syslog.daemon.err	{"host":"rc1","ident":"watchfrr.sh","pid":"54","message":"Cannot stop ospfd: pid file not found"}
2025-12-15T19:50:51+01:00	syslog.daemon.err	{"host":"rc1","ident":"watchfrr.sh","pid":"57","message":"Cannot stop zebra: pid file not found"}
2025-12-15T19:50:52+01:00	syslog.daemon.info	{"host":"rc1","ident":"zebra","pid":"59","message":"[VTVCM-Y2NW3] Configuration Read in Took: 00:00:00"}
2025-12-15T19:50:52+01:00	syslog.daemon.info	{"host":"rc1","ident":"ospfd","pid":"71","message":"[VTVCM-Y2NW3] Configuration Read in Took: 00:00:00"}
2025-12-15T19:50:52+01:00	syslog.daemon.info	{"host":"rc1","ident":"staticd","pid":"74","message":"[VTVCM-Y2NW3] Configuration Read in Took: 00:00:00"}
2025-12-15T19:50:52+01:00	syslog.daemon.info	{"host":"rc1","ident":"bgpd","pid":"64","message":"[VTVCM-Y2NW3] Configuration Read in Took: 00:00:00"}
2025-12-15T19:50:52+01:00	syslog.daemon.notice	{"host":"rc1","ident":"watchfrr","pid":"37","message":"[QDG3Y-BY5TN] zebra state -> up : connect succeeded"}
2025-12-15T19:50:52+01:00	syslog.daemon.notice	{"host":"rc1","ident":"watchfrr","pid":"37","message":"[QDG3Y-BY5TN] bgpd state -> up : connect succeeded"}
2025-12-15T19:50:52+01:00	syslog.daemon.notice	{"host":"rc1","ident":"watchfrr","pid":"37","message":"[QDG3Y-BY5TN] ospfd state -> up : connect succeeded"}
2025-12-15T19:50:52+01:00	syslog.daemon.notice	{"host":"rc1","ident":"watchfrr","pid":"37","message":"[QDG3Y-BY5TN] staticd state -> up : connect succeeded"}
2025-12-15T19:50:52+01:00	syslog.daemon.notice	{"host":"rc1","ident":"watchfrr","pid":"37","message":"[KWE5Q-QNGFC] all daemons up, doing startup-complete notify"}
2025-12-15T19:50:52+01:00	syslog.kern.info	{"host":"rc1","ident":"kernel","message":"br-4ce8aa20ca69: port 2(vethc264e07) entered blocking state"}
2025-12-15T19:50:52+01:00	syslog.kern.info	{"host":"rc1","ident":"kernel","message":"br-4ce8aa20ca69: port 2(vethc264e07) entered disabled state"}
2025-12-15T19:50:52+01:00	syslog.kern.info	{"host":"rc1","ident":"kernel","message":"vethc264e07: entered allmulticast mode"}
2025-12-15T19:50:52+01:00	syslog.kern.info	{"host":"rc1","ident":"kernel","message":"vethc264e07: entered promiscuous mode"}
2025-12-15T19:50:52+01:00	syslog.kern.info	{"host":"rc1","ident":"kernel","message":"br-264687319df7: port 2(veth7b65de0) entered blocking state"}
2025-12-15T19:50:52+01:00	syslog.kern.info	{"host":"rc1","ident":"kernel","message":"br-264687319df7: port 2(veth7b65de0) entered disabled state"}
2025-12-15T19:50:52+01:00	syslog.kern.info	{"host":"rc1","ident":"kernel","message":"veth7b65de0: entered allmulticast mode"}
2025-12-15T19:50:52+01:00	syslog.kern.info	{"host":"rc1","ident":"kernel","message":"veth7b65de0: entered promiscuous mode"}
2025-12-15T19:50:52+01:00	syslog.kern.info	{"host":"rc1","ident":"kernel","message":"br-3ac9e573e665: port 2(vethdf32923) entered blocking state"}
2025-12-15T19:50:52+01:00	syslog.kern.info	{"host":"rc1","ident":"kernel","message":"br-3ac9e573e665: port 2(vethdf32923) entered disabled state"}
2025-12-15T19:50:52+01:00	syslog.kern.info	{"host":"rc1","ident":"kernel","message":"vethdf32923: entered allmulticast mode"}
2025-12-15T19:50:52+01:00	syslog.kern.info	{"host":"rc1","ident":"kernel","message":"vethdf32923: entered promiscuous mode"}
2025-12-15T19:50:52+01:00	syslog.kern.info	{"host":"rc1","ident":"kernel","message":"br-534c4308d44d: port 2(vethbcb184e) entered blocking state"}
2025-12-15T19:50:52+01:00	syslog.kern.info	{"host":"rc1","ident":"kernel","message":"br-534c4308d44d: port 2(vethbcb184e) entered disabled state"}
2025-12-15T19:50:52+01:00	syslog.kern.info	{"host":"rc1","ident":"kernel","message":"vethbcb184e: entered allmulticast mode"}
2025-12-15T19:50:52+01:00	syslog.kern.info	{"host":"rc1","ident":"kernel","message":"vethbcb184e: entered promiscuous mode"}
2025-12-15T19:50:52+01:00	syslog.kern.info	{"host":"rc1","ident":"kernel","message":"eth0: renamed from veth28e4128"}
2025-12-15T19:50:52+01:00	syslog.kern.info	{"host":"rc1","ident":"kernel","message":"br-4ce8aa20ca69: port 2(vethc264e07) entered blocking state"}
2025-12-15T19:50:52+01:00	syslog.kern.info	{"host":"rc1","ident":"kernel","message":"br-4ce8aa20ca69: port 2(vethc264e07) entered forwarding state"}
2025-12-15T19:50:52+01:00	syslog.kern.info	{"host":"rc1","ident":"kernel","message":"eth0: renamed from veth03e7892"}
2025-12-15T19:50:52+01:00	syslog.kern.info	{"host":"rc1","ident":"kernel","message":"br-264687319df7: port 2(veth7b65de0) entered blocking state"}
2025-12-15T19:50:52+01:00	syslog.kern.info	{"host":"rc1","ident":"kernel","message":"br-264687319df7: port 2(veth7b65de0) entered forwarding state"}
2025-12-15T19:50:52+01:00	syslog.kern.info	{"host":"rc1","ident":"kernel","message":"eth0: renamed from veth1a5106f"}
2025-12-15T19:50:52+01:00	syslog.kern.info	{"host":"rc1","ident":"kernel","message":"br-3ac9e573e665: port 2(vethdf32923) entered blocking state"}
2025-12-15T19:50:52+01:00	syslog.kern.info	{"host":"rc1","ident":"kernel","message":"br-3ac9e573e665: port 2(vethdf32923) entered forwarding state"}
2025-12-15T19:50:52+01:00	syslog.kern.info	{"host":"rc1","ident":"kernel","message":"eth0: renamed from vethfd079c6"}
2025-12-15T19:50:52+01:00	syslog.kern.info	{"host":"rc1","ident":"kernel","message":"br-534c4308d44d: port 2(vethbcb184e) entered blocking state"}
2025-12-15T19:50:52+01:00	syslog.kern.info	{"host":"rc1","ident":"kernel","message":"br-534c4308d44d: port 2(vethbcb184e) entered forwarding state"}
2025-12-15T19:51:37+01:00	syslog.daemon.info	{"host":"rc1","ident":"ospfd","pid":"71","message":"[S5PCG-77H23] Packet[DD]: Neighbor 10.3.0.3 Negotiation done (Master)."}
2025-12-15T19:51:51+01:00	syslog.syslog.notice	{"host":"rc1","ident":"syslog-ng","pid":"17","message":"Syslog connection established; fd='5', server='AF_INET(10.100.0.3:5140)', local='AF_INET(0.0.0.0:0)'"}
2025-12-15T19:51:54+01:00	server	{"container_id":"24c062a7ae43b4a9c7ab974a94605651531f81a6234416ecd4a2e4feae00179e","container_name":"/docker_server_1","source":"stdout","log":"Get:8 http://security.ubuntu.com/ubuntu jammy-security/restricted amd64 Packages [6205 kB]"}
2025-12-15T19:53:32+01:00	server	{"log":"Get:9 http://archive.ubuntu.com/ubuntu jammy-updates/restricted amd64 Packages [6410 kB]","container_id":"24c062a7ae43b4a9c7ab974a94605651531f81a6234416ecd4a2e4feae00179e","container_name":"/docker_server_1","source":"stdout"}
2025-12-15T19:53:33+01:00	syslog.kern.notice	{"host":"rc1","ident":"kernel","message":"audit: type=1400 audit(1765824813.455:415): apparmor=\"DENIED\" operation=\"open\" class=\"file\" profile=\"snap.firefox.firefox\" name=\"/proc/pressure/memory\" pid=7690 comm=\"MemoryPoller\" requested_mask=\"r\" denied_mask=\"r\" fsuid=1000 ouid=0"}
2025-12-15T19:53:34+01:00	server	{"log":"Ign:8 http://security.ubuntu.com/ubuntu jammy-security/restricted amd64 Packages","container_id":"24c062a7ae43b4a9c7ab974a94605651531f81a6234416ecd4a2e4feae00179e","container_name":"/docker_server_1","source":"stdout"}
2025-12-15T19:53:36+01:00	server	{"container_id":"24c062a7ae43b4a9c7ab974a94605651531f81a6234416ecd4a2e4feae00179e","container_name":"/docker_server_1","source":"stdout","log":"Get:8 http://security.ubuntu.com/ubuntu jammy-security/restricted amd64 Packages [6205 kB]"}
2025-12-15T19:53:38+01:00	syslog.kern.notice	{"host":"rc1","ident":"kernel","message":"audit: type=1400 audit(1765824818.484:416): apparmor=\"DENIED\" operation=\"open\" class=\"file\" profile=\"snap.firefox.firefox\" name=\"/proc/pressure/memory\" pid=7690 comm=\"MemoryPoller\" requested_mask=\"r\" denied_mask=\"r\" fsuid=1000 ouid=0"}
2025-12-15T19:53:43+01:00	syslog.kern.notice	{"host":"rc1","ident":"kernel","message":"audit: type=1400 audit(1765824823.512:417): apparmor=\"DENIED\" operation=\"open\" class=\"file\" profile=\"snap.firefox.firefox\" name=\"/proc/pressure/memory\" pid=7690 comm=\"MemoryPoller\" requested_mask=\"r\" denied_mask=\"r\" fsuid=1000 ouid=0"}
2025-12-15T19:53:48+01:00	syslog.kern.notice	{"host":"rc1","ident":"kernel","message":"audit: type=1400 audit(1765824828.522:418): apparmor=\"DENIED\" operation=\"open\" class=\"file\" profile=\"snap.firefox.firefox\" name=\"/proc/pressure/memory\" pid=7690 comm=\"MemoryPoller\" requested_mask=\"r\" denied_mask=\"r\" fsuid=1000 ouid=0"}
2025-12-15T19:53:53+01:00	syslog.kern.notice	{"host":"rc1","ident":"kernel","message":"audit: type=1400 audit(1765824833.532:419): apparmor=\"DENIED\" operation=\"open\" class=\"file\" profile=\"snap.firefox.firefox\" name=\"/proc/pressure/memory\" pid=7690 comm=\"MemoryPoller\" requested_mask=\"r\" denied_mask=\"r\" fsuid=1000 ouid=0"}
2025-12-15T19:53:58+01:00	syslog.kern.notice	{"host":"rc1","ident":"kernel","message":"audit: type=1400 audit(1765824838.551:420): apparmor=\"DENIED\" operation=\"open\" class=\"file\" profile=\"snap.firefox.firefox\" name=\"/proc/pressure/memory\" pid=7690 comm=\"MemoryPoller\" requested_mask=\"r\" denied_mask=\"r\" fsuid=1000 ouid=0"}
2025-12-15T20:14:56+01:00	fluent.info	{"pid":15,"ppid":9,"worker":0,"message":"starting fluentd worker pid=15 ppid=9 worker=0"}
2025-12-15T20:14:56+01:00	fluent.info	{"message":"listening syslog socket on 0.0.0.0:5140 with tcp"}
2025-12-15T20:14:56+01:00	fluent.info	{"port":24224,"bind":"0.0.0.0","message":"listening port port=24224 bind=\"0.0.0.0\""}
2025-12-15T20:14:56+01:00	fluent.info	{"worker":0,"message":"fluentd worker is now running worker=0"}
2025-12-15T20:14:55+01:00	rc1	{"container_id":"765bb10089f21a78da14977c7975c3602b1c5317fdf765d4f0bccb128552cc75","container_name":"/docker_rc1_1","source":"stdout","log":" * Starting system logging syslog-ng"}
2025-12-15T20:14:55+01:00	rc1	{"container_name":"/docker_rc1_1","source":"stderr","log":"[2025-12-15T20:14:55.946263] WARNING: Configuration file format is too old, syslog-ng is running in compatibility mode. Please update it to use the syslog-ng 3.35 format at your time of convenience. To upgrade the configuration, please review the warnings about incompatible changes printed by syslog-ng, and once completed change the @version header at the top of the configuration file; config-version='3.27'","container_id":"765bb10089f21a78da14977c7975c3602b1c5317fdf765d4f0bccb128552cc75"}
2025-12-15T20:14:55+01:00	rc1	{"container_name":"/docker_rc1_1","source":"stderr","log":"[2025-12-15T20:14:55.986785] WARNING: The internal_queue_length stat counter has been renamed to internal_source.queued. The old name will be removed in future versions; config-version='3.27'","container_id":"765bb10089f21a78da14977c7975c3602b1c5317fdf765d4f0bccb128552cc75"}
2025-12-15T20:14:55+01:00	rc1	{"container_id":"765bb10089f21a78da14977c7975c3602b1c5317fdf765d4f0bccb128552cc75","container_name":"/docker_rc1_1","source":"stdout","log":"   ...done."}
2025-12-15T20:14:56+01:00	rc1	{"container_name":"/docker_rc1_1","source":"stdout","log":" * Started watchfrr","container_id":"765bb10089f21a78da14977c7975c3602b1c5317fdf765d4f0bccb128552cc75"}
2025-12-15T20:14:56+01:00	rc1	{"container_id":"765bb10089f21a78da14977c7975c3602b1c5317fdf765d4f0bccb128552cc75","container_name":"/docker_rc1_1","source":"stdout","log":""}
2025-12-15T20:14:56+01:00	rc1	{"source":"stdout","log":"Hello, this is FRRouting (version 8.1).","container_id":"765bb10089f21a78da14977c7975c3602b1c5317fdf765d4f0bccb128552cc75","container_name":"/docker_rc1_1"}
2025-12-15T20:14:56+01:00	rc1	{"log":"Copyright 1996-2005 Kunihiro Ishiguro, et al.","container_id":"765bb10089f21a78da14977c7975c3602b1c5317fdf765d4f0bccb128552cc75","container_name":"/docker_rc1_1","source":"stdout"}
2025-12-15T20:14:56+01:00	rc1	{"source":"stdout","log":"","container_id":"765bb10089f21a78da14977c7975c3602b1c5317fdf765d4f0bccb128552cc75","container_name":"/docker_rc1_1"}
2025-12-15T20:14:56+01:00	rc1	{"container_id":"765bb10089f21a78da14977c7975c3602b1c5317fdf765d4f0bccb128552cc75","container_name":"/docker_rc1_1","source":"stdout","log":"rc1# conf t"}
2025-12-15T20:14:56+01:00	rc1	{"container_name":"/docker_rc1_1","source":"stdout","log":"rc1(config)# log file /shared-volume/frr/frr3.log","container_id":"765bb10089f21a78da14977c7975c3602b1c5317fdf765d4f0bccb128552cc75"}
2025-12-15T20:14:56+01:00	rc1	{"log":"can't open logfile /shared-volume/frr/frr3.log","container_id":"765bb10089f21a78da14977c7975c3602b1c5317fdf765d4f0bccb128552cc75","container_name":"/docker_rc1_1","source":"stdout"}
2025-12-15T20:14:56+01:00	rc1	{"container_name":"/docker_rc1_1","source":"stdout","log":"rc1(config)# router ospf","container_id":"765bb10089f21a78da14977c7975c3602b1c5317fdf765d4f0bccb128552cc75"}
2025-12-15T20:14:56+01:00	rc1	{"container_name":"/docker_rc1_1","source":"stdout","log":"rc1(config-router)# network 10.1.0.0/29 area 0","container_id":"765bb10089f21a78da14977c7975c3602b1c5317fdf765d4f0bccb128552cc75"}
2025-12-15T20:14:56+01:00	rc1	{"container_id":"765bb10089f21a78da14977c7975c3602b1c5317fdf765d4f0bccb128552cc75","container_name":"/docker_rc1_1","source":"stdout","log":"rc1(config-router)# network 10.100.0.0/24 area 0"}
2025-12-15T20:14:56+01:00	rc1	{"container_name":"/docker_rc1_1","source":"stdout","log":"rc1(config-router)# end","container_id":"765bb10089f21a78da14977c7975c3602b1c5317fdf765d4f0bccb128552cc75"}
2025-12-15T20:14:56+01:00	rc1	{"log":"rc1# ","container_id":"765bb10089f21a78da14977c7975c3602b1c5317fdf765d4f0bccb128552cc75","container_name":"/docker_rc1_1","source":"stdout"}
2025-12-15T20:14:55+01:00	rb	{"container_name":"/docker_rb_1","source":"stdout","log":" * Starting system logging syslog-ng","container_id":"c7d61322aef96d753bc176f6b381b34d764a6789dd9b238203858b2366211cd2"}
2025-12-15T20:14:55+01:00	rb	{"container_name":"/docker_rb_1","source":"stderr","log":"[2025-12-15T20:14:55.980514] WARNING: Configuration file format is too old, syslog-ng is running in compatibility mode. Please update it to use the syslog-ng 3.35 format at your time of convenience. To upgrade the configuration, please review the warnings about incompatible changes printed by syslog-ng, and once completed change the @version header at the top of the configuration file; config-version='3.27'","container_id":"c7d61322aef96d753bc176f6b381b34d764a6789dd9b238203858b2366211cd2"}
2025-12-15T20:14:56+01:00	rb	{"source":"stderr","log":"[2025-12-15T20:14:56.071625] WARNING: The internal_queue_length stat counter has been renamed to internal_source.queued. The old name will be removed in future versions; config-version='3.27'","container_id":"c7d61322aef96d753bc176f6b381b34d764a6789dd9b238203858b2366211cd2","container_name":"/docker_rb_1"}
2025-12-15T20:14:56+01:00	rb	{"log":"   ...done.","container_id":"c7d61322aef96d753bc176f6b381b34d764a6789dd9b238203858b2366211cd2","container_name":"/docker_rb_1","source":"stdout"}
2025-12-15T20:14:56+01:00	rb	{"log":" * Started watchfrr","container_id":"c7d61322aef96d753bc176f6b381b34d764a6789dd9b238203858b2366211cd2","container_name":"/docker_rb_1","source":"stdout"}
2025-12-15T20:14:56+01:00	rb	{"container_id":"c7d61322aef96d753bc176f6b381b34d764a6789dd9b238203858b2366211cd2","container_name":"/docker_rb_1","source":"stdout","log":""}
2025-12-15T20:14:56+01:00	rb	{"log":"Hello, this is FRRouting (version 8.1).","container_id":"c7d61322aef96d753bc176f6b381b34d764a6789dd9b238203858b2366211cd2","container_name":"/docker_rb_1","source":"stdout"}
2025-12-15T20:14:56+01:00	rb	{"source":"stdout","log":"Copyright 1996-2005 Kunihiro Ishiguro, et al.","container_id":"c7d61322aef96d753bc176f6b381b34d764a6789dd9b238203858b2366211cd2","container_name":"/docker_rb_1"}
2025-12-15T20:14:56+01:00	rb	{"log":"","container_id":"c7d61322aef96d753bc176f6b381b34d764a6789dd9b238203858b2366211cd2","container_name":"/docker_rb_1","source":"stdout"}
2025-12-15T20:14:56+01:00	rb	{"source":"stdout","log":"rb# conf t","container_id":"c7d61322aef96d753bc176f6b381b34d764a6789dd9b238203858b2366211cd2","container_name":"/docker_rb_1"}
2025-12-15T20:14:56+01:00	rb	{"container_id":"c7d61322aef96d753bc176f6b381b34d764a6789dd9b238203858b2366211cd2","container_name":"/docker_rb_1","source":"stdout","log":"rb(config)# log file /shared-volume/frr/frr2.log"}
2025-12-15T20:14:56+01:00	rb	{"container_id":"c7d61322aef96d753bc176f6b381b34d764a6789dd9b238203858b2366211cd2","container_name":"/docker_rb_1","source":"stdout","log":"can't open logfile /shared-volume/frr/frr2.log"}
2025-12-15T20:14:56+01:00	rb	{"container_name":"/docker_rb_1","source":"stdout","log":"rb(config)# router ospf","container_id":"c7d61322aef96d753bc176f6b381b34d764a6789dd9b238203858b2366211cd2"}
2025-12-15T20:14:56+01:00	rb	{"source":"stdout","log":"rb(config-router)# network 10.3.0.0/29 area 0","container_id":"c7d61322aef96d753bc176f6b381b34d764a6789dd9b238203858b2366211cd2","container_name":"/docker_rb_1"}
2025-12-15T20:14:56+01:00	rb	{"container_id":"c7d61322aef96d753bc176f6b381b34d764a6789dd9b238203858b2366211cd2","container_name":"/docker_rb_1","source":"stdout","log":"rb(config-router)# network 10.0.3.0/24 area 0"}
2025-12-15T20:14:56+01:00	rb	{"container_name":"/docker_rb_1","source":"stdout","log":"rb(config-router)# network 10.0.4.0/24 area 0","container_id":"c7d61322aef96d753bc176f6b381b34d764a6789dd9b238203858b2366211cd2"}
2025-12-15T20:14:56+01:00	rb	{"container_name":"/docker_rb_1","source":"stdout","log":"rb(config-router)# end","container_id":"c7d61322aef96d753bc176f6b381b34d764a6789dd9b238203858b2366211cd2"}
2025-12-15T20:14:56+01:00	rb	{"log":"rb# ","container_id":"c7d61322aef96d753bc176f6b381b34d764a6789dd9b238203858b2366211cd2","container_name":"/docker_rb_1","source":"stdout"}
2025-12-15T20:14:56+01:00	server	{"source":"stdout","log":"Hit:1 http://archive.ubuntu.com/ubuntu jammy InRelease","container_id":"542ba3079bc58b19d7f13ad1f02cd7894338201222ddb3bed060ca3072bb746c","container_name":"/docker_server_1"}
2025-12-15T20:14:56+01:00	server	{"log":"Hit:2 http://archive.ubuntu.com/ubuntu jammy-updates InRelease","container_id":"542ba3079bc58b19d7f13ad1f02cd7894338201222ddb3bed060ca3072bb746c","container_name":"/docker_server_1","source":"stdout"}
2025-12-15T20:14:56+01:00	server	{"source":"stdout","log":"Hit:3 http://security.ubuntu.com/ubuntu jammy-security InRelease","container_id":"542ba3079bc58b19d7f13ad1f02cd7894338201222ddb3bed060ca3072bb746c","container_name":"/docker_server_1"}
2025-12-15T20:14:56+01:00	server	{"container_id":"542ba3079bc58b19d7f13ad1f02cd7894338201222ddb3bed060ca3072bb746c","container_name":"/docker_server_1","source":"stdout","log":"Hit:4 http://archive.ubuntu.com/ubuntu jammy-backports InRelease"}
2025-12-15T20:14:56+01:00	rc2	{"container_id":"dd06e47ec6067d15dc6f3c62f9dcfeaa52dacdaeb6b0734e043a1e3193e59678","container_name":"/docker_rc2_1","source":"stdout","log":" * Starting system logging syslog-ng"}
2025-12-15T20:14:56+01:00	rc2	{"container_id":"dd06e47ec6067d15dc6f3c62f9dcfeaa52dacdaeb6b0734e043a1e3193e59678","container_name":"/docker_rc2_1","source":"stderr","log":"[2025-12-15T20:14:56.086607] WARNING: Configuration file format is too old, syslog-ng is running in compatibility mode. Please update it to use the syslog-ng 3.35 format at your time of convenience. To upgrade the configuration, please review the warnings about incompatible changes printed by syslog-ng, and once completed change the @version header at the top of the configuration file; config-version='3.27'"}
2025-12-15T20:14:56+01:00	rc2	{"container_name":"/docker_rc2_1","source":"stderr","log":"[2025-12-15T20:14:56.180004] WARNING: The internal_queue_length stat counter has been renamed to internal_source.queued. The old name will be removed in future versions; config-version='3.27'","container_id":"dd06e47ec6067d15dc6f3c62f9dcfeaa52dacdaeb6b0734e043a1e3193e59678"}
2025-12-15T20:14:56+01:00	rc2	{"container_name":"/docker_rc2_1","source":"stdout","log":"   ...done.","container_id":"dd06e47ec6067d15dc6f3c62f9dcfeaa52dacdaeb6b0734e043a1e3193e59678"}
2025-12-15T20:14:56+01:00	rc2	{"source":"stdout","log":" * Started watchfrr","container_id":"dd06e47ec6067d15dc6f3c62f9dcfeaa52dacdaeb6b0734e043a1e3193e59678","container_name":"/docker_rc2_1"}
2025-12-15T20:14:56+01:00	rc2	{"source":"stdout","log":"","container_id":"dd06e47ec6067d15dc6f3c62f9dcfeaa52dacdaeb6b0734e043a1e3193e59678","container_name":"/docker_rc2_1"}
2025-12-15T20:14:56+01:00	rc2	{"source":"stdout","log":"Hello, this is FRRouting (version 8.1).","container_id":"dd06e47ec6067d15dc6f3c62f9dcfeaa52dacdaeb6b0734e043a1e3193e59678","container_name":"/docker_rc2_1"}
2025-12-15T20:14:56+01:00	rc2	{"log":"Copyright 1996-2005 Kunihiro Ishiguro, et al.","container_id":"dd06e47ec6067d15dc6f3c62f9dcfeaa52dacdaeb6b0734e043a1e3193e59678","container_name":"/docker_rc2_1","source":"stdout"}
2025-12-15T20:14:56+01:00	rc2	{"container_name":"/docker_rc2_1","source":"stdout","log":"","container_id":"dd06e47ec6067d15dc6f3c62f9dcfeaa52dacdaeb6b0734e043a1e3193e59678"}
2025-12-15T20:14:56+01:00	rc2	{"source":"stdout","log":"rc2# conf t","container_id":"dd06e47ec6067d15dc6f3c62f9dcfeaa52dacdaeb6b0734e043a1e3193e59678","container_name":"/docker_rc2_1"}
2025-12-15T20:14:56+01:00	rc2	{"source":"stdout","log":"rc2(config)# log file /shared-volume/frr/frr4.log","container_id":"dd06e47ec6067d15dc6f3c62f9dcfeaa52dacdaeb6b0734e043a1e3193e59678","container_name":"/docker_rc2_1"}
2025-12-15T20:14:56+01:00	rc2	{"log":"can't open logfile /shared-volume/frr/frr4.log","container_id":"dd06e47ec6067d15dc6f3c62f9dcfeaa52dacdaeb6b0734e043a1e3193e59678","container_name":"/docker_rc2_1","source":"stdout"}
2025-12-15T20:14:56+01:00	rc2	{"container_name":"/docker_rc2_1","source":"stdout","log":"rc2(config)# router ospf","container_id":"dd06e47ec6067d15dc6f3c62f9dcfeaa52dacdaeb6b0734e043a1e3193e59678"}
2025-12-15T20:14:56+01:00	rc2	{"container_id":"dd06e47ec6067d15dc6f3c62f9dcfeaa52dacdaeb6b0734e043a1e3193e59678","container_name":"/docker_rc2_1","source":"stdout","log":"rc2(config-router)# network 10.1.0.0/29 area 0"}
2025-12-15T20:14:56+01:00	rc2	{"log":"rc2(config-router)# network 10.2.0.0/29 area 0","container_id":"dd06e47ec6067d15dc6f3c62f9dcfeaa52dacdaeb6b0734e043a1e3193e59678","container_name":"/docker_rc2_1","source":"stdout"}
2025-12-15T20:14:56+01:00	rc2	{"container_id":"dd06e47ec6067d15dc6f3c62f9dcfeaa52dacdaeb6b0734e043a1e3193e59678","container_name":"/docker_rc2_1","source":"stdout","log":"rc2(config-router)# network 10.3.0.0/29 area 0"}
2025-12-15T20:14:56+01:00	rc2	{"container_id":"dd06e47ec6067d15dc6f3c62f9dcfeaa52dacdaeb6b0734e043a1e3193e59678","container_name":"/docker_rc2_1","source":"stdout","log":"rc2(config-router)# end"}
2025-12-15T20:14:56+01:00	rc2	{"log":"rc2# ","container_id":"dd06e47ec6067d15dc6f3c62f9dcfeaa52dacdaeb6b0734e043a1e3193e59678","container_name":"/docker_rc2_1","source":"stdout"}
2025-12-15T20:14:56+01:00	ra	{"log":" * Starting system logging syslog-ng","container_id":"e7aff85a4430ed4a0d8340a275a1684e82fa157e87074e7fdeb45a3e11de4a72","container_name":"/docker_ra_1","source":"stdout"}
2025-12-15T20:14:56+01:00	ra	{"source":"stderr","log":"[2025-12-15T20:14:56.102274] WARNING: Configuration file format is too old, syslog-ng is running in compatibility mode. Please update it to use the syslog-ng 3.35 format at your time of convenience. To upgrade the configuration, please review the warnings about incompatible changes printed by syslog-ng, and once completed change the @version header at the top of the configuration file; config-version='3.27'","container_id":"e7aff85a4430ed4a0d8340a275a1684e82fa157e87074e7fdeb45a3e11de4a72","container_name":"/docker_ra_1"}
2025-12-15T20:14:56+01:00	ra	{"source":"stderr","log":"[2025-12-15T20:14:56.169106] WARNING: The internal_queue_length stat counter has been renamed to internal_source.queued. The old name will be removed in future versions; config-version='3.27'","container_id":"e7aff85a4430ed4a0d8340a275a1684e82fa157e87074e7fdeb45a3e11de4a72","container_name":"/docker_ra_1"}
2025-12-15T20:14:56+01:00	ra	{"container_id":"e7aff85a4430ed4a0d8340a275a1684e82fa157e87074e7fdeb45a3e11de4a72","container_name":"/docker_ra_1","source":"stdout","log":"   ...done."}
2025-12-15T20:14:56+01:00	ra	{"log":" * Started watchfrr","container_id":"e7aff85a4430ed4a0d8340a275a1684e82fa157e87074e7fdeb45a3e11de4a72","container_name":"/docker_ra_1","source":"stdout"}
2025-12-15T20:14:56+01:00	ra	{"log":"","container_id":"e7aff85a4430ed4a0d8340a275a1684e82fa157e87074e7fdeb45a3e11de4a72","container_name":"/docker_ra_1","source":"stdout"}
2025-12-15T20:14:56+01:00	ra	{"container_id":"e7aff85a4430ed4a0d8340a275a1684e82fa157e87074e7fdeb45a3e11de4a72","container_name":"/docker_ra_1","source":"stdout","log":"Hello, this is FRRouting (version 8.1)."}
2025-12-15T20:14:56+01:00	ra	{"container_name":"/docker_ra_1","source":"stdout","log":"Copyright 1996-2005 Kunihiro Ishiguro, et al.","container_id":"e7aff85a4430ed4a0d8340a275a1684e82fa157e87074e7fdeb45a3e11de4a72"}
2025-12-15T20:14:56+01:00	ra	{"container_id":"e7aff85a4430ed4a0d8340a275a1684e82fa157e87074e7fdeb45a3e11de4a72","container_name":"/docker_ra_1","source":"stdout","log":""}
2025-12-15T20:14:56+01:00	ra	{"container_id":"e7aff85a4430ed4a0d8340a275a1684e82fa157e87074e7fdeb45a3e11de4a72","container_name":"/docker_ra_1","source":"stdout","log":"ra# conf t"}
2025-12-15T20:14:56+01:00	ra	{"container_id":"e7aff85a4430ed4a0d8340a275a1684e82fa157e87074e7fdeb45a3e11de4a72","container_name":"/docker_ra_1","source":"stdout","log":"ra(config)# log file /shared-volume/frr/frr1.log"}
2025-12-15T20:14:56+01:00	ra	{"container_id":"e7aff85a4430ed4a0d8340a275a1684e82fa157e87074e7fdeb45a3e11de4a72","container_name":"/docker_ra_1","source":"stdout","log":"can't open logfile /shared-volume/frr/frr1.log"}
2025-12-15T20:14:56+01:00	ra	{"container_id":"e7aff85a4430ed4a0d8340a275a1684e82fa157e87074e7fdeb45a3e11de4a72","container_name":"/docker_ra_1","source":"stdout","log":"ra(config)# router ospf"}
2025-12-15T20:14:56+01:00	ra	{"log":"ra(config-router)# network 10.2.0.0/29 area 0","container_id":"e7aff85a4430ed4a0d8340a275a1684e82fa157e87074e7fdeb45a3e11de4a72","container_name":"/docker_ra_1","source":"stdout"}
2025-12-15T20:14:56+01:00	ra	{"source":"stdout","log":"ra(config-router)# network 10.0.1.0/24 area 0","container_id":"e7aff85a4430ed4a0d8340a275a1684e82fa157e87074e7fdeb45a3e11de4a72","container_name":"/docker_ra_1"}
2025-12-15T20:14:56+01:00	ra	{"container_id":"e7aff85a4430ed4a0d8340a275a1684e82fa157e87074e7fdeb45a3e11de4a72","container_name":"/docker_ra_1","source":"stdout","log":"ra(config-router)# network 10.0.2.0/24 area 0"}
2025-12-15T20:14:56+01:00	ra	{"container_name":"/docker_ra_1","source":"stdout","log":"ra(config-router)# end","container_id":"e7aff85a4430ed4a0d8340a275a1684e82fa157e87074e7fdeb45a3e11de4a72"}
2025-12-15T20:14:56+01:00	ra	{"container_name":"/docker_ra_1","source":"stdout","log":"ra# ","container_id":"e7aff85a4430ed4a0d8340a275a1684e82fa157e87074e7fdeb45a3e11de4a72"}
2025-12-15T20:14:57+01:00	server	{"container_id":"542ba3079bc58b19d7f13ad1f02cd7894338201222ddb3bed060ca3072bb746c","container_name":"/docker_server_1","source":"stdout","log":"Reading package lists..."}
2025-12-15T20:14:57+01:00	server	{"container_id":"542ba3079bc58b19d7f13ad1f02cd7894338201222ddb3bed060ca3072bb746c","container_name":"/docker_server_1","source":"stdout","log":"Reading package lists..."}
2025-12-15T20:14:58+01:00	server	{"container_name":"/docker_server_1","source":"stdout","log":"Building dependency tree...","container_id":"542ba3079bc58b19d7f13ad1f02cd7894338201222ddb3bed060ca3072bb746c"}
2025-12-15T20:14:58+01:00	server	{"container_id":"542ba3079bc58b19d7f13ad1f02cd7894338201222ddb3bed060ca3072bb746c","container_name":"/docker_server_1","source":"stdout","log":"Reading state information..."}
2025-12-15T20:14:58+01:00	server	{"source":"stderr","log":"E: Unable to locate package linux-headers-6.14.0-37-generic","container_id":"542ba3079bc58b19d7f13ad1f02cd7894338201222ddb3bed060ca3072bb746c","container_name":"/docker_server_1"}
2025-12-15T20:14:58+01:00	server	{"container_name":"/docker_server_1","source":"stderr","log":"E: Couldn't find any package by glob 'linux-headers-6.14.0-37-generic'","container_id":"542ba3079bc58b19d7f13ad1f02cd7894338201222ddb3bed060ca3072bb746c"}
2025-12-15T20:14:58+01:00	server	{"log":"E: Couldn't find any package by regex 'linux-headers-6.14.0-37-generic'","container_id":"542ba3079bc58b19d7f13ad1f02cd7894338201222ddb3bed060ca3072bb746c","container_name":"/docker_server_1","source":"stderr"}
2025-12-15T20:14:58+01:00	server	{"container_name":"/docker_server_1","source":"stderr","log":"RTNETLINK answers: File exists","container_id":"542ba3079bc58b19d7f13ad1f02cd7894338201222ddb3bed060ca3072bb746c"}
2025-12-15T20:14:58+01:00	server	{"log":"","container_id":"542ba3079bc58b19d7f13ad1f02cd7894338201222ddb3bed060ca3072bb746c","container_name":"/docker_server_1","source":"stdout"}
2025-12-15T20:14:58+01:00	server	{"container_id":"542ba3079bc58b19d7f13ad1f02cd7894338201222ddb3bed060ca3072bb746c","container_name":"/docker_server_1","source":"stdout","log":"> my-test-server@1.0.0 start"}
2025-12-15T20:14:58+01:00	server	{"container_id":"542ba3079bc58b19d7f13ad1f02cd7894338201222ddb3bed060ca3072bb746c","container_name":"/docker_server_1","source":"stdout","log":"> node server.js"}
2025-12-15T20:14:58+01:00	server	{"container_name":"/docker_server_1","source":"stdout","log":"","container_id":"542ba3079bc58b19d7f13ad1f02cd7894338201222ddb3bed060ca3072bb746c"}
2025-12-15T20:14:58+01:00	server	{"container_id":"542ba3079bc58b19d7f13ad1f02cd7894338201222ddb3bed060ca3072bb746c","container_name":"/docker_server_1","source":"stdout","log":"Server is listening at http://localhost:3000"}
2025-12-15T20:14:55+01:00	syslog.syslog.notice	{"host":"rc1","ident":"syslog-ng","pid":"17","message":"syslog-ng starting up; version='3.35.1'"}
2025-12-15T20:14:55+01:00	syslog.kern.info	{"host":"rc1","ident":"kernel","message":"br-07734441f565: port 2(veth565faad) entered blocking state"}
2025-12-15T20:14:55+01:00	syslog.kern.info	{"host":"rc1","ident":"kernel","message":"br-07734441f565: port 2(veth565faad) entered forwarding state"}
2025-12-15T20:14:55+01:00	syslog.kern.info	{"host":"rc1","ident":"kernel","message":"br-880b4981bc7e: port 1(vethf823667) entered blocking state"}
2025-12-15T20:14:55+01:00	syslog.kern.info	{"host":"rc1","ident":"kernel","message":"br-880b4981bc7e: port 1(vethf823667) entered disabled state"}
2025-12-15T20:14:55+01:00	syslog.kern.info	{"host":"rc1","ident":"kernel","message":"vethf823667: entered allmulticast mode"}
2025-12-15T20:14:55+01:00	syslog.kern.info	{"host":"rc1","ident":"kernel","message":"vethf823667: entered promiscuous mode"}
2025-12-15T20:14:55+01:00	syslog.syslog.err	{"host":"rc1","ident":"syslog-ng","pid":"17","message":"Syslog connection failed; fd='15', server='AF_INET(10.100.0.3:5140)', error='Connection refused (111)', time_reopen='60'"}
2025-12-15T20:14:56+01:00	syslog.daemon.notice	{"host":"rc1","ident":"watchfrr","pid":"38","message":"[T83RR-8SM5G] watchfrr 8.1 starting: vty@0"}
2025-12-15T20:14:56+01:00	syslog.daemon.info	{"host":"rc1","ident":"watchfrr","pid":"38","message":"[ZCJ3S-SPH5S] zebra state -> down : initial connection attempt failed"}
2025-12-15T20:14:56+01:00	syslog.daemon.info	{"host":"rc1","ident":"watchfrr","pid":"38","message":"[ZCJ3S-SPH5S] bgpd state -> down : initial connection attempt failed"}
2025-12-15T20:14:56+01:00	syslog.daemon.info	{"host":"rc1","ident":"watchfrr","pid":"38","message":"[ZCJ3S-SPH5S] ospfd state -> down : initial connection attempt failed"}
2025-12-15T20:14:56+01:00	syslog.daemon.info	{"host":"rc1","ident":"watchfrr","pid":"38","message":"[ZCJ3S-SPH5S] staticd state -> down : initial connection attempt failed"}
2025-12-15T20:14:56+01:00	syslog.daemon.info	{"host":"rc1","ident":"watchfrr","pid":"38","message":"[YFT0P-5Q5YX] Forked background command [pid 39]: /usr/lib/frr/watchfrr.sh restart all"}
2025-12-15T20:14:56+01:00	syslog.daemon.err	{"host":"rc1","ident":"watchfrr.sh","pid":"51","message":"Cannot stop ospfd: pid file not found"}
2025-12-15T20:14:56+01:00	syslog.daemon.err	{"host":"rc1","ident":"watchfrr.sh","pid":"49","message":"Cannot stop staticd: pid file not found"}
2025-12-15T20:14:56+01:00	syslog.daemon.err	{"host":"rc1","ident":"watchfrr.sh","pid":"53","message":"Cannot stop bgpd: pid file not found"}
2025-12-15T20:14:56+01:00	syslog.daemon.err	{"host":"rc1","ident":"watchfrr.sh","pid":"55","message":"Cannot stop zebra: pid file not found"}
2025-12-15T20:14:56+01:00	syslog.kern.info	{"host":"rc1","ident":"kernel","message":"eth2: renamed from vethb5ffd1e"}
2025-12-15T20:14:56+01:00	syslog.kern.info	{"host":"rc1","ident":"kernel","message":"br-880b4981bc7e: port 1(vethf823667) entered blocking state"}
2025-12-15T20:14:56+01:00	syslog.kern.info	{"host":"rc1","ident":"kernel","message":"br-880b4981bc7e: port 1(vethf823667) entered forwarding state"}
2025-12-15T20:14:56+01:00	syslog.kern.info	{"host":"rc1","ident":"kernel","message":"br-fb099e836bdf: port 2(veth205482c) entered blocking state"}
2025-12-15T20:14:56+01:00	syslog.kern.info	{"host":"rc1","ident":"kernel","message":"br-fb099e836bdf: port 2(veth205482c) entered disabled state"}
2025-12-15T20:14:56+01:00	syslog.kern.info	{"host":"rc1","ident":"kernel","message":"veth205482c: entered allmulticast mode"}
2025-12-15T20:14:56+01:00	syslog.kern.info	{"host":"rc1","ident":"kernel","message":"veth205482c: entered promiscuous mode"}
2025-12-15T20:14:56+01:00	syslog.daemon.info	{"host":"rc1","ident":"zebra","pid":"57","message":"[VTVCM-Y2NW3] Configuration Read in Took: 00:00:00"}
2025-12-15T20:14:56+01:00	syslog.daemon.info	{"host":"rc1","ident":"ospfd","pid":"69","message":"[VTVCM-Y2NW3] Configuration Read in Took: 00:00:00"}
2025-12-15T20:14:56+01:00	syslog.daemon.info	{"host":"rc1","ident":"bgpd","pid":"62","message":"[VTVCM-Y2NW3] Configuration Read in Took: 00:00:00"}
2025-12-15T20:14:56+01:00	syslog.daemon.info	{"host":"rc1","ident":"staticd","pid":"72","message":"[VTVCM-Y2NW3] Configuration Read in Took: 00:00:00"}
2025-12-15T20:14:56+01:00	syslog.daemon.notice	{"host":"rc1","ident":"watchfrr","pid":"38","message":"[QDG3Y-BY5TN] zebra state -> up : connect succeeded"}
2025-12-15T20:14:56+01:00	syslog.daemon.notice	{"host":"rc1","ident":"watchfrr","pid":"38","message":"[QDG3Y-BY5TN] bgpd state -> up : connect succeeded"}
2025-12-15T20:14:56+01:00	syslog.daemon.notice	{"host":"rc1","ident":"watchfrr","pid":"38","message":"[QDG3Y-BY5TN] ospfd state -> up : connect succeeded"}
2025-12-15T20:14:56+01:00	syslog.daemon.notice	{"host":"rc1","ident":"watchfrr","pid":"38","message":"[QDG3Y-BY5TN] staticd state -> up : connect succeeded"}
2025-12-15T20:14:56+01:00	syslog.daemon.notice	{"host":"rc1","ident":"watchfrr","pid":"38","message":"[KWE5Q-QNGFC] all daemons up, doing startup-complete notify"}
2025-12-15T20:14:56+01:00	syslog.kern.info	{"host":"rc1","ident":"kernel","message":"eth0: renamed from vethd2bf1e3"}
2025-12-15T20:14:56+01:00	syslog.kern.info	{"host":"rc1","ident":"kernel","message":"br-fb099e836bdf: port 2(veth205482c) entered blocking state"}
2025-12-15T20:14:56+01:00	syslog.kern.info	{"host":"rc1","ident":"kernel","message":"br-fb099e836bdf: port 2(veth205482c) entered forwarding state"}
2025-12-15T20:14:56+01:00	syslog.kern.info	{"host":"rc1","ident":"kernel","message":"br-3e48ad97da58: port 2(veth94c0e7a) entered blocking state"}
2025-12-15T20:14:56+01:00	syslog.kern.info	{"host":"rc1","ident":"kernel","message":"br-3e48ad97da58: port 2(veth94c0e7a) entered disabled state"}
2025-12-15T20:14:56+01:00	syslog.kern.info	{"host":"rc1","ident":"kernel","message":"veth94c0e7a: entered allmulticast mode"}
2025-12-15T20:14:56+01:00	syslog.kern.info	{"host":"rc1","ident":"kernel","message":"veth94c0e7a: entered promiscuous mode"}
2025-12-15T20:14:56+01:00	syslog.kern.info	{"host":"rc1","ident":"kernel","message":"eth0: renamed from veth9ab29c7"}
2025-12-15T20:14:56+01:00	syslog.kern.info	{"host":"rc1","ident":"kernel","message":"br-3e48ad97da58: port 2(veth94c0e7a) entered blocking state"}
2025-12-15T20:14:56+01:00	syslog.kern.info	{"host":"rc1","ident":"kernel","message":"br-3e48ad97da58: port 2(veth94c0e7a) entered forwarding state"}
2025-12-15T20:14:56+01:00	syslog.kern.info	{"host":"rc1","ident":"kernel","message":"br-880b4981bc7e: port 2(veth288910b) entered blocking state"}
2025-12-15T20:14:56+01:00	syslog.kern.info	{"host":"rc1","ident":"kernel","message":"br-880b4981bc7e: port 2(veth288910b) entered disabled state"}
2025-12-15T20:14:56+01:00	syslog.kern.info	{"host":"rc1","ident":"kernel","message":"veth288910b: entered allmulticast mode"}
2025-12-15T20:14:56+01:00	syslog.kern.info	{"host":"rc1","ident":"kernel","message":"veth288910b: entered promiscuous mode"}
2025-12-15T20:14:56+01:00	syslog.kern.info	{"host":"rc1","ident":"kernel","message":"br-13bde837697a: port 2(veth053dada) entered blocking state"}
2025-12-15T20:14:56+01:00	syslog.kern.info	{"host":"rc1","ident":"kernel","message":"br-13bde837697a: port 2(veth053dada) entered disabled state"}
2025-12-15T20:14:56+01:00	syslog.kern.info	{"host":"rc1","ident":"kernel","message":"veth053dada: entered allmulticast mode"}
2025-12-15T20:14:56+01:00	syslog.kern.info	{"host":"rc1","ident":"kernel","message":"veth053dada: entered promiscuous mode"}
2025-12-15T20:14:56+01:00	syslog.kern.info	{"host":"rc1","ident":"kernel","message":"eth0: renamed from veth82ca901"}
2025-12-15T20:14:56+01:00	syslog.kern.info	{"host":"rc1","ident":"kernel","message":"br-880b4981bc7e: port 2(veth288910b) entered blocking state"}
2025-12-15T20:14:56+01:00	syslog.kern.info	{"host":"rc1","ident":"kernel","message":"br-880b4981bc7e: port 2(veth288910b) entered forwarding state"}
2025-12-15T20:14:56+01:00	syslog.kern.info	{"host":"rc1","ident":"kernel","message":"eth0: renamed from veth62c7fae"}
2025-12-15T20:14:56+01:00	syslog.kern.info	{"host":"rc1","ident":"kernel","message":"br-13bde837697a: port 2(veth053dada) entered blocking state"}
2025-12-15T20:14:56+01:00	syslog.kern.info	{"host":"rc1","ident":"kernel","message":"br-13bde837697a: port 2(veth053dada) entered forwarding state"}
2025-12-15T20:15:41+01:00	syslog.daemon.info	{"host":"rc1","ident":"ospfd","pid":"69","message":"[S5PCG-77H23] Packet[DD]: Neighbor 10.3.0.3 Negotiation done (Master)."}
2025-12-15T20:15:55+01:00	syslog.syslog.notice	{"host":"rc1","ident":"syslog-ng","pid":"17","message":"Syslog connection established; fd='5', server='AF_INET(10.100.0.3:5140)', local='AF_INET(0.0.0.0:0)'"}
2025-12-15T20:18:37+01:00	fluent.info	{"pid":15,"ppid":9,"worker":0,"message":"starting fluentd worker pid=15 ppid=9 worker=0"}
2025-12-15T20:18:37+01:00	fluent.info	{"message":"listening syslog socket on 0.0.0.0:5140 with tcp"}
2025-12-15T20:18:37+01:00	fluent.info	{"port":24224,"bind":"0.0.0.0","message":"listening port port=24224 bind=\"0.0.0.0\""}
2025-12-15T20:18:37+01:00	fluent.info	{"worker":0,"message":"fluentd worker is now running worker=0"}
2025-12-15T20:18:37+01:00	rc1	{"log":" * Starting system logging syslog-ng","container_id":"0df1f0a144a0e98c89a65996e795076d7b4dd6ed012e381c9a6cd8c7df2846a9","container_name":"/docker_rc1_1","source":"stdout"}
2025-12-15T20:18:37+01:00	rc1	{"container_name":"/docker_rc1_1","source":"stderr","log":"[2025-12-15T20:18:37.522146] WARNING: Configuration file format is too old, syslog-ng is running in compatibility mode. Please update it to use the syslog-ng 3.35 format at your time of convenience. To upgrade the configuration, please review the warnings about incompatible changes printed by syslog-ng, and once completed change the @version header at the top of the configuration file; config-version='3.27'","container_id":"0df1f0a144a0e98c89a65996e795076d7b4dd6ed012e381c9a6cd8c7df2846a9"}
2025-12-15T20:18:37+01:00	rc1	{"source":"stderr","log":"[2025-12-15T20:18:37.553789] WARNING: The internal_queue_length stat counter has been renamed to internal_source.queued. The old name will be removed in future versions; config-version='3.27'","container_id":"0df1f0a144a0e98c89a65996e795076d7b4dd6ed012e381c9a6cd8c7df2846a9","container_name":"/docker_rc1_1"}
2025-12-15T20:18:37+01:00	rc1	{"log":"   ...done.","container_id":"0df1f0a144a0e98c89a65996e795076d7b4dd6ed012e381c9a6cd8c7df2846a9","container_name":"/docker_rc1_1","source":"stdout"}
2025-12-15T20:18:37+01:00	rc1	{"source":"stdout","log":" * Started watchfrr","container_id":"0df1f0a144a0e98c89a65996e795076d7b4dd6ed012e381c9a6cd8c7df2846a9","container_name":"/docker_rc1_1"}
2025-12-15T20:18:38+01:00	rc1	{"container_id":"0df1f0a144a0e98c89a65996e795076d7b4dd6ed012e381c9a6cd8c7df2846a9","container_name":"/docker_rc1_1","source":"stdout","log":""}
2025-12-15T20:18:38+01:00	rc1	{"log":"Hello, this is FRRouting (version 8.1).","container_id":"0df1f0a144a0e98c89a65996e795076d7b4dd6ed012e381c9a6cd8c7df2846a9","container_name":"/docker_rc1_1","source":"stdout"}
2025-12-15T20:18:38+01:00	rc1	{"source":"stdout","log":"Copyright 1996-2005 Kunihiro Ishiguro, et al.","container_id":"0df1f0a144a0e98c89a65996e795076d7b4dd6ed012e381c9a6cd8c7df2846a9","container_name":"/docker_rc1_1"}
2025-12-15T20:18:38+01:00	rc1	{"container_id":"0df1f0a144a0e98c89a65996e795076d7b4dd6ed012e381c9a6cd8c7df2846a9","container_name":"/docker_rc1_1","source":"stdout","log":""}
2025-12-15T20:18:38+01:00	rc1	{"source":"stdout","log":"rc1# conf t","container_id":"0df1f0a144a0e98c89a65996e795076d7b4dd6ed012e381c9a6cd8c7df2846a9","container_name":"/docker_rc1_1"}
2025-12-15T20:18:38+01:00	rc1	{"log":"rc1(config)# log file /shared-volume/frr/frr3.log","container_id":"0df1f0a144a0e98c89a65996e795076d7b4dd6ed012e381c9a6cd8c7df2846a9","container_name":"/docker_rc1_1","source":"stdout"}
2025-12-15T20:18:38+01:00	rc1	{"container_id":"0df1f0a144a0e98c89a65996e795076d7b4dd6ed012e381c9a6cd8c7df2846a9","container_name":"/docker_rc1_1","source":"stdout","log":"can't open logfile /shared-volume/frr/frr3.log"}
2025-12-15T20:18:38+01:00	rc1	{"container_name":"/docker_rc1_1","source":"stdout","log":"rc1(config)# router ospf","container_id":"0df1f0a144a0e98c89a65996e795076d7b4dd6ed012e381c9a6cd8c7df2846a9"}
2025-12-15T20:18:38+01:00	rc1	{"log":"rc1(config-router)# network 10.1.0.0/29 area 0","container_id":"0df1f0a144a0e98c89a65996e795076d7b4dd6ed012e381c9a6cd8c7df2846a9","container_name":"/docker_rc1_1","source":"stdout"}
2025-12-15T20:18:38+01:00	rc1	{"container_name":"/docker_rc1_1","source":"stdout","log":"rc1(config-router)# network 10.100.0.0/24 area 0","container_id":"0df1f0a144a0e98c89a65996e795076d7b4dd6ed012e381c9a6cd8c7df2846a9"}
2025-12-15T20:18:38+01:00	rc1	{"container_id":"0df1f0a144a0e98c89a65996e795076d7b4dd6ed012e381c9a6cd8c7df2846a9","container_name":"/docker_rc1_1","source":"stdout","log":"rc1(config-router)# end"}
2025-12-15T20:18:38+01:00	rc1	{"container_id":"0df1f0a144a0e98c89a65996e795076d7b4dd6ed012e381c9a6cd8c7df2846a9","container_name":"/docker_rc1_1","source":"stdout","log":"rc1# "}
2025-12-15T20:18:37+01:00	rb	{"container_id":"99c710321cad2e1fd448d7f5ba3aac841cbad350785dd2050abece97de6dc30a","container_name":"/docker_rb_1","source":"stdout","log":" * Starting system logging syslog-ng"}
2025-12-15T20:18:37+01:00	rb	{"log":"[2025-12-15T20:18:37.592233] WARNING: Configuration file format is too old, syslog-ng is running in compatibility mode. Please update it to use the syslog-ng 3.35 format at your time of convenience. To upgrade the configuration, please review the warnings about incompatible changes printed by syslog-ng, and once completed change the @version header at the top of the configuration file; config-version='3.27'","container_id":"99c710321cad2e1fd448d7f5ba3aac841cbad350785dd2050abece97de6dc30a","container_name":"/docker_rb_1","source":"stderr"}
2025-12-15T20:18:37+01:00	rb	{"source":"stderr","log":"[2025-12-15T20:18:37.637648] WARNING: The internal_queue_length stat counter has been renamed to internal_source.queued. The old name will be removed in future versions; config-version='3.27'","container_id":"99c710321cad2e1fd448d7f5ba3aac841cbad350785dd2050abece97de6dc30a","container_name":"/docker_rb_1"}
2025-12-15T20:18:37+01:00	rb	{"container_id":"99c710321cad2e1fd448d7f5ba3aac841cbad350785dd2050abece97de6dc30a","container_name":"/docker_rb_1","source":"stdout","log":"   ...done."}
2025-12-15T20:18:38+01:00	rb	{"container_id":"99c710321cad2e1fd448d7f5ba3aac841cbad350785dd2050abece97de6dc30a","container_name":"/docker_rb_1","source":"stdout","log":" * Started watchfrr"}
2025-12-15T20:18:38+01:00	rb	{"container_id":"99c710321cad2e1fd448d7f5ba3aac841cbad350785dd2050abece97de6dc30a","container_name":"/docker_rb_1","source":"stdout","log":""}
2025-12-15T20:18:38+01:00	rb	{"log":"Hello, this is FRRouting (version 8.1).","container_id":"99c710321cad2e1fd448d7f5ba3aac841cbad350785dd2050abece97de6dc30a","container_name":"/docker_rb_1","source":"stdout"}
2025-12-15T20:18:38+01:00	rb	{"container_id":"99c710321cad2e1fd448d7f5ba3aac841cbad350785dd2050abece97de6dc30a","container_name":"/docker_rb_1","source":"stdout","log":"Copyright 1996-2005 Kunihiro Ishiguro, et al."}
2025-12-15T20:18:38+01:00	rb	{"container_id":"99c710321cad2e1fd448d7f5ba3aac841cbad350785dd2050abece97de6dc30a","container_name":"/docker_rb_1","source":"stdout","log":""}
2025-12-15T20:18:38+01:00	rb	{"container_name":"/docker_rb_1","source":"stdout","log":"rb# conf t","container_id":"99c710321cad2e1fd448d7f5ba3aac841cbad350785dd2050abece97de6dc30a"}
2025-12-15T20:18:38+01:00	rb	{"source":"stdout","log":"rb(config)# log file /shared-volume/frr/frr2.log","container_id":"99c710321cad2e1fd448d7f5ba3aac841cbad350785dd2050abece97de6dc30a","container_name":"/docker_rb_1"}
2025-12-15T20:18:38+01:00	rb	{"container_id":"99c710321cad2e1fd448d7f5ba3aac841cbad350785dd2050abece97de6dc30a","container_name":"/docker_rb_1","source":"stdout","log":"can't open logfile /shared-volume/frr/frr2.log"}
2025-12-15T20:18:38+01:00	rb	{"container_id":"99c710321cad2e1fd448d7f5ba3aac841cbad350785dd2050abece97de6dc30a","container_name":"/docker_rb_1","source":"stdout","log":"rb(config)# router ospf"}
2025-12-15T20:18:38+01:00	rb	{"source":"stdout","log":"rb(config-router)# network 10.3.0.0/29 area 0","container_id":"99c710321cad2e1fd448d7f5ba3aac841cbad350785dd2050abece97de6dc30a","container_name":"/docker_rb_1"}
2025-12-15T20:18:38+01:00	rb	{"source":"stdout","log":"rb(config-router)# network 10.0.3.0/24 area 0","container_id":"99c710321cad2e1fd448d7f5ba3aac841cbad350785dd2050abece97de6dc30a","container_name":"/docker_rb_1"}
2025-12-15T20:18:38+01:00	rb	{"container_name":"/docker_rb_1","source":"stdout","log":"rb(config-router)# network 10.0.4.0/24 area 0","container_id":"99c710321cad2e1fd448d7f5ba3aac841cbad350785dd2050abece97de6dc30a"}
2025-12-15T20:18:38+01:00	rb	{"source":"stdout","log":"rb(config-router)# end","container_id":"99c710321cad2e1fd448d7f5ba3aac841cbad350785dd2050abece97de6dc30a","container_name":"/docker_rb_1"}
2025-12-15T20:18:38+01:00	rb	{"container_id":"99c710321cad2e1fd448d7f5ba3aac841cbad350785dd2050abece97de6dc30a","container_name":"/docker_rb_1","source":"stdout","log":"rb# "}
2025-12-15T20:18:37+01:00	ra	{"source":"stdout","log":" * Starting system logging syslog-ng","container_id":"7c28b98c85acba5de4ce22727bae1baa9fe7b38aa77ca81573473cadb3b9dda1","container_name":"/docker_ra_1"}
2025-12-15T20:18:37+01:00	ra	{"container_name":"/docker_ra_1","source":"stderr","log":"[2025-12-15T20:18:37.606115] WARNING: Configuration file format is too old, syslog-ng is running in compatibility mode. Please update it to use the syslog-ng 3.35 format at your time of convenience. To upgrade the configuration, please review the warnings about incompatible changes printed by syslog-ng, and once completed change the @version header at the top of the configuration file; config-version='3.27'","container_id":"7c28b98c85acba5de4ce22727bae1baa9fe7b38aa77ca81573473cadb3b9dda1"}
2025-12-15T20:18:37+01:00	ra	{"log":"[2025-12-15T20:18:37.658990] WARNING: The internal_queue_length stat counter has been renamed to internal_source.queued. The old name will be removed in future versions; config-version='3.27'","container_id":"7c28b98c85acba5de4ce22727bae1baa9fe7b38aa77ca81573473cadb3b9dda1","container_name":"/docker_ra_1","source":"stderr"}
2025-12-15T20:18:37+01:00	ra	{"container_id":"7c28b98c85acba5de4ce22727bae1baa9fe7b38aa77ca81573473cadb3b9dda1","container_name":"/docker_ra_1","source":"stdout","log":"   ...done."}
2025-12-15T20:18:38+01:00	ra	{"log":" * Started watchfrr","container_id":"7c28b98c85acba5de4ce22727bae1baa9fe7b38aa77ca81573473cadb3b9dda1","container_name":"/docker_ra_1","source":"stdout"}
2025-12-15T20:18:38+01:00	ra	{"container_id":"7c28b98c85acba5de4ce22727bae1baa9fe7b38aa77ca81573473cadb3b9dda1","container_name":"/docker_ra_1","source":"stdout","log":""}
2025-12-15T20:18:38+01:00	ra	{"source":"stdout","log":"Hello, this is FRRouting (version 8.1).","container_id":"7c28b98c85acba5de4ce22727bae1baa9fe7b38aa77ca81573473cadb3b9dda1","container_name":"/docker_ra_1"}
2025-12-15T20:18:38+01:00	ra	{"container_id":"7c28b98c85acba5de4ce22727bae1baa9fe7b38aa77ca81573473cadb3b9dda1","container_name":"/docker_ra_1","source":"stdout","log":"Copyright 1996-2005 Kunihiro Ishiguro, et al."}
2025-12-15T20:18:38+01:00	ra	{"container_name":"/docker_ra_1","source":"stdout","log":"","container_id":"7c28b98c85acba5de4ce22727bae1baa9fe7b38aa77ca81573473cadb3b9dda1"}
2025-12-15T20:18:38+01:00	ra	{"log":"ra# conf t","container_id":"7c28b98c85acba5de4ce22727bae1baa9fe7b38aa77ca81573473cadb3b9dda1","container_name":"/docker_ra_1","source":"stdout"}
2025-12-15T20:18:38+01:00	ra	{"container_id":"7c28b98c85acba5de4ce22727bae1baa9fe7b38aa77ca81573473cadb3b9dda1","container_name":"/docker_ra_1","source":"stdout","log":"ra(config)# log file /shared-volume/frr/frr1.log"}
2025-12-15T20:18:38+01:00	ra	{"container_id":"7c28b98c85acba5de4ce22727bae1baa9fe7b38aa77ca81573473cadb3b9dda1","container_name":"/docker_ra_1","source":"stdout","log":"can't open logfile /shared-volume/frr/frr1.log"}
2025-12-15T20:18:38+01:00	ra	{"source":"stdout","log":"ra(config)# router ospf","container_id":"7c28b98c85acba5de4ce22727bae1baa9fe7b38aa77ca81573473cadb3b9dda1","container_name":"/docker_ra_1"}
2025-12-15T20:18:38+01:00	ra	{"log":"ra(config-router)# network 10.2.0.0/29 area 0","container_id":"7c28b98c85acba5de4ce22727bae1baa9fe7b38aa77ca81573473cadb3b9dda1","container_name":"/docker_ra_1","source":"stdout"}
2025-12-15T20:18:38+01:00	ra	{"container_id":"7c28b98c85acba5de4ce22727bae1baa9fe7b38aa77ca81573473cadb3b9dda1","container_name":"/docker_ra_1","source":"stdout","log":"ra(config-router)# network 10.0.1.0/24 area 0"}
2025-12-15T20:18:38+01:00	ra	{"container_name":"/docker_ra_1","source":"stdout","log":"ra(config-router)# network 10.0.2.0/24 area 0","container_id":"7c28b98c85acba5de4ce22727bae1baa9fe7b38aa77ca81573473cadb3b9dda1"}
2025-12-15T20:18:38+01:00	ra	{"container_id":"7c28b98c85acba5de4ce22727bae1baa9fe7b38aa77ca81573473cadb3b9dda1","container_name":"/docker_ra_1","source":"stdout","log":"ra(config-router)# end"}
2025-12-15T20:18:38+01:00	ra	{"source":"stdout","log":"ra# ","container_id":"7c28b98c85acba5de4ce22727bae1baa9fe7b38aa77ca81573473cadb3b9dda1","container_name":"/docker_ra_1"}
2025-12-15T20:18:37+01:00	rc2	{"container_name":"/docker_rc2_1","source":"stdout","log":" * Starting system logging syslog-ng","container_id":"69d67fc86014572a0973b928f4d6dda04eff026cf67162c0ac5b5f52e71790d5"}
2025-12-15T20:18:37+01:00	rc2	{"source":"stderr","log":"[2025-12-15T20:18:37.616950] WARNING: Configuration file format is too old, syslog-ng is running in compatibility mode. Please update it to use the syslog-ng 3.35 format at your time of convenience. To upgrade the configuration, please review the warnings about incompatible changes printed by syslog-ng, and once completed change the @version header at the top of the configuration file; config-version='3.27'","container_id":"69d67fc86014572a0973b928f4d6dda04eff026cf67162c0ac5b5f52e71790d5","container_name":"/docker_rc2_1"}
2025-12-15T20:18:37+01:00	rc2	{"container_id":"69d67fc86014572a0973b928f4d6dda04eff026cf67162c0ac5b5f52e71790d5","container_name":"/docker_rc2_1","source":"stderr","log":"[2025-12-15T20:18:37.735669] WARNING: The internal_queue_length stat counter has been renamed to internal_source.queued. The old name will be removed in future versions; config-version='3.27'"}
2025-12-15T20:18:37+01:00	rc2	{"container_name":"/docker_rc2_1","source":"stdout","log":"   ...done.","container_id":"69d67fc86014572a0973b928f4d6dda04eff026cf67162c0ac5b5f52e71790d5"}
2025-12-15T20:18:38+01:00	rc2	{"container_id":"69d67fc86014572a0973b928f4d6dda04eff026cf67162c0ac5b5f52e71790d5","container_name":"/docker_rc2_1","source":"stdout","log":" * Started watchfrr"}
2025-12-15T20:18:38+01:00	rc2	{"log":"","container_id":"69d67fc86014572a0973b928f4d6dda04eff026cf67162c0ac5b5f52e71790d5","container_name":"/docker_rc2_1","source":"stdout"}
2025-12-15T20:18:38+01:00	rc2	{"source":"stdout","log":"Hello, this is FRRouting (version 8.1).","container_id":"69d67fc86014572a0973b928f4d6dda04eff026cf67162c0ac5b5f52e71790d5","container_name":"/docker_rc2_1"}
2025-12-15T20:18:38+01:00	rc2	{"container_id":"69d67fc86014572a0973b928f4d6dda04eff026cf67162c0ac5b5f52e71790d5","container_name":"/docker_rc2_1","source":"stdout","log":"Copyright 1996-2005 Kunihiro Ishiguro, et al."}
2025-12-15T20:18:38+01:00	rc2	{"container_id":"69d67fc86014572a0973b928f4d6dda04eff026cf67162c0ac5b5f52e71790d5","container_name":"/docker_rc2_1","source":"stdout","log":""}
2025-12-15T20:18:38+01:00	rc2	{"container_id":"69d67fc86014572a0973b928f4d6dda04eff026cf67162c0ac5b5f52e71790d5","container_name":"/docker_rc2_1","source":"stdout","log":"rc2# conf t"}
2025-12-15T20:18:38+01:00	rc2	{"container_id":"69d67fc86014572a0973b928f4d6dda04eff026cf67162c0ac5b5f52e71790d5","container_name":"/docker_rc2_1","source":"stdout","log":"rc2(config)# log file /shared-volume/frr/frr4.log"}
2025-12-15T20:18:38+01:00	rc2	{"log":"can't open logfile /shared-volume/frr/frr4.log","container_id":"69d67fc86014572a0973b928f4d6dda04eff026cf67162c0ac5b5f52e71790d5","container_name":"/docker_rc2_1","source":"stdout"}
2025-12-15T20:18:38+01:00	rc2	{"container_id":"69d67fc86014572a0973b928f4d6dda04eff026cf67162c0ac5b5f52e71790d5","container_name":"/docker_rc2_1","source":"stdout","log":"rc2(config)# router ospf"}
2025-12-15T20:18:38+01:00	rc2	{"container_id":"69d67fc86014572a0973b928f4d6dda04eff026cf67162c0ac5b5f52e71790d5","container_name":"/docker_rc2_1","source":"stdout","log":"rc2(config-router)# network 10.1.0.0/29 area 0"}
2025-12-15T20:18:38+01:00	rc2	{"container_name":"/docker_rc2_1","source":"stdout","log":"rc2(config-router)# network 10.2.0.0/29 area 0","container_id":"69d67fc86014572a0973b928f4d6dda04eff026cf67162c0ac5b5f52e71790d5"}
2025-12-15T20:18:38+01:00	rc2	{"container_id":"69d67fc86014572a0973b928f4d6dda04eff026cf67162c0ac5b5f52e71790d5","container_name":"/docker_rc2_1","source":"stdout","log":"rc2(config-router)# network 10.3.0.0/29 area 0"}
2025-12-15T20:18:38+01:00	rc2	{"container_id":"69d67fc86014572a0973b928f4d6dda04eff026cf67162c0ac5b5f52e71790d5","container_name":"/docker_rc2_1","source":"stdout","log":"rc2(config-router)# end"}
2025-12-15T20:18:38+01:00	rc2	{"container_name":"/docker_rc2_1","source":"stdout","log":"rc2# ","container_id":"69d67fc86014572a0973b928f4d6dda04eff026cf67162c0ac5b5f52e71790d5"}
2025-12-15T20:18:37+01:00	server	{"container_id":"8094f409d46fdaa7f60345e9e1f3b86eb766ec0220f0979135f7f2cd619329aa","container_name":"/docker_server_1","source":"stdout","log":"Hit:1 http://archive.ubuntu.com/ubuntu jammy InRelease"}
2025-12-15T20:18:37+01:00	server	{"container_id":"8094f409d46fdaa7f60345e9e1f3b86eb766ec0220f0979135f7f2cd619329aa","container_name":"/docker_server_1","source":"stdout","log":"Hit:2 http://security.ubuntu.com/ubuntu jammy-security InRelease"}
2025-12-15T20:18:37+01:00	server	{"source":"stdout","log":"Hit:3 http://archive.ubuntu.com/ubuntu jammy-updates InRelease","container_id":"8094f409d46fdaa7f60345e9e1f3b86eb766ec0220f0979135f7f2cd619329aa","container_name":"/docker_server_1"}
2025-12-15T20:18:37+01:00	server	{"container_id":"8094f409d46fdaa7f60345e9e1f3b86eb766ec0220f0979135f7f2cd619329aa","container_name":"/docker_server_1","source":"stdout","log":"Hit:4 http://archive.ubuntu.com/ubuntu jammy-backports InRelease"}
2025-12-15T20:18:38+01:00	server	{"source":"stdout","log":"Reading package lists...","container_id":"8094f409d46fdaa7f60345e9e1f3b86eb766ec0220f0979135f7f2cd619329aa","container_name":"/docker_server_1"}
2025-12-15T20:18:39+01:00	server	{"container_name":"/docker_server_1","source":"stdout","log":"Reading package lists...","container_id":"8094f409d46fdaa7f60345e9e1f3b86eb766ec0220f0979135f7f2cd619329aa"}
2025-12-15T20:18:39+01:00	server	{"container_id":"8094f409d46fdaa7f60345e9e1f3b86eb766ec0220f0979135f7f2cd619329aa","container_name":"/docker_server_1","source":"stdout","log":"Building dependency tree..."}
2025-12-15T20:18:39+01:00	server	{"source":"stdout","log":"Reading state information...","container_id":"8094f409d46fdaa7f60345e9e1f3b86eb766ec0220f0979135f7f2cd619329aa","container_name":"/docker_server_1"}
2025-12-15T20:18:39+01:00	server	{"container_name":"/docker_server_1","source":"stderr","log":"E: Unable to locate package linux-headers-6.14.0-37-generic","container_id":"8094f409d46fdaa7f60345e9e1f3b86eb766ec0220f0979135f7f2cd619329aa"}
2025-12-15T20:18:39+01:00	server	{"source":"stderr","log":"E: Couldn't find any package by glob 'linux-headers-6.14.0-37-generic'","container_id":"8094f409d46fdaa7f60345e9e1f3b86eb766ec0220f0979135f7f2cd619329aa","container_name":"/docker_server_1"}
2025-12-15T20:18:39+01:00	server	{"source":"stderr","log":"E: Couldn't find any package by regex 'linux-headers-6.14.0-37-generic'","container_id":"8094f409d46fdaa7f60345e9e1f3b86eb766ec0220f0979135f7f2cd619329aa","container_name":"/docker_server_1"}
2025-12-15T20:18:39+01:00	server	{"source":"stderr","log":"RTNETLINK answers: File exists","container_id":"8094f409d46fdaa7f60345e9e1f3b86eb766ec0220f0979135f7f2cd619329aa","container_name":"/docker_server_1"}
2025-12-15T20:18:39+01:00	server	{"container_name":"/docker_server_1","source":"stdout","log":"","container_id":"8094f409d46fdaa7f60345e9e1f3b86eb766ec0220f0979135f7f2cd619329aa"}
2025-12-15T20:18:39+01:00	server	{"container_name":"/docker_server_1","source":"stdout","log":"> my-test-server@1.0.0 start","container_id":"8094f409d46fdaa7f60345e9e1f3b86eb766ec0220f0979135f7f2cd619329aa"}
2025-12-15T20:18:39+01:00	server	{"container_name":"/docker_server_1","source":"stdout","log":"> node server.js","container_id":"8094f409d46fdaa7f60345e9e1f3b86eb766ec0220f0979135f7f2cd619329aa"}
2025-12-15T20:18:39+01:00	server	{"container_id":"8094f409d46fdaa7f60345e9e1f3b86eb766ec0220f0979135f7f2cd619329aa","container_name":"/docker_server_1","source":"stdout","log":""}
2025-12-15T20:18:40+01:00	server	{"container_id":"8094f409d46fdaa7f60345e9e1f3b86eb766ec0220f0979135f7f2cd619329aa","container_name":"/docker_server_1","source":"stdout","log":"Server is listening at http://localhost:3000"}
2025-12-15T20:18:37+01:00	syslog.syslog.notice	{"host":"rc1","ident":"syslog-ng","pid":"17","message":"syslog-ng starting up; version='3.35.1'"}
2025-12-15T20:18:37+01:00	syslog.syslog.err	{"host":"rc1","ident":"syslog-ng","pid":"17","message":"Syslog connection failed; fd='15', server='AF_INET(10.100.0.3:5140)', error='Connection refused (111)', time_reopen='60'"}
2025-12-15T20:18:37+01:00	syslog.daemon.notice	{"host":"rc1","ident":"watchfrr","pid":"37","message":"[T83RR-8SM5G] watchfrr 8.1 starting: vty@0"}
2025-12-15T20:18:37+01:00	syslog.daemon.info	{"host":"rc1","ident":"watchfrr","pid":"37","message":"[ZCJ3S-SPH5S] zebra state -> down : initial connection attempt failed"}
2025-12-15T20:18:37+01:00	syslog.daemon.info	{"host":"rc1","ident":"watchfrr","pid":"37","message":"[ZCJ3S-SPH5S] bgpd state -> down : initial connection attempt failed"}
2025-12-15T20:18:37+01:00	syslog.daemon.info	{"host":"rc1","ident":"watchfrr","pid":"37","message":"[ZCJ3S-SPH5S] ospfd state -> down : initial connection attempt failed"}
2025-12-15T20:18:37+01:00	syslog.daemon.info	{"host":"rc1","ident":"watchfrr","pid":"37","message":"[ZCJ3S-SPH5S] staticd state -> down : initial connection attempt failed"}
2025-12-15T20:18:37+01:00	syslog.daemon.info	{"host":"rc1","ident":"watchfrr","pid":"37","message":"[YFT0P-5Q5YX] Forked background command [pid 38]: /usr/lib/frr/watchfrr.sh restart all"}
2025-12-15T20:18:37+01:00	syslog.daemon.err	{"host":"rc1","ident":"watchfrr.sh","pid":"48","message":"Cannot stop staticd: pid file not found"}
2025-12-15T20:18:37+01:00	syslog.daemon.err	{"host":"rc1","ident":"watchfrr.sh","pid":"52","message":"Cannot stop bgpd: pid file not found"}
2025-12-15T20:18:37+01:00	syslog.daemon.err	{"host":"rc1","ident":"watchfrr.sh","pid":"50","message":"Cannot stop ospfd: pid file not found"}
2025-12-15T20:18:37+01:00	syslog.daemon.err	{"host":"rc1","ident":"watchfrr.sh","pid":"54","message":"Cannot stop zebra: pid file not found"}
2025-12-15T20:18:37+01:00	syslog.daemon.info	{"host":"rc1","ident":"zebra","pid":"59","message":"[VTVCM-Y2NW3] Configuration Read in Took: 00:00:00"}
2025-12-15T20:18:37+01:00	syslog.daemon.info	{"host":"rc1","ident":"bgpd","pid":"64","message":"[VTVCM-Y2NW3] Configuration Read in Took: 00:00:00"}
2025-12-15T20:18:37+01:00	syslog.daemon.info	{"host":"rc1","ident":"ospfd","pid":"71","message":"[VTVCM-Y2NW3] Configuration Read in Took: 00:00:00"}
2025-12-15T20:18:37+01:00	syslog.daemon.info	{"host":"rc1","ident":"staticd","pid":"74","message":"[VTVCM-Y2NW3] Configuration Read in Took: 00:00:00"}
2025-12-15T20:18:37+01:00	syslog.daemon.notice	{"host":"rc1","ident":"watchfrr","pid":"37","message":"[QDG3Y-BY5TN] zebra state -> up : connect succeeded"}
2025-12-15T20:18:37+01:00	syslog.daemon.notice	{"host":"rc1","ident":"watchfrr","pid":"37","message":"[QDG3Y-BY5TN] bgpd state -> up : connect succeeded"}
2025-12-15T20:18:37+01:00	syslog.daemon.notice	{"host":"rc1","ident":"watchfrr","pid":"37","message":"[QDG3Y-BY5TN] ospfd state -> up : connect succeeded"}
2025-12-15T20:18:37+01:00	syslog.daemon.notice	{"host":"rc1","ident":"watchfrr","pid":"37","message":"[QDG3Y-BY5TN] staticd state -> up : connect succeeded"}
2025-12-15T20:18:37+01:00	syslog.daemon.notice	{"host":"rc1","ident":"watchfrr","pid":"37","message":"[KWE5Q-QNGFC] all daemons up, doing startup-complete notify"}
2025-12-15T20:18:38+01:00	syslog.kern.info	{"host":"rc1","ident":"kernel","message":"br-15782a2f5b04: port 2(vethb93d1e0) entered blocking state"}
2025-12-15T20:18:38+01:00	syslog.kern.info	{"host":"rc1","ident":"kernel","message":"br-15782a2f5b04: port 2(vethb93d1e0) entered disabled state"}
2025-12-15T20:18:38+01:00	syslog.kern.info	{"host":"rc1","ident":"kernel","message":"vethb93d1e0: entered allmulticast mode"}
2025-12-15T20:18:38+01:00	syslog.kern.info	{"host":"rc1","ident":"kernel","message":"vethb93d1e0: entered promiscuous mode"}
2025-12-15T20:18:38+01:00	syslog.kern.info	{"host":"rc1","ident":"kernel","message":"br-af0f8f804be3: port 2(veth68e044d) entered blocking state"}
2025-12-15T20:18:38+01:00	syslog.kern.info	{"host":"rc1","ident":"kernel","message":"br-af0f8f804be3: port 2(veth68e044d) entered disabled state"}
2025-12-15T20:18:38+01:00	syslog.kern.info	{"host":"rc1","ident":"kernel","message":"veth68e044d: entered allmulticast mode"}
2025-12-15T20:18:38+01:00	syslog.kern.info	{"host":"rc1","ident":"kernel","message":"veth68e044d: entered promiscuous mode"}
2025-12-15T20:18:38+01:00	syslog.kern.info	{"host":"rc1","ident":"kernel","message":"br-e934a3bddb08: port 2(veth0a594e5) entered blocking state"}
2025-12-15T20:18:38+01:00	syslog.kern.info	{"host":"rc1","ident":"kernel","message":"br-e934a3bddb08: port 2(veth0a594e5) entered disabled state"}
2025-12-15T20:18:38+01:00	syslog.kern.info	{"host":"rc1","ident":"kernel","message":"veth0a594e5: entered allmulticast mode"}
2025-12-15T20:18:38+01:00	syslog.kern.info	{"host":"rc1","ident":"kernel","message":"veth0a594e5: entered promiscuous mode"}
2025-12-15T20:18:38+01:00	syslog.kern.info	{"host":"rc1","ident":"kernel","message":"br-45d3829a0ac3: port 2(vethc4080fa) entered blocking state"}
2025-12-15T20:18:38+01:00	syslog.kern.info	{"host":"rc1","ident":"kernel","message":"br-45d3829a0ac3: port 2(vethc4080fa) entered disabled state"}
2025-12-15T20:18:38+01:00	syslog.kern.info	{"host":"rc1","ident":"kernel","message":"vethc4080fa: entered allmulticast mode"}
2025-12-15T20:18:38+01:00	syslog.kern.info	{"host":"rc1","ident":"kernel","message":"vethc4080fa: entered promiscuous mode"}
2025-12-15T20:18:38+01:00	syslog.kern.info	{"host":"rc1","ident":"kernel","message":"eth0: renamed from veth8bcf4d1"}
2025-12-15T20:18:38+01:00	syslog.kern.info	{"host":"rc1","ident":"kernel","message":"br-15782a2f5b04: port 2(vethb93d1e0) entered blocking state"}
2025-12-15T20:18:38+01:00	syslog.kern.info	{"host":"rc1","ident":"kernel","message":"br-15782a2f5b04: port 2(vethb93d1e0) entered forwarding state"}
2025-12-15T20:18:38+01:00	syslog.kern.info	{"host":"rc1","ident":"kernel","message":"eth0: renamed from vethe59956b"}
2025-12-15T20:18:38+01:00	syslog.kern.info	{"host":"rc1","ident":"kernel","message":"eth0: renamed from veth1b3365c"}
2025-12-15T20:18:38+01:00	syslog.kern.info	{"host":"rc1","ident":"kernel","message":"br-af0f8f804be3: port 2(veth68e044d) entered blocking state"}
2025-12-15T20:18:38+01:00	syslog.kern.info	{"host":"rc1","ident":"kernel","message":"br-af0f8f804be3: port 2(veth68e044d) entered forwarding state"}
2025-12-15T20:18:38+01:00	syslog.kern.info	{"host":"rc1","ident":"kernel","message":"br-e934a3bddb08: port 2(veth0a594e5) entered blocking state"}
2025-12-15T20:18:38+01:00	syslog.kern.info	{"host":"rc1","ident":"kernel","message":"br-e934a3bddb08: port 2(veth0a594e5) entered forwarding state"}
2025-12-15T20:18:38+01:00	syslog.kern.info	{"host":"rc1","ident":"kernel","message":"eth0: renamed from veth3dd4369"}
2025-12-15T20:18:38+01:00	syslog.kern.info	{"host":"rc1","ident":"kernel","message":"br-45d3829a0ac3: port 2(vethc4080fa) entered blocking state"}
2025-12-15T20:18:38+01:00	syslog.kern.info	{"host":"rc1","ident":"kernel","message":"br-45d3829a0ac3: port 2(vethc4080fa) entered forwarding state"}
2025-12-15T20:19:23+01:00	syslog.daemon.info	{"host":"rc1","ident":"ospfd","pid":"71","message":"[S5PCG-77H23] Packet[DD]: Neighbor 10.3.0.3 Negotiation done (Master)."}
2025-12-15T20:19:37+01:00	syslog.syslog.notice	{"host":"rc1","ident":"syslog-ng","pid":"17","message":"Syslog connection established; fd='5', server='AF_INET(10.100.0.3:5140)', local='AF_INET(0.0.0.0:0)'"}
2025-12-15T20:22:46+01:00	syslog.kern.info	{"host":"rc1","ident":"kernel","message":"wlp0s20f3: disconnect from AP c8:78:67:85:03:11 for new auth to 54:33:c6:c1:9c:31"}
2025-12-15T20:22:46+01:00	syslog.kern.info	{"host":"rc1","ident":"kernel","message":"wlp0s20f3: authenticate with 54:33:c6:c1:9c:31 (local address=ac:74:b1:87:bc:52)"}
2025-12-15T20:22:46+01:00	syslog.kern.info	{"host":"rc1","ident":"kernel","message":"wlp0s20f3: send auth to 54:33:c6:c1:9c:31 (try 1/3)"}
2025-12-15T20:22:47+01:00	syslog.kern.info	{"host":"rc1","ident":"kernel","message":"wlp0s20f3: authenticated"}
2025-12-15T20:22:47+01:00	syslog.kern.info	{"host":"rc1","ident":"kernel","message":"wlp0s20f3: associate with 54:33:c6:c1:9c:31 (try 1/3)"}
2025-12-15T20:22:47+01:00	syslog.kern.info	{"host":"rc1","ident":"kernel","message":"wlp0s20f3: RX ReassocResp from 54:33:c6:c1:9c:31 (capab=0x1011 status=0 aid=53)"}
2025-12-15T20:22:47+01:00	syslog.kern.info	{"host":"rc1","ident":"kernel","message":"wlp0s20f3: associated"}
2025-12-15T20:22:58+01:00	syslog.kern.notice	{"host":"rc1","ident":"kernel","message":"audit: type=1400 audit(1765826578.633:442): apparmor=\"DENIED\" operation=\"open\" class=\"file\" profile=\"snap.firefox.firefox\" name=\"/proc/pressure/memory\" pid=7690 comm=\"MemoryPoller\" requested_mask=\"r\" denied_mask=\"r\" fsuid=1000 ouid=0"}
2025-12-15T20:38:35+01:00	fluent.info	{"pid":15,"ppid":9,"worker":0,"message":"starting fluentd worker pid=15 ppid=9 worker=0"}
2025-12-15T20:38:35+01:00	fluent.info	{"message":"listening syslog socket on 0.0.0.0:5140 with tcp"}
2025-12-15T20:38:35+01:00	fluent.info	{"port":24224,"bind":"0.0.0.0","message":"listening port port=24224 bind=\"0.0.0.0\""}
2025-12-15T20:38:35+01:00	fluent.info	{"worker":0,"message":"fluentd worker is now running worker=0"}
2025-12-15T20:38:35+01:00	rc1	{"container_name":"/docker_rc1_1","source":"stdout","log":" * Starting system logging syslog-ng","container_id":"dea92da3432586b1b54eca0f9206cbe0968095ab67ee6e140054af54f6be61b9"}
2025-12-15T20:38:35+01:00	rc1	{"container_name":"/docker_rc1_1","source":"stderr","log":"[2025-12-15T20:38:35.093125] WARNING: Configuration file format is too old, syslog-ng is running in compatibility mode. Please update it to use the syslog-ng 3.35 format at your time of convenience. To upgrade the configuration, please review the warnings about incompatible changes printed by syslog-ng, and once completed change the @version header at the top of the configuration file; config-version='3.27'","container_id":"dea92da3432586b1b54eca0f9206cbe0968095ab67ee6e140054af54f6be61b9"}
2025-12-15T20:38:35+01:00	rc1	{"log":"[2025-12-15T20:38:35.177475] WARNING: The internal_queue_length stat counter has been renamed to internal_source.queued. The old name will be removed in future versions; config-version='3.27'","container_id":"dea92da3432586b1b54eca0f9206cbe0968095ab67ee6e140054af54f6be61b9","container_name":"/docker_rc1_1","source":"stderr"}
2025-12-15T20:38:35+01:00	rc1	{"container_id":"dea92da3432586b1b54eca0f9206cbe0968095ab67ee6e140054af54f6be61b9","container_name":"/docker_rc1_1","source":"stdout","log":"   ...done."}
2025-12-15T20:38:35+01:00	rc1	{"container_name":"/docker_rc1_1","source":"stdout","log":" * Started watchfrr","container_id":"dea92da3432586b1b54eca0f9206cbe0968095ab67ee6e140054af54f6be61b9"}
2025-12-15T20:38:35+01:00	rc1	{"log":"","container_id":"dea92da3432586b1b54eca0f9206cbe0968095ab67ee6e140054af54f6be61b9","container_name":"/docker_rc1_1","source":"stdout"}
2025-12-15T20:38:35+01:00	rc1	{"container_id":"dea92da3432586b1b54eca0f9206cbe0968095ab67ee6e140054af54f6be61b9","container_name":"/docker_rc1_1","source":"stdout","log":"Hello, this is FRRouting (version 8.1)."}
2025-12-15T20:38:35+01:00	rc1	{"container_id":"dea92da3432586b1b54eca0f9206cbe0968095ab67ee6e140054af54f6be61b9","container_name":"/docker_rc1_1","source":"stdout","log":"Copyright 1996-2005 Kunihiro Ishiguro, et al."}
2025-12-15T20:38:35+01:00	rc1	{"container_name":"/docker_rc1_1","source":"stdout","log":"","container_id":"dea92da3432586b1b54eca0f9206cbe0968095ab67ee6e140054af54f6be61b9"}
2025-12-15T20:38:35+01:00	rc1	{"source":"stdout","log":"rc1# conf t","container_id":"dea92da3432586b1b54eca0f9206cbe0968095ab67ee6e140054af54f6be61b9","container_name":"/docker_rc1_1"}
2025-12-15T20:38:35+01:00	rc1	{"container_id":"dea92da3432586b1b54eca0f9206cbe0968095ab67ee6e140054af54f6be61b9","container_name":"/docker_rc1_1","source":"stdout","log":"rc1(config)# log file /shared-volume/frr/frr3.log"}
2025-12-15T20:38:35+01:00	rc1	{"log":"can't open logfile /shared-volume/frr/frr3.log","container_id":"dea92da3432586b1b54eca0f9206cbe0968095ab67ee6e140054af54f6be61b9","container_name":"/docker_rc1_1","source":"stdout"}
2025-12-15T20:38:35+01:00	rc1	{"log":"rc1(config)# router ospf","container_id":"dea92da3432586b1b54eca0f9206cbe0968095ab67ee6e140054af54f6be61b9","container_name":"/docker_rc1_1","source":"stdout"}
2025-12-15T20:38:35+01:00	rc1	{"container_id":"dea92da3432586b1b54eca0f9206cbe0968095ab67ee6e140054af54f6be61b9","container_name":"/docker_rc1_1","source":"stdout","log":"rc1(config-router)# network 10.1.0.0/29 area 0"}
2025-12-15T20:38:35+01:00	rc1	{"log":"rc1(config-router)# network 10.100.0.0/24 area 0","container_id":"dea92da3432586b1b54eca0f9206cbe0968095ab67ee6e140054af54f6be61b9","container_name":"/docker_rc1_1","source":"stdout"}
2025-12-15T20:38:35+01:00	rc1	{"log":"rc1(config-router)# end","container_id":"dea92da3432586b1b54eca0f9206cbe0968095ab67ee6e140054af54f6be61b9","container_name":"/docker_rc1_1","source":"stdout"}
2025-12-15T20:38:35+01:00	rc1	{"log":"rc1# ","container_id":"dea92da3432586b1b54eca0f9206cbe0968095ab67ee6e140054af54f6be61b9","container_name":"/docker_rc1_1","source":"stdout"}
2025-12-15T20:38:35+01:00	server	{"container_id":"1d9ff64ee0773df32f233f144573a55bc8580961a8e9ee3efd54fcf77de0dab5","container_name":"/docker_server_1","source":"stdout","log":"Hit:1 http://archive.ubuntu.com/ubuntu jammy InRelease"}
2025-12-15T20:38:35+01:00	server	{"source":"stdout","log":"Hit:2 http://security.ubuntu.com/ubuntu jammy-security InRelease","container_id":"1d9ff64ee0773df32f233f144573a55bc8580961a8e9ee3efd54fcf77de0dab5","container_name":"/docker_server_1"}
2025-12-15T20:38:35+01:00	server	{"source":"stdout","log":"Hit:3 http://archive.ubuntu.com/ubuntu jammy-updates InRelease","container_id":"1d9ff64ee0773df32f233f144573a55bc8580961a8e9ee3efd54fcf77de0dab5","container_name":"/docker_server_1"}
2025-12-15T20:38:35+01:00	server	{"log":"Hit:4 http://archive.ubuntu.com/ubuntu jammy-backports InRelease","container_id":"1d9ff64ee0773df32f233f144573a55bc8580961a8e9ee3efd54fcf77de0dab5","container_name":"/docker_server_1","source":"stdout"}
2025-12-15T20:38:35+01:00	rc2	{"log":" * Starting system logging syslog-ng","container_id":"c1b090d0dfbf7aa5ea2a7ec20f8170b782b1055239f7a3ec83dbdf5c5e6df67b","container_name":"/docker_rc2_1","source":"stdout"}
2025-12-15T20:38:35+01:00	rc2	{"container_id":"c1b090d0dfbf7aa5ea2a7ec20f8170b782b1055239f7a3ec83dbdf5c5e6df67b","container_name":"/docker_rc2_1","source":"stderr","log":"[2025-12-15T20:38:35.274354] WARNING: Configuration file format is too old, syslog-ng is running in compatibility mode. Please update it to use the syslog-ng 3.35 format at your time of convenience. To upgrade the configuration, please review the warnings about incompatible changes printed by syslog-ng, and once completed change the @version header at the top of the configuration file; config-version='3.27'"}
2025-12-15T20:38:35+01:00	rc2	{"log":"[2025-12-15T20:38:35.375198] WARNING: The internal_queue_length stat counter has been renamed to internal_source.queued. The old name will be removed in future versions; config-version='3.27'","container_id":"c1b090d0dfbf7aa5ea2a7ec20f8170b782b1055239f7a3ec83dbdf5c5e6df67b","container_name":"/docker_rc2_1","source":"stderr"}
2025-12-15T20:38:35+01:00	rc2	{"container_id":"c1b090d0dfbf7aa5ea2a7ec20f8170b782b1055239f7a3ec83dbdf5c5e6df67b","container_name":"/docker_rc2_1","source":"stdout","log":"   ...done."}
2025-12-15T20:38:35+01:00	rc2	{"container_id":"c1b090d0dfbf7aa5ea2a7ec20f8170b782b1055239f7a3ec83dbdf5c5e6df67b","container_name":"/docker_rc2_1","source":"stdout","log":" * Started watchfrr"}
2025-12-15T20:38:35+01:00	rc2	{"source":"stdout","log":"","container_id":"c1b090d0dfbf7aa5ea2a7ec20f8170b782b1055239f7a3ec83dbdf5c5e6df67b","container_name":"/docker_rc2_1"}
2025-12-15T20:38:35+01:00	rc2	{"log":"Hello, this is FRRouting (version 8.1).","container_id":"c1b090d0dfbf7aa5ea2a7ec20f8170b782b1055239f7a3ec83dbdf5c5e6df67b","container_name":"/docker_rc2_1","source":"stdout"}
2025-12-15T20:38:35+01:00	rc2	{"container_id":"c1b090d0dfbf7aa5ea2a7ec20f8170b782b1055239f7a3ec83dbdf5c5e6df67b","container_name":"/docker_rc2_1","source":"stdout","log":"Copyright 1996-2005 Kunihiro Ishiguro, et al."}
2025-12-15T20:38:35+01:00	rc2	{"log":"","container_id":"c1b090d0dfbf7aa5ea2a7ec20f8170b782b1055239f7a3ec83dbdf5c5e6df67b","container_name":"/docker_rc2_1","source":"stdout"}
2025-12-15T20:38:35+01:00	rc2	{"container_id":"c1b090d0dfbf7aa5ea2a7ec20f8170b782b1055239f7a3ec83dbdf5c5e6df67b","container_name":"/docker_rc2_1","source":"stdout","log":"rc2# conf t"}
2025-12-15T20:38:35+01:00	rc2	{"container_id":"c1b090d0dfbf7aa5ea2a7ec20f8170b782b1055239f7a3ec83dbdf5c5e6df67b","container_name":"/docker_rc2_1","source":"stdout","log":"rc2(config)# log file /shared-volume/frr/frr4.log"}
2025-12-15T20:38:35+01:00	rc2	{"container_id":"c1b090d0dfbf7aa5ea2a7ec20f8170b782b1055239f7a3ec83dbdf5c5e6df67b","container_name":"/docker_rc2_1","source":"stdout","log":"can't open logfile /shared-volume/frr/frr4.log"}
2025-12-15T20:38:35+01:00	rc2	{"container_id":"c1b090d0dfbf7aa5ea2a7ec20f8170b782b1055239f7a3ec83dbdf5c5e6df67b","container_name":"/docker_rc2_1","source":"stdout","log":"rc2(config)# router ospf"}
2025-12-15T20:38:35+01:00	rc2	{"container_id":"c1b090d0dfbf7aa5ea2a7ec20f8170b782b1055239f7a3ec83dbdf5c5e6df67b","container_name":"/docker_rc2_1","source":"stdout","log":"rc2(config-router)# network 10.1.0.0/29 area 0"}
2025-12-15T20:38:35+01:00	rc2	{"log":"rc2(config-router)# network 10.2.0.0/29 area 0","container_id":"c1b090d0dfbf7aa5ea2a7ec20f8170b782b1055239f7a3ec83dbdf5c5e6df67b","container_name":"/docker_rc2_1","source":"stdout"}
2025-12-15T20:38:35+01:00	rc2	{"log":"rc2(config-router)# network 10.3.0.0/29 area 0","container_id":"c1b090d0dfbf7aa5ea2a7ec20f8170b782b1055239f7a3ec83dbdf5c5e6df67b","container_name":"/docker_rc2_1","source":"stdout"}
2025-12-15T20:38:35+01:00	rc2	{"log":"rc2(config-router)# end","container_id":"c1b090d0dfbf7aa5ea2a7ec20f8170b782b1055239f7a3ec83dbdf5c5e6df67b","container_name":"/docker_rc2_1","source":"stdout"}
2025-12-15T20:38:35+01:00	rc2	{"container_id":"c1b090d0dfbf7aa5ea2a7ec20f8170b782b1055239f7a3ec83dbdf5c5e6df67b","container_name":"/docker_rc2_1","source":"stdout","log":"rc2# "}
2025-12-15T20:38:35+01:00	ra	{"source":"stdout","log":" * Starting system logging syslog-ng","container_id":"b6cbb6cb4f021a3630c5d5087c4a99d0fd7fe47498074734caacc187db60785d","container_name":"/docker_ra_1"}
2025-12-15T20:38:35+01:00	ra	{"source":"stderr","log":"[2025-12-15T20:38:35.290916] WARNING: Configuration file format is too old, syslog-ng is running in compatibility mode. Please update it to use the syslog-ng 3.35 format at your time of convenience. To upgrade the configuration, please review the warnings about incompatible changes printed by syslog-ng, and once completed change the @version header at the top of the configuration file; config-version='3.27'","container_id":"b6cbb6cb4f021a3630c5d5087c4a99d0fd7fe47498074734caacc187db60785d","container_name":"/docker_ra_1"}
2025-12-15T20:38:35+01:00	ra	{"container_id":"b6cbb6cb4f021a3630c5d5087c4a99d0fd7fe47498074734caacc187db60785d","container_name":"/docker_ra_1","source":"stderr","log":"[2025-12-15T20:38:35.469265] WARNING: The internal_queue_length stat counter has been renamed to internal_source.queued. The old name will be removed in future versions; config-version='3.27'"}
2025-12-15T20:38:35+01:00	ra	{"container_name":"/docker_ra_1","source":"stdout","log":"   ...done.","container_id":"b6cbb6cb4f021a3630c5d5087c4a99d0fd7fe47498074734caacc187db60785d"}
2025-12-15T20:38:35+01:00	ra	{"container_id":"b6cbb6cb4f021a3630c5d5087c4a99d0fd7fe47498074734caacc187db60785d","container_name":"/docker_ra_1","source":"stdout","log":" * Started watchfrr"}
2025-12-15T20:38:36+01:00	ra	{"log":"","container_id":"b6cbb6cb4f021a3630c5d5087c4a99d0fd7fe47498074734caacc187db60785d","container_name":"/docker_ra_1","source":"stdout"}
2025-12-15T20:38:36+01:00	ra	{"source":"stdout","log":"Hello, this is FRRouting (version 8.1).","container_id":"b6cbb6cb4f021a3630c5d5087c4a99d0fd7fe47498074734caacc187db60785d","container_name":"/docker_ra_1"}
2025-12-15T20:38:36+01:00	ra	{"container_id":"b6cbb6cb4f021a3630c5d5087c4a99d0fd7fe47498074734caacc187db60785d","container_name":"/docker_ra_1","source":"stdout","log":"Copyright 1996-2005 Kunihiro Ishiguro, et al."}
2025-12-15T20:38:36+01:00	ra	{"container_id":"b6cbb6cb4f021a3630c5d5087c4a99d0fd7fe47498074734caacc187db60785d","container_name":"/docker_ra_1","source":"stdout","log":""}
2025-12-15T20:38:36+01:00	ra	{"container_id":"b6cbb6cb4f021a3630c5d5087c4a99d0fd7fe47498074734caacc187db60785d","container_name":"/docker_ra_1","source":"stdout","log":"ra# conf t"}
2025-12-15T20:38:36+01:00	ra	{"container_id":"b6cbb6cb4f021a3630c5d5087c4a99d0fd7fe47498074734caacc187db60785d","container_name":"/docker_ra_1","source":"stdout","log":"ra(config)# log file /shared-volume/frr/frr1.log"}
2025-12-15T20:38:36+01:00	ra	{"container_id":"b6cbb6cb4f021a3630c5d5087c4a99d0fd7fe47498074734caacc187db60785d","container_name":"/docker_ra_1","source":"stdout","log":"can't open logfile /shared-volume/frr/frr1.log"}
2025-12-15T20:38:36+01:00	ra	{"source":"stdout","log":"ra(config)# router ospf","container_id":"b6cbb6cb4f021a3630c5d5087c4a99d0fd7fe47498074734caacc187db60785d","container_name":"/docker_ra_1"}
2025-12-15T20:38:36+01:00	ra	{"source":"stdout","log":"ra(config-router)# network 10.2.0.0/29 area 0","container_id":"b6cbb6cb4f021a3630c5d5087c4a99d0fd7fe47498074734caacc187db60785d","container_name":"/docker_ra_1"}
2025-12-15T20:38:36+01:00	ra	{"source":"stdout","log":"ra(config-router)# network 10.0.1.0/24 area 0","container_id":"b6cbb6cb4f021a3630c5d5087c4a99d0fd7fe47498074734caacc187db60785d","container_name":"/docker_ra_1"}
2025-12-15T20:38:36+01:00	ra	{"container_name":"/docker_ra_1","source":"stdout","log":"ra(config-router)# network 10.0.2.0/24 area 0","container_id":"b6cbb6cb4f021a3630c5d5087c4a99d0fd7fe47498074734caacc187db60785d"}
2025-12-15T20:38:36+01:00	ra	{"container_name":"/docker_ra_1","source":"stdout","log":"ra(config-router)# end","container_id":"b6cbb6cb4f021a3630c5d5087c4a99d0fd7fe47498074734caacc187db60785d"}
2025-12-15T20:38:36+01:00	ra	{"log":"ra# ","container_id":"b6cbb6cb4f021a3630c5d5087c4a99d0fd7fe47498074734caacc187db60785d","container_name":"/docker_ra_1","source":"stdout"}
2025-12-15T20:38:36+01:00	server	{"container_id":"1d9ff64ee0773df32f233f144573a55bc8580961a8e9ee3efd54fcf77de0dab5","container_name":"/docker_server_1","source":"stdout","log":"Reading package lists..."}
2025-12-15T20:38:35+01:00	rb	{"container_name":"/docker_rb_1","source":"stdout","log":" * Starting system logging syslog-ng","container_id":"2f5c4a94ec8b0dd09c3138f9f9635d038596aaed78643a5da681fb0d343d7a3d"}
2025-12-15T20:38:35+01:00	rb	{"container_id":"2f5c4a94ec8b0dd09c3138f9f9635d038596aaed78643a5da681fb0d343d7a3d","container_name":"/docker_rb_1","source":"stderr","log":"[2025-12-15T20:38:35.306117] WARNING: Configuration file format is too old, syslog-ng is running in compatibility mode. Please update it to use the syslog-ng 3.35 format at your time of convenience. To upgrade the configuration, please review the warnings about incompatible changes printed by syslog-ng, and once completed change the @version header at the top of the configuration file; config-version='3.27'"}
2025-12-15T20:38:35+01:00	rb	{"container_name":"/docker_rb_1","source":"stderr","log":"[2025-12-15T20:38:35.491599] WARNING: The internal_queue_length stat counter has been renamed to internal_source.queued. The old name will be removed in future versions; config-version='3.27'","container_id":"2f5c4a94ec8b0dd09c3138f9f9635d038596aaed78643a5da681fb0d343d7a3d"}
2025-12-15T20:38:35+01:00	rb	{"source":"stdout","log":"   ...done.","container_id":"2f5c4a94ec8b0dd09c3138f9f9635d038596aaed78643a5da681fb0d343d7a3d","container_name":"/docker_rb_1"}
2025-12-15T20:38:35+01:00	rb	{"container_id":"2f5c4a94ec8b0dd09c3138f9f9635d038596aaed78643a5da681fb0d343d7a3d","container_name":"/docker_rb_1","source":"stdout","log":" * Started watchfrr"}
2025-12-15T20:38:36+01:00	rb	{"log":"","container_id":"2f5c4a94ec8b0dd09c3138f9f9635d038596aaed78643a5da681fb0d343d7a3d","container_name":"/docker_rb_1","source":"stdout"}
2025-12-15T20:38:36+01:00	rb	{"container_id":"2f5c4a94ec8b0dd09c3138f9f9635d038596aaed78643a5da681fb0d343d7a3d","container_name":"/docker_rb_1","source":"stdout","log":"Hello, this is FRRouting (version 8.1)."}
2025-12-15T20:38:36+01:00	rb	{"container_name":"/docker_rb_1","source":"stdout","log":"Copyright 1996-2005 Kunihiro Ishiguro, et al.","container_id":"2f5c4a94ec8b0dd09c3138f9f9635d038596aaed78643a5da681fb0d343d7a3d"}
2025-12-15T20:38:36+01:00	rb	{"log":"","container_id":"2f5c4a94ec8b0dd09c3138f9f9635d038596aaed78643a5da681fb0d343d7a3d","container_name":"/docker_rb_1","source":"stdout"}
2025-12-15T20:38:36+01:00	rb	{"source":"stdout","log":"rb# conf t","container_id":"2f5c4a94ec8b0dd09c3138f9f9635d038596aaed78643a5da681fb0d343d7a3d","container_name":"/docker_rb_1"}
2025-12-15T20:38:36+01:00	rb	{"container_id":"2f5c4a94ec8b0dd09c3138f9f9635d038596aaed78643a5da681fb0d343d7a3d","container_name":"/docker_rb_1","source":"stdout","log":"rb(config)# log file /shared-volume/frr/frr2.log"}
2025-12-15T20:38:36+01:00	rb	{"container_name":"/docker_rb_1","source":"stdout","log":"can't open logfile /shared-volume/frr/frr2.log","container_id":"2f5c4a94ec8b0dd09c3138f9f9635d038596aaed78643a5da681fb0d343d7a3d"}
2025-12-15T20:38:36+01:00	rb	{"container_name":"/docker_rb_1","source":"stdout","log":"rb(config)# router ospf","container_id":"2f5c4a94ec8b0dd09c3138f9f9635d038596aaed78643a5da681fb0d343d7a3d"}
2025-12-15T20:38:36+01:00	rb	{"log":"rb(config-router)# network 10.3.0.0/29 area 0","container_id":"2f5c4a94ec8b0dd09c3138f9f9635d038596aaed78643a5da681fb0d343d7a3d","container_name":"/docker_rb_1","source":"stdout"}
2025-12-15T20:38:36+01:00	rb	{"container_id":"2f5c4a94ec8b0dd09c3138f9f9635d038596aaed78643a5da681fb0d343d7a3d","container_name":"/docker_rb_1","source":"stdout","log":"rb(config-router)# network 10.0.3.0/24 area 0"}
2025-12-15T20:38:36+01:00	rb	{"container_name":"/docker_rb_1","source":"stdout","log":"rb(config-router)# network 10.0.4.0/24 area 0","container_id":"2f5c4a94ec8b0dd09c3138f9f9635d038596aaed78643a5da681fb0d343d7a3d"}
2025-12-15T20:38:36+01:00	rb	{"container_name":"/docker_rb_1","source":"stdout","log":"rb(config-router)# end","container_id":"2f5c4a94ec8b0dd09c3138f9f9635d038596aaed78643a5da681fb0d343d7a3d"}
2025-12-15T20:38:36+01:00	rb	{"container_id":"2f5c4a94ec8b0dd09c3138f9f9635d038596aaed78643a5da681fb0d343d7a3d","container_name":"/docker_rb_1","source":"stdout","log":"rb# "}
2025-12-15T20:38:37+01:00	server	{"container_name":"/docker_server_1","source":"stdout","log":"Reading package lists...","container_id":"1d9ff64ee0773df32f233f144573a55bc8580961a8e9ee3efd54fcf77de0dab5"}
2025-12-15T20:38:37+01:00	server	{"container_id":"1d9ff64ee0773df32f233f144573a55bc8580961a8e9ee3efd54fcf77de0dab5","container_name":"/docker_server_1","source":"stdout","log":"Building dependency tree..."}
2025-12-15T20:38:37+01:00	server	{"log":"Reading state information...","container_id":"1d9ff64ee0773df32f233f144573a55bc8580961a8e9ee3efd54fcf77de0dab5","container_name":"/docker_server_1","source":"stdout"}
2025-12-15T20:38:37+01:00	server	{"log":"E: Unable to locate package linux-headers-6.14.0-37-generic","container_id":"1d9ff64ee0773df32f233f144573a55bc8580961a8e9ee3efd54fcf77de0dab5","container_name":"/docker_server_1","source":"stderr"}
2025-12-15T20:38:37+01:00	server	{"container_id":"1d9ff64ee0773df32f233f144573a55bc8580961a8e9ee3efd54fcf77de0dab5","container_name":"/docker_server_1","source":"stderr","log":"E: Couldn't find any package by glob 'linux-headers-6.14.0-37-generic'"}
2025-12-15T20:38:37+01:00	server	{"container_name":"/docker_server_1","source":"stderr","log":"E: Couldn't find any package by regex 'linux-headers-6.14.0-37-generic'","container_id":"1d9ff64ee0773df32f233f144573a55bc8580961a8e9ee3efd54fcf77de0dab5"}
2025-12-15T20:38:37+01:00	server	{"log":"","container_id":"1d9ff64ee0773df32f233f144573a55bc8580961a8e9ee3efd54fcf77de0dab5","container_name":"/docker_server_1","source":"stdout"}
2025-12-15T20:38:37+01:00	server	{"log":"> my-test-server@1.0.0 start","container_id":"1d9ff64ee0773df32f233f144573a55bc8580961a8e9ee3efd54fcf77de0dab5","container_name":"/docker_server_1","source":"stdout"}
2025-12-15T20:38:37+01:00	server	{"container_id":"1d9ff64ee0773df32f233f144573a55bc8580961a8e9ee3efd54fcf77de0dab5","container_name":"/docker_server_1","source":"stdout","log":"> node server.js"}
2025-12-15T20:38:37+01:00	server	{"source":"stdout","log":"","container_id":"1d9ff64ee0773df32f233f144573a55bc8580961a8e9ee3efd54fcf77de0dab5","container_name":"/docker_server_1"}
2025-12-15T20:38:37+01:00	server	{"container_id":"1d9ff64ee0773df32f233f144573a55bc8580961a8e9ee3efd54fcf77de0dab5","container_name":"/docker_server_1","source":"stdout","log":"Server is listening at http://localhost:3000"}
2025-12-15T20:38:35+01:00	syslog.syslog.notice	{"host":"rc1","ident":"syslog-ng","pid":"16","message":"syslog-ng starting up; version='3.35.1'"}
2025-12-15T20:38:35+01:00	syslog.syslog.err	{"host":"rc1","ident":"syslog-ng","pid":"16","message":"Syslog connection failed; fd='15', server='AF_INET(10.100.0.3:5140)', error='Connection refused (111)', time_reopen='60'"}
2025-12-15T20:38:35+01:00	syslog.kern.info	{"host":"rc1","ident":"kernel","message":"eth2: renamed from vethaa1b149"}
2025-12-15T20:38:35+01:00	syslog.kern.info	{"host":"rc1","ident":"kernel","message":"br-6df71cba723a: port 2(vethdc5bb94) entered blocking state"}
2025-12-15T20:38:35+01:00	syslog.kern.info	{"host":"rc1","ident":"kernel","message":"br-6df71cba723a: port 2(vethdc5bb94) entered disabled state"}
2025-12-15T20:38:35+01:00	syslog.kern.info	{"host":"rc1","ident":"kernel","message":"vethdc5bb94: entered allmulticast mode"}
2025-12-15T20:38:35+01:00	syslog.kern.info	{"host":"rc1","ident":"kernel","message":"vethdc5bb94: entered promiscuous mode"}
2025-12-15T20:38:35+01:00	syslog.kern.info	{"host":"rc1","ident":"kernel","message":"br-04a6aeaf1350: port 1(veth88d3342) entered blocking state"}
2025-12-15T20:38:35+01:00	syslog.kern.info	{"host":"rc1","ident":"kernel","message":"br-04a6aeaf1350: port 1(veth88d3342) entered forwarding state"}
2025-12-15T20:38:35+01:00	syslog.kern.info	{"host":"rc1","ident":"kernel","message":"br-a670d5e29a5c: port 1(vethbb80fb4) entered blocking state"}
2025-12-15T20:38:35+01:00	syslog.kern.info	{"host":"rc1","ident":"kernel","message":"br-a670d5e29a5c: port 1(vethbb80fb4) entered disabled state"}
2025-12-15T20:38:35+01:00	syslog.kern.info	{"host":"rc1","ident":"kernel","message":"vethbb80fb4: entered allmulticast mode"}
2025-12-15T20:38:35+01:00	syslog.kern.info	{"host":"rc1","ident":"kernel","message":"vethbb80fb4: entered promiscuous mode"}
2025-12-15T20:38:35+01:00	syslog.kern.info	{"host":"rc1","ident":"kernel","message":"eth2: renamed from veth2d0d3c1"}
2025-12-15T20:38:35+01:00	syslog.kern.info	{"host":"rc1","ident":"kernel","message":"br-6df71cba723a: port 2(vethdc5bb94) entered blocking state"}
2025-12-15T20:38:35+01:00	syslog.kern.info	{"host":"rc1","ident":"kernel","message":"br-6df71cba723a: port 2(vethdc5bb94) entered forwarding state"}
2025-12-15T20:38:35+01:00	syslog.kern.info	{"host":"rc1","ident":"kernel","message":"eth2: renamed from vetha2bee7d"}
2025-12-15T20:38:35+01:00	syslog.kern.info	{"host":"rc1","ident":"kernel","message":"br-a670d5e29a5c: port 1(vethbb80fb4) entered blocking state"}
2025-12-15T20:38:35+01:00	syslog.kern.info	{"host":"rc1","ident":"kernel","message":"br-a670d5e29a5c: port 1(vethbb80fb4) entered forwarding state"}
2025-12-15T20:38:35+01:00	syslog.daemon.notice	{"host":"rc1","ident":"watchfrr","pid":"37","message":"[T83RR-8SM5G] watchfrr 8.1 starting: vty@0"}
2025-12-15T20:38:35+01:00	syslog.daemon.info	{"host":"rc1","ident":"watchfrr","pid":"37","message":"[ZCJ3S-SPH5S] zebra state -> down : initial connection attempt failed"}
2025-12-15T20:38:35+01:00	syslog.daemon.info	{"host":"rc1","ident":"watchfrr","pid":"37","message":"[ZCJ3S-SPH5S] bgpd state -> down : initial connection attempt failed"}
2025-12-15T20:38:35+01:00	syslog.daemon.info	{"host":"rc1","ident":"watchfrr","pid":"37","message":"[ZCJ3S-SPH5S] ospfd state -> down : initial connection attempt failed"}
2025-12-15T20:38:35+01:00	syslog.daemon.info	{"host":"rc1","ident":"watchfrr","pid":"37","message":"[ZCJ3S-SPH5S] staticd state -> down : initial connection attempt failed"}
2025-12-15T20:38:35+01:00	syslog.daemon.info	{"host":"rc1","ident":"watchfrr","pid":"37","message":"[YFT0P-5Q5YX] Forked background command [pid 38]: /usr/lib/frr/watchfrr.sh restart all"}
2025-12-15T20:38:35+01:00	syslog.daemon.err	{"host":"rc1","ident":"watchfrr.sh","pid":"50","message":"Cannot stop ospfd: pid file not found"}
2025-12-15T20:38:35+01:00	syslog.daemon.err	{"host":"rc1","ident":"watchfrr.sh","pid":"48","message":"Cannot stop staticd: pid file not found"}
2025-12-15T20:38:35+01:00	syslog.daemon.err	{"host":"rc1","ident":"watchfrr.sh","pid":"54","message":"Cannot stop zebra: pid file not found"}
2025-12-15T20:38:35+01:00	syslog.daemon.err	{"host":"rc1","ident":"watchfrr.sh","pid":"52","message":"Cannot stop bgpd: pid file not found"}
2025-12-15T20:38:35+01:00	syslog.daemon.info	{"host":"rc1","ident":"zebra","pid":"56","message":"[VTVCM-Y2NW3] Configuration Read in Took: 00:00:00"}
2025-12-15T20:38:35+01:00	syslog.daemon.info	{"host":"rc1","ident":"ospfd","pid":"68","message":"[VTVCM-Y2NW3] Configuration Read in Took: 00:00:00"}
2025-12-15T20:38:35+01:00	syslog.daemon.info	{"host":"rc1","ident":"bgpd","pid":"61","message":"[VTVCM-Y2NW3] Configuration Read in Took: 00:00:00"}
2025-12-15T20:38:35+01:00	syslog.daemon.info	{"host":"rc1","ident":"staticd","pid":"71","message":"[VTVCM-Y2NW3] Configuration Read in Took: 00:00:00"}
2025-12-15T20:38:35+01:00	syslog.daemon.notice	{"host":"rc1","ident":"watchfrr","pid":"37","message":"[QDG3Y-BY5TN] zebra state -> up : connect succeeded"}
2025-12-15T20:38:35+01:00	syslog.daemon.notice	{"host":"rc1","ident":"watchfrr","pid":"37","message":"[QDG3Y-BY5TN] bgpd state -> up : connect succeeded"}
2025-12-15T20:38:35+01:00	syslog.daemon.notice	{"host":"rc1","ident":"watchfrr","pid":"37","message":"[QDG3Y-BY5TN] ospfd state -> up : connect succeeded"}
2025-12-15T20:38:35+01:00	syslog.daemon.notice	{"host":"rc1","ident":"watchfrr","pid":"37","message":"[QDG3Y-BY5TN] staticd state -> up : connect succeeded"}
2025-12-15T20:38:35+01:00	syslog.daemon.notice	{"host":"rc1","ident":"watchfrr","pid":"37","message":"[KWE5Q-QNGFC] all daemons up, doing startup-complete notify"}
2025-12-15T20:38:35+01:00	syslog.kern.info	{"host":"rc1","ident":"kernel","message":"br-04a6aeaf1350: port 2(vethd329294) entered blocking state"}
2025-12-15T20:38:35+01:00	syslog.kern.info	{"host":"rc1","ident":"kernel","message":"br-04a6aeaf1350: port 2(vethd329294) entered disabled state"}
2025-12-15T20:38:35+01:00	syslog.kern.info	{"host":"rc1","ident":"kernel","message":"vethd329294: entered allmulticast mode"}
2025-12-15T20:38:35+01:00	syslog.kern.info	{"host":"rc1","ident":"kernel","message":"vethd329294: entered promiscuous mode"}
2025-12-15T20:38:35+01:00	syslog.kern.info	{"host":"rc1","ident":"kernel","message":"eth0: renamed from veth88db09e"}
2025-12-15T20:38:35+01:00	syslog.kern.info	{"host":"rc1","ident":"kernel","message":"br-04a6aeaf1350: port 2(vethd329294) entered blocking state"}
2025-12-15T20:38:35+01:00	syslog.kern.info	{"host":"rc1","ident":"kernel","message":"br-04a6aeaf1350: port 2(vethd329294) entered forwarding state"}
2025-12-15T20:38:35+01:00	syslog.kern.info	{"host":"rc1","ident":"kernel","message":"br-c29fcbb0b2ca: port 2(veth8df75d9) entered blocking state"}
2025-12-15T20:38:35+01:00	syslog.kern.info	{"host":"rc1","ident":"kernel","message":"br-c29fcbb0b2ca: port 2(veth8df75d9) entered disabled state"}
2025-12-15T20:38:35+01:00	syslog.kern.info	{"host":"rc1","ident":"kernel","message":"veth8df75d9: entered allmulticast mode"}
2025-12-15T20:38:35+01:00	syslog.kern.info	{"host":"rc1","ident":"kernel","message":"veth8df75d9: entered promiscuous mode"}
2025-12-15T20:38:35+01:00	syslog.kern.info	{"host":"rc1","ident":"kernel","message":"eth0: renamed from veth5397782"}
2025-12-15T20:38:35+01:00	syslog.kern.info	{"host":"rc1","ident":"kernel","message":"br-c29fcbb0b2ca: port 2(veth8df75d9) entered blocking state"}
2025-12-15T20:38:35+01:00	syslog.kern.info	{"host":"rc1","ident":"kernel","message":"br-c29fcbb0b2ca: port 2(veth8df75d9) entered forwarding state"}
2025-12-15T20:38:35+01:00	syslog.kern.info	{"host":"rc1","ident":"kernel","message":"br-b811df8a9a24: port 2(veth475b80d) entered blocking state"}
2025-12-15T20:38:35+01:00	syslog.kern.info	{"host":"rc1","ident":"kernel","message":"br-b811df8a9a24: port 2(veth475b80d) entered disabled state"}
2025-12-15T20:38:35+01:00	syslog.kern.info	{"host":"rc1","ident":"kernel","message":"veth475b80d: entered allmulticast mode"}
2025-12-15T20:38:35+01:00	syslog.kern.info	{"host":"rc1","ident":"kernel","message":"veth475b80d: entered promiscuous mode"}
2025-12-15T20:38:35+01:00	syslog.kern.info	{"host":"rc1","ident":"kernel","message":"br-a670d5e29a5c: port 2(veth0e251fe) entered blocking state"}
2025-12-15T20:38:35+01:00	syslog.kern.info	{"host":"rc1","ident":"kernel","message":"br-a670d5e29a5c: port 2(veth0e251fe) entered disabled state"}
2025-12-15T20:38:35+01:00	syslog.kern.info	{"host":"rc1","ident":"kernel","message":"veth0e251fe: entered allmulticast mode"}
2025-12-15T20:38:35+01:00	syslog.kern.info	{"host":"rc1","ident":"kernel","message":"veth0e251fe: entered promiscuous mode"}
2025-12-15T20:38:35+01:00	syslog.kern.info	{"host":"rc1","ident":"kernel","message":"eth0: renamed from veth3c6e9d2"}
2025-12-15T20:38:35+01:00	syslog.kern.info	{"host":"rc1","ident":"kernel","message":"br-b811df8a9a24: port 2(veth475b80d) entered blocking state"}
2025-12-15T20:38:35+01:00	syslog.kern.info	{"host":"rc1","ident":"kernel","message":"br-b811df8a9a24: port 2(veth475b80d) entered forwarding state"}
2025-12-15T20:38:35+01:00	syslog.kern.info	{"host":"rc1","ident":"kernel","message":"eth0: renamed from vethf54cdfc"}
2025-12-15T20:38:35+01:00	syslog.kern.info	{"host":"rc1","ident":"kernel","message":"br-a670d5e29a5c: port 2(veth0e251fe) entered blocking state"}
2025-12-15T20:38:35+01:00	syslog.kern.info	{"host":"rc1","ident":"kernel","message":"br-a670d5e29a5c: port 2(veth0e251fe) entered forwarding state"}
2025-12-15T20:38:57+01:00	syslog.kern.info	{"host":"rc1","ident":"kernel","message":"wlp0s20f3: disconnect from AP 54:33:c6:c1:9c:31 for new auth to c8:78:67:85:03:11"}
2025-12-15T20:38:57+01:00	syslog.kern.info	{"host":"rc1","ident":"kernel","message":"wlp0s20f3: authenticate with c8:78:67:85:03:11 (local address=ac:74:b1:87:bc:52)"}
2025-12-15T20:38:57+01:00	syslog.kern.info	{"host":"rc1","ident":"kernel","message":"wlp0s20f3: send auth to c8:78:67:85:03:11 (try 1/3)"}
2025-12-15T20:38:57+01:00	syslog.kern.info	{"host":"rc1","ident":"kernel","message":"wlp0s20f3: authenticated"}
2025-12-15T20:38:57+01:00	syslog.kern.info	{"host":"rc1","ident":"kernel","message":"wlp0s20f3: associate with c8:78:67:85:03:11 (try 1/3)"}
2025-12-15T20:38:57+01:00	syslog.kern.info	{"host":"rc1","ident":"kernel","message":"wlp0s20f3: RX ReassocResp from c8:78:67:85:03:11 (capab=0x1011 status=0 aid=57)"}
2025-12-15T20:38:57+01:00	syslog.kern.info	{"host":"rc1","ident":"kernel","message":"wlp0s20f3: associated"}
2025-12-15T20:39:17+01:00	syslog.kern.notice	{"host":"rc1","ident":"kernel","message":"audit: type=1400 audit(1765827557.111:452): apparmor=\"DENIED\" operation=\"open\" class=\"file\" profile=\"snap.firefox.firefox\" name=\"/proc/pressure/memory\" pid=7690 comm=\"MemoryPoller\" requested_mask=\"r\" denied_mask=\"r\" fsuid=1000 ouid=0"}
2025-12-15T20:39:20+01:00	syslog.daemon.info	{"host":"rc1","ident":"ospfd","pid":"68","message":"[S5PCG-77H23] Packet[DD]: Neighbor 10.3.0.3 Negotiation done (Master)."}
2025-12-15T20:39:22+01:00	syslog.kern.notice	{"host":"rc1","ident":"kernel","message":"audit: type=1400 audit(1765827562.112:453): apparmor=\"DENIED\" operation=\"open\" class=\"file\" profile=\"snap.firefox.firefox\" name=\"/proc/pressure/memory\" pid=7690 comm=\"MemoryPoller\" requested_mask=\"r\" denied_mask=\"r\" fsuid=1000 ouid=0"}
2025-12-15T20:39:27+01:00	syslog.kern.notice	{"host":"rc1","ident":"kernel","message":"audit: type=1400 audit(1765827567.266:454): apparmor=\"DENIED\" operation=\"open\" class=\"file\" profile=\"snap.firefox.firefox\" name=\"/proc/pressure/memory\" pid=7690 comm=\"MemoryPoller\" requested_mask=\"r\" denied_mask=\"r\" fsuid=1000 ouid=0"}
2025-12-15T20:39:31+01:00	syslog.kern.info	{"host":"rc1","ident":"kernel","message":"wlp0s20f3: disconnect from AP c8:78:67:85:03:11 for new auth to 54:33:c6:c1:9c:31"}
2025-12-15T20:39:31+01:00	syslog.kern.info	{"host":"rc1","ident":"kernel","message":"wlp0s20f3: authenticate with 54:33:c6:c1:9c:31 (local address=ac:74:b1:87:bc:52)"}
2025-12-15T20:39:31+01:00	syslog.kern.info	{"host":"rc1","ident":"kernel","message":"wlp0s20f3: send auth to 54:33:c6:c1:9c:31 (try 1/3)"}
2025-12-15T20:39:31+01:00	syslog.kern.info	{"host":"rc1","ident":"kernel","message":"wlp0s20f3: authenticated"}
2025-12-15T20:39:31+01:00	syslog.kern.info	{"host":"rc1","ident":"kernel","message":"wlp0s20f3: associate with 54:33:c6:c1:9c:31 (try 1/3)"}
2025-12-15T20:39:31+01:00	syslog.kern.info	{"host":"rc1","ident":"kernel","message":"wlp0s20f3: RX ReassocResp from 54:33:c6:c1:9c:31 (capab=0x1011 status=0 aid=63)"}
2025-12-15T20:39:31+01:00	syslog.kern.info	{"host":"rc1","ident":"kernel","message":"wlp0s20f3: associated"}
2025-12-15T20:39:32+01:00	syslog.kern.notice	{"host":"rc1","ident":"kernel","message":"audit: type=1400 audit(1765827572.267:455): apparmor=\"DENIED\" operation=\"open\" class=\"file\" profile=\"snap.firefox.firefox\" name=\"/proc/pressure/memory\" pid=7690 comm=\"MemoryPoller\" requested_mask=\"r\" denied_mask=\"r\" fsuid=1000 ouid=0"}
2025-12-15T20:39:35+01:00	syslog.syslog.notice	{"host":"rc1","ident":"syslog-ng","pid":"16","message":"Syslog connection established; fd='27', server='AF_INET(10.100.0.3:5140)', local='AF_INET(0.0.0.0:0)'"}
2025-12-15T20:39:37+01:00	syslog.kern.notice	{"host":"rc1","ident":"kernel","message":"audit: type=1400 audit(1765827577.268:456): apparmor=\"DENIED\" operation=\"open\" class=\"file\" profile=\"snap.firefox.firefox\" name=\"/proc/pressure/memory\" pid=7690 comm=\"MemoryPoller\" requested_mask=\"r\" denied_mask=\"r\" fsuid=1000 ouid=0"}
2025-12-15T20:39:42+01:00	syslog.kern.notice	{"host":"rc1","ident":"kernel","message":"audit: type=1400 audit(1765827582.269:457): apparmor=\"DENIED\" operation=\"open\" class=\"file\" profile=\"snap.firefox.firefox\" name=\"/proc/pressure/memory\" pid=7690 comm=\"MemoryPoller\" requested_mask=\"r\" denied_mask=\"r\" fsuid=1000 ouid=0"}
2025-12-15T20:38:35+01:00	syslog.syslog.notice	{"host":"rc2","ident":"syslog-ng","pid":"17","message":"syslog-ng starting up; version='3.35.1'"}
2025-12-15T20:38:35+01:00	syslog.daemon.notice	{"host":"rc2","ident":"watchfrr","pid":"37","message":"[T83RR-8SM5G] watchfrr 8.1 starting: vty@0"}
2025-12-15T20:38:35+01:00	syslog.daemon.info	{"host":"rc2","ident":"watchfrr","pid":"37","message":"[ZCJ3S-SPH5S] zebra state -> down : initial connection attempt failed"}
2025-12-15T20:38:35+01:00	syslog.daemon.info	{"host":"rc2","ident":"watchfrr","pid":"37","message":"[ZCJ3S-SPH5S] bgpd state -> down : initial connection attempt failed"}
2025-12-15T20:38:35+01:00	syslog.daemon.info	{"host":"rc2","ident":"watchfrr","pid":"37","message":"[ZCJ3S-SPH5S] ospfd state -> down : initial connection attempt failed"}
2025-12-15T20:38:35+01:00	syslog.daemon.info	{"host":"rc2","ident":"watchfrr","pid":"37","message":"[ZCJ3S-SPH5S] staticd state -> down : initial connection attempt failed"}
2025-12-15T20:38:35+01:00	syslog.daemon.info	{"host":"rc2","ident":"watchfrr","pid":"37","message":"[YFT0P-5Q5YX] Forked background command [pid 38]: /usr/lib/frr/watchfrr.sh restart all"}
2025-12-15T20:38:35+01:00	syslog.daemon.err	{"host":"rc2","ident":"watchfrr.sh","pid":"48","message":"Cannot stop staticd: pid file not found"}
2025-12-15T20:38:35+01:00	syslog.daemon.err	{"host":"rc2","ident":"watchfrr.sh","pid":"50","message":"Cannot stop ospfd: pid file not found"}
2025-12-15T20:38:35+01:00	syslog.daemon.err	{"host":"rc2","ident":"watchfrr.sh","pid":"52","message":"Cannot stop bgpd: pid file not found"}
2025-12-15T20:38:35+01:00	syslog.daemon.err	{"host":"rc2","ident":"watchfrr.sh","pid":"54","message":"Cannot stop zebra: pid file not found"}
2025-12-15T20:38:35+01:00	syslog.kern.info	{"host":"rc2","ident":"kernel","message":"br-04a6aeaf1350: port 2(vethd329294) entered blocking state"}
2025-12-15T20:38:35+01:00	syslog.kern.info	{"host":"rc2","ident":"kernel","message":"br-04a6aeaf1350: port 2(vethd329294) entered disabled state"}
2025-12-15T20:38:35+01:00	syslog.kern.info	{"host":"rc2","ident":"kernel","message":"vethd329294: entered allmulticast mode"}
2025-12-15T20:38:35+01:00	syslog.kern.info	{"host":"rc2","ident":"kernel","message":"vethd329294: entered promiscuous mode"}
2025-12-15T20:38:35+01:00	syslog.kern.info	{"host":"rc2","ident":"kernel","message":"eth0: renamed from veth88db09e"}
2025-12-15T20:38:35+01:00	syslog.kern.info	{"host":"rc2","ident":"kernel","message":"br-04a6aeaf1350: port 2(vethd329294) entered blocking state"}
2025-12-15T20:38:35+01:00	syslog.kern.info	{"host":"rc2","ident":"kernel","message":"br-04a6aeaf1350: port 2(vethd329294) entered forwarding state"}
2025-12-15T20:38:35+01:00	syslog.kern.info	{"host":"rc2","ident":"kernel","message":"br-c29fcbb0b2ca: port 2(veth8df75d9) entered blocking state"}
2025-12-15T20:38:35+01:00	syslog.kern.info	{"host":"rc2","ident":"kernel","message":"br-c29fcbb0b2ca: port 2(veth8df75d9) entered disabled state"}
2025-12-15T20:38:35+01:00	syslog.kern.info	{"host":"rc2","ident":"kernel","message":"veth8df75d9: entered allmulticast mode"}
2025-12-15T20:38:35+01:00	syslog.kern.info	{"host":"rc2","ident":"kernel","message":"veth8df75d9: entered promiscuous mode"}
2025-12-15T20:38:35+01:00	syslog.kern.info	{"host":"rc2","ident":"kernel","message":"eth0: renamed from veth5397782"}
2025-12-15T20:38:35+01:00	syslog.kern.info	{"host":"rc2","ident":"kernel","message":"br-c29fcbb0b2ca: port 2(veth8df75d9) entered blocking state"}
2025-12-15T20:38:35+01:00	syslog.kern.info	{"host":"rc2","ident":"kernel","message":"br-c29fcbb0b2ca: port 2(veth8df75d9) entered forwarding state"}
2025-12-15T20:38:35+01:00	syslog.kern.info	{"host":"rc2","ident":"kernel","message":"br-b811df8a9a24: port 2(veth475b80d) entered blocking state"}
2025-12-15T20:38:35+01:00	syslog.kern.info	{"host":"rc2","ident":"kernel","message":"br-b811df8a9a24: port 2(veth475b80d) entered disabled state"}
2025-12-15T20:38:35+01:00	syslog.kern.info	{"host":"rc2","ident":"kernel","message":"veth475b80d: entered allmulticast mode"}
2025-12-15T20:38:35+01:00	syslog.kern.info	{"host":"rc2","ident":"kernel","message":"veth475b80d: entered promiscuous mode"}
2025-12-15T20:38:35+01:00	syslog.kern.info	{"host":"rc2","ident":"kernel","message":"br-a670d5e29a5c: port 2(veth0e251fe) entered blocking state"}
2025-12-15T20:38:35+01:00	syslog.kern.info	{"host":"rc2","ident":"kernel","message":"br-a670d5e29a5c: port 2(veth0e251fe) entered disabled state"}
2025-12-15T20:38:35+01:00	syslog.kern.info	{"host":"rc2","ident":"kernel","message":"veth0e251fe: entered allmulticast mode"}
2025-12-15T20:38:35+01:00	syslog.kern.info	{"host":"rc2","ident":"kernel","message":"veth0e251fe: entered promiscuous mode"}
2025-12-15T20:38:35+01:00	syslog.kern.info	{"host":"rc2","ident":"kernel","message":"eth0: renamed from veth3c6e9d2"}
2025-12-15T20:38:35+01:00	syslog.kern.info	{"host":"rc2","ident":"kernel","message":"br-b811df8a9a24: port 2(veth475b80d) entered blocking state"}
2025-12-15T20:38:35+01:00	syslog.kern.info	{"host":"rc2","ident":"kernel","message":"br-b811df8a9a24: port 2(veth475b80d) entered forwarding state"}
2025-12-15T20:38:35+01:00	syslog.kern.info	{"host":"rc2","ident":"kernel","message":"eth0: renamed from vethf54cdfc"}
2025-12-15T20:38:35+01:00	syslog.kern.info	{"host":"rc2","ident":"kernel","message":"br-a670d5e29a5c: port 2(veth0e251fe) entered blocking state"}
2025-12-15T20:38:35+01:00	syslog.kern.info	{"host":"rc2","ident":"kernel","message":"br-a670d5e29a5c: port 2(veth0e251fe) entered forwarding state"}
2025-12-15T20:38:35+01:00	syslog.daemon.info	{"host":"rc2","ident":"zebra","pid":"59","message":"[VTVCM-Y2NW3] Configuration Read in Took: 00:00:00"}
2025-12-15T20:38:35+01:00	syslog.daemon.info	{"host":"rc2","ident":"ospfd","pid":"71","message":"[VTVCM-Y2NW3] Configuration Read in Took: 00:00:00"}
2025-12-15T20:38:35+01:00	syslog.daemon.info	{"host":"rc2","ident":"bgpd","pid":"64","message":"[VTVCM-Y2NW3] Configuration Read in Took: 00:00:00"}
2025-12-15T20:38:35+01:00	syslog.daemon.info	{"host":"rc2","ident":"staticd","pid":"74","message":"[VTVCM-Y2NW3] Configuration Read in Took: 00:00:00"}
2025-12-15T20:38:35+01:00	syslog.daemon.notice	{"host":"rc2","ident":"watchfrr","pid":"37","message":"[QDG3Y-BY5TN] zebra state -> up : connect succeeded"}
2025-12-15T20:38:35+01:00	syslog.daemon.notice	{"host":"rc2","ident":"watchfrr","pid":"37","message":"[QDG3Y-BY5TN] bgpd state -> up : connect succeeded"}
2025-12-15T20:38:35+01:00	syslog.daemon.notice	{"host":"rc2","ident":"watchfrr","pid":"37","message":"[QDG3Y-BY5TN] ospfd state -> up : connect succeeded"}
2025-12-15T20:38:35+01:00	syslog.daemon.notice	{"host":"rc2","ident":"watchfrr","pid":"37","message":"[QDG3Y-BY5TN] staticd state -> up : connect succeeded"}
2025-12-15T20:38:35+01:00	syslog.daemon.notice	{"host":"rc2","ident":"watchfrr","pid":"37","message":"[KWE5Q-QNGFC] all daemons up, doing startup-complete notify"}
2025-12-15T20:38:57+01:00	syslog.kern.info	{"host":"rc2","ident":"kernel","message":"wlp0s20f3: disconnect from AP 54:33:c6:c1:9c:31 for new auth to c8:78:67:85:03:11"}
2025-12-15T20:38:57+01:00	syslog.kern.info	{"host":"rc2","ident":"kernel","message":"wlp0s20f3: authenticate with c8:78:67:85:03:11 (local address=ac:74:b1:87:bc:52)"}
2025-12-15T20:38:57+01:00	syslog.kern.info	{"host":"rc2","ident":"kernel","message":"wlp0s20f3: send auth to c8:78:67:85:03:11 (try 1/3)"}
2025-12-15T20:38:57+01:00	syslog.kern.info	{"host":"rc2","ident":"kernel","message":"wlp0s20f3: authenticated"}
2025-12-15T20:38:57+01:00	syslog.kern.info	{"host":"rc2","ident":"kernel","message":"wlp0s20f3: associate with c8:78:67:85:03:11 (try 1/3)"}
2025-12-15T20:38:57+01:00	syslog.kern.info	{"host":"rc2","ident":"kernel","message":"wlp0s20f3: RX ReassocResp from c8:78:67:85:03:11 (capab=0x1011 status=0 aid=57)"}
2025-12-15T20:38:57+01:00	syslog.kern.info	{"host":"rc2","ident":"kernel","message":"wlp0s20f3: associated"}
2025-12-15T20:39:17+01:00	syslog.kern.notice	{"host":"rc2","ident":"kernel","message":"audit: type=1400 audit(1765827557.111:452): apparmor=\"DENIED\" operation=\"open\" class=\"file\" profile=\"snap.firefox.firefox\" name=\"/proc/pressure/memory\" pid=7690 comm=\"MemoryPoller\" requested_mask=\"r\" denied_mask=\"r\" fsuid=1000 ouid=0"}
2025-12-15T20:39:20+01:00	syslog.daemon.info	{"host":"rc2","ident":"ospfd","pid":"71","message":"[S5PCG-77H23] Packet[DD]: Neighbor 10.2.0.4 Negotiation done (Master)."}
2025-12-15T20:39:22+01:00	syslog.kern.notice	{"host":"rc2","ident":"kernel","message":"audit: type=1400 audit(1765827562.112:453): apparmor=\"DENIED\" operation=\"open\" class=\"file\" profile=\"snap.firefox.firefox\" name=\"/proc/pressure/memory\" pid=7690 comm=\"MemoryPoller\" requested_mask=\"r\" denied_mask=\"r\" fsuid=1000 ouid=0"}
2025-12-15T20:39:27+01:00	syslog.kern.notice	{"host":"rc2","ident":"kernel","message":"audit: type=1400 audit(1765827567.266:454): apparmor=\"DENIED\" operation=\"open\" class=\"file\" profile=\"snap.firefox.firefox\" name=\"/proc/pressure/memory\" pid=7690 comm=\"MemoryPoller\" requested_mask=\"r\" denied_mask=\"r\" fsuid=1000 ouid=0"}
2025-12-15T20:39:31+01:00	syslog.kern.info	{"host":"rc2","ident":"kernel","message":"wlp0s20f3: disconnect from AP c8:78:67:85:03:11 for new auth to 54:33:c6:c1:9c:31"}
2025-12-15T20:39:31+01:00	syslog.kern.info	{"host":"rc2","ident":"kernel","message":"wlp0s20f3: authenticate with 54:33:c6:c1:9c:31 (local address=ac:74:b1:87:bc:52)"}
2025-12-15T20:39:31+01:00	syslog.kern.info	{"host":"rc2","ident":"kernel","message":"wlp0s20f3: send auth to 54:33:c6:c1:9c:31 (try 1/3)"}
2025-12-15T20:39:31+01:00	syslog.kern.info	{"host":"rc2","ident":"kernel","message":"wlp0s20f3: authenticated"}
2025-12-15T20:39:31+01:00	syslog.kern.info	{"host":"rc2","ident":"kernel","message":"wlp0s20f3: associate with 54:33:c6:c1:9c:31 (try 1/3)"}
2025-12-15T20:39:31+01:00	syslog.kern.info	{"host":"rc2","ident":"kernel","message":"wlp0s20f3: RX ReassocResp from 54:33:c6:c1:9c:31 (capab=0x1011 status=0 aid=63)"}
2025-12-15T20:39:31+01:00	syslog.kern.info	{"host":"rc2","ident":"kernel","message":"wlp0s20f3: associated"}
2025-12-15T20:39:32+01:00	syslog.kern.notice	{"host":"rc2","ident":"kernel","message":"audit: type=1400 audit(1765827572.267:455): apparmor=\"DENIED\" operation=\"open\" class=\"file\" profile=\"snap.firefox.firefox\" name=\"/proc/pressure/memory\" pid=7690 comm=\"MemoryPoller\" requested_mask=\"r\" denied_mask=\"r\" fsuid=1000 ouid=0"}
2025-12-15T20:39:37+01:00	syslog.kern.notice	{"host":"rc2","ident":"kernel","message":"audit: type=1400 audit(1765827577.268:456): apparmor=\"DENIED\" operation=\"open\" class=\"file\" profile=\"snap.firefox.firefox\" name=\"/proc/pressure/memory\" pid=7690 comm=\"MemoryPoller\" requested_mask=\"r\" denied_mask=\"r\" fsuid=1000 ouid=0"}
2025-12-15T20:39:42+01:00	syslog.kern.notice	{"host":"rc2","ident":"kernel","message":"audit: type=1400 audit(1765827582.269:457): apparmor=\"DENIED\" operation=\"open\" class=\"file\" profile=\"snap.firefox.firefox\" name=\"/proc/pressure/memory\" pid=7690 comm=\"MemoryPoller\" requested_mask=\"r\" denied_mask=\"r\" fsuid=1000 ouid=0"}
2025-12-15T20:39:43+01:00	syslog.syslog.notice	{"host":"rc2","ident":"syslog-ng","pid":"17","message":"Syslog connection established; fd='15', server='AF_INET(10.100.0.3:5140)', local='AF_INET(0.0.0.0:0)'"}
2025-12-15T20:38:35+01:00	syslog.syslog.notice	{"host":"rb","ident":"syslog-ng","pid":"17","message":"syslog-ng starting up; version='3.35.1'"}
2025-12-15T20:38:35+01:00	syslog.syslog.notice	{"host":"ra","ident":"syslog-ng","pid":"16","message":"syslog-ng starting up; version='3.35.1'"}
2025-12-15T20:38:35+01:00	syslog.daemon.notice	{"host":"ra","ident":"watchfrr","pid":"36","message":"[T83RR-8SM5G] watchfrr 8.1 starting: vty@0"}
2025-12-15T20:38:35+01:00	syslog.daemon.info	{"host":"ra","ident":"watchfrr","pid":"36","message":"[ZCJ3S-SPH5S] zebra state -> down : initial connection attempt failed"}
2025-12-15T20:38:35+01:00	syslog.daemon.info	{"host":"ra","ident":"watchfrr","pid":"36","message":"[ZCJ3S-SPH5S] bgpd state -> down : initial connection attempt failed"}
2025-12-15T20:38:35+01:00	syslog.daemon.info	{"host":"ra","ident":"watchfrr","pid":"36","message":"[ZCJ3S-SPH5S] ospfd state -> down : initial connection attempt failed"}
2025-12-15T20:38:35+01:00	syslog.daemon.info	{"host":"ra","ident":"watchfrr","pid":"36","message":"[ZCJ3S-SPH5S] staticd state -> down : initial connection attempt failed"}
2025-12-15T20:38:35+01:00	syslog.daemon.info	{"host":"ra","ident":"watchfrr","pid":"36","message":"[YFT0P-5Q5YX] Forked background command [pid 37]: /usr/lib/frr/watchfrr.sh restart all"}
2025-12-15T20:38:35+01:00	syslog.daemon.err	{"host":"ra","ident":"watchfrr.sh","pid":"53","message":"Cannot stop zebra: pid file not found"}
2025-12-15T20:38:35+01:00	syslog.daemon.err	{"host":"ra","ident":"watchfrr.sh","pid":"49","message":"Cannot stop ospfd: pid file not found"}
2025-12-15T20:38:35+01:00	syslog.daemon.err	{"host":"ra","ident":"watchfrr.sh","pid":"52","message":"Cannot stop bgpd: pid file not found"}
2025-12-15T20:38:35+01:00	syslog.daemon.err	{"host":"ra","ident":"watchfrr.sh","pid":"47","message":"Cannot stop staticd: pid file not found"}
2025-12-15T20:38:35+01:00	syslog.kern.info	{"host":"ra","ident":"kernel","message":"br-04a6aeaf1350: port 2(vethd329294) entered blocking state"}
2025-12-15T20:38:35+01:00	syslog.kern.info	{"host":"ra","ident":"kernel","message":"br-04a6aeaf1350: port 2(vethd329294) entered disabled state"}
2025-12-15T20:38:35+01:00	syslog.kern.info	{"host":"ra","ident":"kernel","message":"vethd329294: entered allmulticast mode"}
2025-12-15T20:38:35+01:00	syslog.kern.info	{"host":"ra","ident":"kernel","message":"vethd329294: entered promiscuous mode"}
2025-12-15T20:38:35+01:00	syslog.kern.info	{"host":"ra","ident":"kernel","message":"eth0: renamed from veth88db09e"}
2025-12-15T20:38:35+01:00	syslog.kern.info	{"host":"ra","ident":"kernel","message":"br-04a6aeaf1350: port 2(vethd329294) entered blocking state"}
2025-12-15T20:38:35+01:00	syslog.kern.info	{"host":"ra","ident":"kernel","message":"br-04a6aeaf1350: port 2(vethd329294) entered forwarding state"}
2025-12-15T20:38:35+01:00	syslog.kern.info	{"host":"ra","ident":"kernel","message":"br-c29fcbb0b2ca: port 2(veth8df75d9) entered blocking state"}
2025-12-15T20:38:35+01:00	syslog.kern.info	{"host":"ra","ident":"kernel","message":"br-c29fcbb0b2ca: port 2(veth8df75d9) entered disabled state"}
2025-12-15T20:38:35+01:00	syslog.kern.info	{"host":"ra","ident":"kernel","message":"veth8df75d9: entered allmulticast mode"}
2025-12-15T20:38:35+01:00	syslog.kern.info	{"host":"ra","ident":"kernel","message":"veth8df75d9: entered promiscuous mode"}
2025-12-15T20:38:35+01:00	syslog.kern.info	{"host":"ra","ident":"kernel","message":"eth0: renamed from veth5397782"}
2025-12-15T20:38:35+01:00	syslog.kern.info	{"host":"ra","ident":"kernel","message":"br-c29fcbb0b2ca: port 2(veth8df75d9) entered blocking state"}
2025-12-15T20:38:35+01:00	syslog.kern.info	{"host":"ra","ident":"kernel","message":"br-c29fcbb0b2ca: port 2(veth8df75d9) entered forwarding state"}
2025-12-15T20:38:35+01:00	syslog.kern.info	{"host":"ra","ident":"kernel","message":"br-b811df8a9a24: port 2(veth475b80d) entered blocking state"}
2025-12-15T20:38:35+01:00	syslog.kern.info	{"host":"ra","ident":"kernel","message":"br-b811df8a9a24: port 2(veth475b80d) entered disabled state"}
2025-12-15T20:38:35+01:00	syslog.kern.info	{"host":"ra","ident":"kernel","message":"veth475b80d: entered allmulticast mode"}
2025-12-15T20:38:35+01:00	syslog.kern.info	{"host":"ra","ident":"kernel","message":"veth475b80d: entered promiscuous mode"}
2025-12-15T20:38:35+01:00	syslog.kern.info	{"host":"ra","ident":"kernel","message":"br-a670d5e29a5c: port 2(veth0e251fe) entered blocking state"}
2025-12-15T20:38:35+01:00	syslog.kern.info	{"host":"ra","ident":"kernel","message":"br-a670d5e29a5c: port 2(veth0e251fe) entered disabled state"}
2025-12-15T20:38:35+01:00	syslog.kern.info	{"host":"ra","ident":"kernel","message":"veth0e251fe: entered allmulticast mode"}
2025-12-15T20:38:35+01:00	syslog.kern.info	{"host":"ra","ident":"kernel","message":"veth0e251fe: entered promiscuous mode"}
2025-12-15T20:38:35+01:00	syslog.kern.info	{"host":"ra","ident":"kernel","message":"eth0: renamed from veth3c6e9d2"}
2025-12-15T20:38:35+01:00	syslog.kern.info	{"host":"ra","ident":"kernel","message":"br-b811df8a9a24: port 2(veth475b80d) entered blocking state"}
2025-12-15T20:38:35+01:00	syslog.kern.info	{"host":"ra","ident":"kernel","message":"br-b811df8a9a24: port 2(veth475b80d) entered forwarding state"}
2025-12-15T20:38:35+01:00	syslog.kern.info	{"host":"ra","ident":"kernel","message":"eth0: renamed from vethf54cdfc"}
2025-12-15T20:38:35+01:00	syslog.kern.info	{"host":"ra","ident":"kernel","message":"br-a670d5e29a5c: port 2(veth0e251fe) entered blocking state"}
2025-12-15T20:38:35+01:00	syslog.kern.info	{"host":"ra","ident":"kernel","message":"br-a670d5e29a5c: port 2(veth0e251fe) entered forwarding state"}
2025-12-15T20:38:35+01:00	syslog.daemon.info	{"host":"ra","ident":"zebra","pid":"56","message":"[VTVCM-Y2NW3] Configuration Read in Took: 00:00:00"}
2025-12-15T20:38:35+01:00	syslog.daemon.info	{"host":"ra","ident":"ospfd","pid":"68","message":"[VTVCM-Y2NW3] Configuration Read in Took: 00:00:00"}
2025-12-15T20:38:35+01:00	syslog.daemon.info	{"host":"ra","ident":"bgpd","pid":"61","message":"[VTVCM-Y2NW3] Configuration Read in Took: 00:00:00"}
2025-12-15T20:38:35+01:00	syslog.daemon.info	{"host":"ra","ident":"staticd","pid":"71","message":"[VTVCM-Y2NW3] Configuration Read in Took: 00:00:00"}
2025-12-15T20:38:35+01:00	syslog.daemon.notice	{"host":"ra","ident":"watchfrr","pid":"36","message":"[QDG3Y-BY5TN] zebra state -> up : connect succeeded"}
2025-12-15T20:38:35+01:00	syslog.daemon.notice	{"host":"ra","ident":"watchfrr","pid":"36","message":"[QDG3Y-BY5TN] bgpd state -> up : connect succeeded"}
2025-12-15T20:38:35+01:00	syslog.daemon.notice	{"host":"ra","ident":"watchfrr","pid":"36","message":"[QDG3Y-BY5TN] ospfd state -> up : connect succeeded"}
2025-12-15T20:38:35+01:00	syslog.daemon.notice	{"host":"ra","ident":"watchfrr","pid":"36","message":"[QDG3Y-BY5TN] staticd state -> up : connect succeeded"}
2025-12-15T20:38:35+01:00	syslog.daemon.notice	{"host":"ra","ident":"watchfrr","pid":"36","message":"[KWE5Q-QNGFC] all daemons up, doing startup-complete notify"}
2025-12-15T20:38:57+01:00	syslog.kern.info	{"host":"ra","ident":"kernel","message":"wlp0s20f3: disconnect from AP 54:33:c6:c1:9c:31 for new auth to c8:78:67:85:03:11"}
2025-12-15T20:38:57+01:00	syslog.kern.info	{"host":"ra","ident":"kernel","message":"wlp0s20f3: authenticate with c8:78:67:85:03:11 (local address=ac:74:b1:87:bc:52)"}
2025-12-15T20:38:57+01:00	syslog.kern.info	{"host":"ra","ident":"kernel","message":"wlp0s20f3: send auth to c8:78:67:85:03:11 (try 1/3)"}
2025-12-15T20:38:57+01:00	syslog.kern.info	{"host":"ra","ident":"kernel","message":"wlp0s20f3: authenticated"}
2025-12-15T20:38:57+01:00	syslog.kern.info	{"host":"ra","ident":"kernel","message":"wlp0s20f3: associate with c8:78:67:85:03:11 (try 1/3)"}
2025-12-15T20:38:57+01:00	syslog.kern.info	{"host":"ra","ident":"kernel","message":"wlp0s20f3: RX ReassocResp from c8:78:67:85:03:11 (capab=0x1011 status=0 aid=57)"}
2025-12-15T20:38:57+01:00	syslog.kern.info	{"host":"ra","ident":"kernel","message":"wlp0s20f3: associated"}
2025-12-15T20:39:17+01:00	syslog.kern.notice	{"host":"ra","ident":"kernel","message":"audit: type=1400 audit(1765827557.111:452): apparmor=\"DENIED\" operation=\"open\" class=\"file\" profile=\"snap.firefox.firefox\" name=\"/proc/pressure/memory\" pid=7690 comm=\"MemoryPoller\" requested_mask=\"r\" denied_mask=\"r\" fsuid=1000 ouid=0"}
2025-12-15T20:39:22+01:00	syslog.kern.notice	{"host":"ra","ident":"kernel","message":"audit: type=1400 audit(1765827562.112:453): apparmor=\"DENIED\" operation=\"open\" class=\"file\" profile=\"snap.firefox.firefox\" name=\"/proc/pressure/memory\" pid=7690 comm=\"MemoryPoller\" requested_mask=\"r\" denied_mask=\"r\" fsuid=1000 ouid=0"}
2025-12-15T20:39:27+01:00	syslog.kern.notice	{"host":"ra","ident":"kernel","message":"audit: type=1400 audit(1765827567.266:454): apparmor=\"DENIED\" operation=\"open\" class=\"file\" profile=\"snap.firefox.firefox\" name=\"/proc/pressure/memory\" pid=7690 comm=\"MemoryPoller\" requested_mask=\"r\" denied_mask=\"r\" fsuid=1000 ouid=0"}
2025-12-15T20:39:31+01:00	syslog.kern.info	{"host":"ra","ident":"kernel","message":"wlp0s20f3: disconnect from AP c8:78:67:85:03:11 for new auth to 54:33:c6:c1:9c:31"}
2025-12-15T20:39:31+01:00	syslog.kern.info	{"host":"ra","ident":"kernel","message":"wlp0s20f3: authenticate with 54:33:c6:c1:9c:31 (local address=ac:74:b1:87:bc:52)"}
2025-12-15T20:39:31+01:00	syslog.kern.info	{"host":"ra","ident":"kernel","message":"wlp0s20f3: send auth to 54:33:c6:c1:9c:31 (try 1/3)"}
2025-12-15T20:39:31+01:00	syslog.kern.info	{"host":"ra","ident":"kernel","message":"wlp0s20f3: authenticated"}
2025-12-15T20:39:31+01:00	syslog.kern.info	{"host":"ra","ident":"kernel","message":"wlp0s20f3: associate with 54:33:c6:c1:9c:31 (try 1/3)"}
2025-12-15T20:39:31+01:00	syslog.kern.info	{"host":"ra","ident":"kernel","message":"wlp0s20f3: RX ReassocResp from 54:33:c6:c1:9c:31 (capab=0x1011 status=0 aid=63)"}
2025-12-15T20:38:35+01:00	syslog.daemon.notice	{"host":"rb","ident":"watchfrr","pid":"37","message":"[T83RR-8SM5G] watchfrr 8.1 starting: vty@0"}
2025-12-15T20:38:35+01:00	syslog.daemon.info	{"host":"rb","ident":"watchfrr","pid":"37","message":"[ZCJ3S-SPH5S] zebra state -> down : initial connection attempt failed"}
2025-12-15T20:38:35+01:00	syslog.daemon.info	{"host":"rb","ident":"watchfrr","pid":"37","message":"[ZCJ3S-SPH5S] bgpd state -> down : initial connection attempt failed"}
2025-12-15T20:38:35+01:00	syslog.daemon.info	{"host":"rb","ident":"watchfrr","pid":"37","message":"[ZCJ3S-SPH5S] ospfd state -> down : initial connection attempt failed"}
2025-12-15T20:38:35+01:00	syslog.daemon.info	{"host":"rb","ident":"watchfrr","pid":"37","message":"[ZCJ3S-SPH5S] staticd state -> down : initial connection attempt failed"}
2025-12-15T20:38:35+01:00	syslog.daemon.info	{"host":"rb","ident":"watchfrr","pid":"37","message":"[YFT0P-5Q5YX] Forked background command [pid 38]: /usr/lib/frr/watchfrr.sh restart all"}
2025-12-15T20:38:35+01:00	syslog.daemon.err	{"host":"rb","ident":"watchfrr.sh","pid":"50","message":"Cannot stop staticd: pid file not found"}
2025-12-15T20:38:35+01:00	syslog.daemon.err	{"host":"rb","ident":"watchfrr.sh","pid":"54","message":"Cannot stop bgpd: pid file not found"}
2025-12-15T20:38:35+01:00	syslog.daemon.err	{"host":"rb","ident":"watchfrr.sh","pid":"56","message":"Cannot stop zebra: pid file not found"}
2025-12-15T20:38:35+01:00	syslog.daemon.err	{"host":"rb","ident":"watchfrr.sh","pid":"52","message":"Cannot stop ospfd: pid file not found"}
2025-12-15T20:38:35+01:00	syslog.kern.info	{"host":"rb","ident":"kernel","message":"br-04a6aeaf1350: port 2(vethd329294) entered blocking state"}
2025-12-15T20:38:35+01:00	syslog.kern.info	{"host":"rb","ident":"kernel","message":"br-04a6aeaf1350: port 2(vethd329294) entered disabled state"}
2025-12-15T20:38:35+01:00	syslog.kern.info	{"host":"rb","ident":"kernel","message":"vethd329294: entered allmulticast mode"}
2025-12-15T20:38:35+01:00	syslog.kern.info	{"host":"rb","ident":"kernel","message":"vethd329294: entered promiscuous mode"}
2025-12-15T20:38:35+01:00	syslog.kern.info	{"host":"rb","ident":"kernel","message":"eth0: renamed from veth88db09e"}
2025-12-15T20:38:35+01:00	syslog.kern.info	{"host":"rb","ident":"kernel","message":"br-04a6aeaf1350: port 2(vethd329294) entered blocking state"}
2025-12-15T20:38:35+01:00	syslog.kern.info	{"host":"rb","ident":"kernel","message":"br-04a6aeaf1350: port 2(vethd329294) entered forwarding state"}
2025-12-15T20:38:35+01:00	syslog.kern.info	{"host":"rb","ident":"kernel","message":"br-c29fcbb0b2ca: port 2(veth8df75d9) entered blocking state"}
2025-12-15T20:38:35+01:00	syslog.kern.info	{"host":"rb","ident":"kernel","message":"br-c29fcbb0b2ca: port 2(veth8df75d9) entered disabled state"}
2025-12-15T20:38:35+01:00	syslog.kern.info	{"host":"rb","ident":"kernel","message":"veth8df75d9: entered allmulticast mode"}
2025-12-15T20:38:35+01:00	syslog.kern.info	{"host":"rb","ident":"kernel","message":"veth8df75d9: entered promiscuous mode"}
2025-12-15T20:38:35+01:00	syslog.kern.info	{"host":"rb","ident":"kernel","message":"eth0: renamed from veth5397782"}
2025-12-15T20:38:35+01:00	syslog.kern.info	{"host":"rb","ident":"kernel","message":"br-c29fcbb0b2ca: port 2(veth8df75d9) entered blocking state"}
2025-12-15T20:38:35+01:00	syslog.kern.info	{"host":"rb","ident":"kernel","message":"br-c29fcbb0b2ca: port 2(veth8df75d9) entered forwarding state"}
2025-12-15T20:38:35+01:00	syslog.kern.info	{"host":"rb","ident":"kernel","message":"br-b811df8a9a24: port 2(veth475b80d) entered blocking state"}
2025-12-15T20:38:35+01:00	syslog.kern.info	{"host":"rb","ident":"kernel","message":"br-b811df8a9a24: port 2(veth475b80d) entered disabled state"}
2025-12-15T20:38:35+01:00	syslog.kern.info	{"host":"rb","ident":"kernel","message":"veth475b80d: entered allmulticast mode"}
2025-12-15T20:38:35+01:00	syslog.kern.info	{"host":"rb","ident":"kernel","message":"veth475b80d: entered promiscuous mode"}
2025-12-15T20:38:35+01:00	syslog.kern.info	{"host":"rb","ident":"kernel","message":"br-a670d5e29a5c: port 2(veth0e251fe) entered blocking state"}
2025-12-15T20:38:35+01:00	syslog.kern.info	{"host":"rb","ident":"kernel","message":"br-a670d5e29a5c: port 2(veth0e251fe) entered disabled state"}
2025-12-15T20:38:35+01:00	syslog.kern.info	{"host":"rb","ident":"kernel","message":"veth0e251fe: entered allmulticast mode"}
2025-12-15T20:38:35+01:00	syslog.kern.info	{"host":"rb","ident":"kernel","message":"veth0e251fe: entered promiscuous mode"}
2025-12-15T20:38:35+01:00	syslog.kern.info	{"host":"rb","ident":"kernel","message":"eth0: renamed from veth3c6e9d2"}
2025-12-15T20:38:35+01:00	syslog.kern.info	{"host":"rb","ident":"kernel","message":"br-b811df8a9a24: port 2(veth475b80d) entered blocking state"}
2025-12-15T20:38:35+01:00	syslog.kern.info	{"host":"rb","ident":"kernel","message":"br-b811df8a9a24: port 2(veth475b80d) entered forwarding state"}
2025-12-15T20:38:35+01:00	syslog.kern.info	{"host":"rb","ident":"kernel","message":"eth0: renamed from vethf54cdfc"}
2025-12-15T20:38:35+01:00	syslog.kern.info	{"host":"rb","ident":"kernel","message":"br-a670d5e29a5c: port 2(veth0e251fe) entered blocking state"}
2025-12-15T20:38:35+01:00	syslog.kern.info	{"host":"rb","ident":"kernel","message":"br-a670d5e29a5c: port 2(veth0e251fe) entered forwarding state"}
2025-12-15T20:38:35+01:00	syslog.daemon.info	{"host":"rb","ident":"zebra","pid":"58","message":"[VTVCM-Y2NW3] Configuration Read in Took: 00:00:00"}
2025-12-15T20:38:35+01:00	syslog.daemon.info	{"host":"rb","ident":"ospfd","pid":"70","message":"[VTVCM-Y2NW3] Configuration Read in Took: 00:00:00"}
2025-12-15T20:38:35+01:00	syslog.daemon.info	{"host":"rb","ident":"bgpd","pid":"63","message":"[VTVCM-Y2NW3] Configuration Read in Took: 00:00:00"}
2025-12-15T20:38:35+01:00	syslog.daemon.info	{"host":"rb","ident":"staticd","pid":"73","message":"[VTVCM-Y2NW3] Configuration Read in Took: 00:00:00"}
2025-12-15T20:38:35+01:00	syslog.daemon.notice	{"host":"rb","ident":"watchfrr","pid":"37","message":"[QDG3Y-BY5TN] zebra state -> up : connect succeeded"}
2025-12-15T20:38:35+01:00	syslog.daemon.notice	{"host":"rb","ident":"watchfrr","pid":"37","message":"[QDG3Y-BY5TN] bgpd state -> up : connect succeeded"}
2025-12-15T20:38:35+01:00	syslog.daemon.notice	{"host":"rb","ident":"watchfrr","pid":"37","message":"[QDG3Y-BY5TN] ospfd state -> up : connect succeeded"}
2025-12-15T20:38:35+01:00	syslog.daemon.notice	{"host":"rb","ident":"watchfrr","pid":"37","message":"[QDG3Y-BY5TN] staticd state -> up : connect succeeded"}
2025-12-15T20:38:35+01:00	syslog.daemon.notice	{"host":"rb","ident":"watchfrr","pid":"37","message":"[KWE5Q-QNGFC] all daemons up, doing startup-complete notify"}
2025-12-15T20:38:57+01:00	syslog.kern.info	{"host":"rb","ident":"kernel","message":"wlp0s20f3: disconnect from AP 54:33:c6:c1:9c:31 for new auth to c8:78:67:85:03:11"}
2025-12-15T20:38:57+01:00	syslog.kern.info	{"host":"rb","ident":"kernel","message":"wlp0s20f3: authenticate with c8:78:67:85:03:11 (local address=ac:74:b1:87:bc:52)"}
2025-12-15T20:38:57+01:00	syslog.kern.info	{"host":"rb","ident":"kernel","message":"wlp0s20f3: send auth to c8:78:67:85:03:11 (try 1/3)"}
2025-12-15T20:38:57+01:00	syslog.kern.info	{"host":"rb","ident":"kernel","message":"wlp0s20f3: authenticated"}
2025-12-15T20:38:57+01:00	syslog.kern.info	{"host":"rb","ident":"kernel","message":"wlp0s20f3: associate with c8:78:67:85:03:11 (try 1/3)"}
2025-12-15T20:38:57+01:00	syslog.kern.info	{"host":"rb","ident":"kernel","message":"wlp0s20f3: RX ReassocResp from c8:78:67:85:03:11 (capab=0x1011 status=0 aid=57)"}
2025-12-15T20:38:57+01:00	syslog.kern.info	{"host":"rb","ident":"kernel","message":"wlp0s20f3: associated"}
2025-12-15T20:39:16+01:00	syslog.daemon.info	{"host":"rb","ident":"ospfd","pid":"70","message":"[S5PCG-77H23] Packet[DD]: Neighbor 10.3.0.3 Negotiation done (Master)."}
2025-12-15T20:39:17+01:00	syslog.kern.notice	{"host":"rb","ident":"kernel","message":"audit: type=1400 audit(1765827557.111:452): apparmor=\"DENIED\" operation=\"open\" class=\"file\" profile=\"snap.firefox.firefox\" name=\"/proc/pressure/memory\" pid=7690 comm=\"MemoryPoller\" requested_mask=\"r\" denied_mask=\"r\" fsuid=1000 ouid=0"}
2025-12-15T20:39:22+01:00	syslog.kern.notice	{"host":"rb","ident":"kernel","message":"audit: type=1400 audit(1765827562.112:453): apparmor=\"DENIED\" operation=\"open\" class=\"file\" profile=\"snap.firefox.firefox\" name=\"/proc/pressure/memory\" pid=7690 comm=\"MemoryPoller\" requested_mask=\"r\" denied_mask=\"r\" fsuid=1000 ouid=0"}
2025-12-15T20:39:27+01:00	syslog.kern.notice	{"host":"rb","ident":"kernel","message":"audit: type=1400 audit(1765827567.266:454): apparmor=\"DENIED\" operation=\"open\" class=\"file\" profile=\"snap.firefox.firefox\" name=\"/proc/pressure/memory\" pid=7690 comm=\"MemoryPoller\" requested_mask=\"r\" denied_mask=\"r\" fsuid=1000 ouid=0"}
2025-12-15T20:39:31+01:00	syslog.kern.info	{"host":"rb","ident":"kernel","message":"wlp0s20f3: disconnect from AP c8:78:67:85:03:11 for new auth to 54:33:c6:c1:9c:31"}
2025-12-15T20:39:31+01:00	syslog.kern.info	{"host":"rb","ident":"kernel","message":"wlp0s20f3: authenticate with 54:33:c6:c1:9c:31 (local address=ac:74:b1:87:bc:52)"}
2025-12-15T20:39:31+01:00	syslog.kern.info	{"host":"rb","ident":"kernel","message":"wlp0s20f3: send auth to 54:33:c6:c1:9c:31 (try 1/3)"}
2025-12-15T20:39:31+01:00	syslog.kern.info	{"host":"rb","ident":"kernel","message":"wlp0s20f3: authenticated"}
2025-12-15T20:39:31+01:00	syslog.kern.info	{"host":"rb","ident":"kernel","message":"wlp0s20f3: associate with 54:33:c6:c1:9c:31 (try 1/3)"}
2025-12-15T20:39:31+01:00	syslog.kern.info	{"host":"ra","ident":"kernel","message":"wlp0s20f3: associated"}
2025-12-15T20:39:32+01:00	syslog.kern.notice	{"host":"ra","ident":"kernel","message":"audit: type=1400 audit(1765827572.267:455): apparmor=\"DENIED\" operation=\"open\" class=\"file\" profile=\"snap.firefox.firefox\" name=\"/proc/pressure/memory\" pid=7690 comm=\"MemoryPoller\" requested_mask=\"r\" denied_mask=\"r\" fsuid=1000 ouid=0"}
2025-12-15T20:39:37+01:00	syslog.kern.notice	{"host":"ra","ident":"kernel","message":"audit: type=1400 audit(1765827577.268:456): apparmor=\"DENIED\" operation=\"open\" class=\"file\" profile=\"snap.firefox.firefox\" name=\"/proc/pressure/memory\" pid=7690 comm=\"MemoryPoller\" requested_mask=\"r\" denied_mask=\"r\" fsuid=1000 ouid=0"}
2025-12-15T20:39:42+01:00	syslog.kern.notice	{"host":"ra","ident":"kernel","message":"audit: type=1400 audit(1765827582.269:457): apparmor=\"DENIED\" operation=\"open\" class=\"file\" profile=\"snap.firefox.firefox\" name=\"/proc/pressure/memory\" pid=7690 comm=\"MemoryPoller\" requested_mask=\"r\" denied_mask=\"r\" fsuid=1000 ouid=0"}
2025-12-15T20:39:43+01:00	syslog.syslog.notice	{"host":"ra","ident":"syslog-ng","pid":"16","message":"Syslog connection established; fd='15', server='AF_INET(10.100.0.3:5140)', local='AF_INET(0.0.0.0:0)'"}
2025-12-15T20:39:31+01:00	syslog.kern.info	{"host":"rb","ident":"kernel","message":"wlp0s20f3: RX ReassocResp from 54:33:c6:c1:9c:31 (capab=0x1011 status=0 aid=63)"}
2025-12-15T20:39:31+01:00	syslog.kern.info	{"host":"rb","ident":"kernel","message":"wlp0s20f3: associated"}
2025-12-15T20:39:32+01:00	syslog.kern.notice	{"host":"rb","ident":"kernel","message":"audit: type=1400 audit(1765827572.267:455): apparmor=\"DENIED\" operation=\"open\" class=\"file\" profile=\"snap.firefox.firefox\" name=\"/proc/pressure/memory\" pid=7690 comm=\"MemoryPoller\" requested_mask=\"r\" denied_mask=\"r\" fsuid=1000 ouid=0"}
2025-12-15T20:39:37+01:00	syslog.kern.notice	{"host":"rb","ident":"kernel","message":"audit: type=1400 audit(1765827577.268:456): apparmor=\"DENIED\" operation=\"open\" class=\"file\" profile=\"snap.firefox.firefox\" name=\"/proc/pressure/memory\" pid=7690 comm=\"MemoryPoller\" requested_mask=\"r\" denied_mask=\"r\" fsuid=1000 ouid=0"}
2025-12-15T20:39:42+01:00	syslog.kern.notice	{"host":"rb","ident":"kernel","message":"audit: type=1400 audit(1765827582.269:457): apparmor=\"DENIED\" operation=\"open\" class=\"file\" profile=\"snap.firefox.firefox\" name=\"/proc/pressure/memory\" pid=7690 comm=\"MemoryPoller\" requested_mask=\"r\" denied_mask=\"r\" fsuid=1000 ouid=0"}
2025-12-15T20:39:43+01:00	syslog.syslog.notice	{"host":"rb","ident":"syslog-ng","pid":"17","message":"Syslog connection established; fd='15', server='AF_INET(10.100.0.3:5140)', local='AF_INET(0.0.0.0:0)'"}
2025-12-15T20:39:47+01:00	syslog.kern.notice	{"host":"ra","ident":"kernel","message":"audit: type=1400 audit(1765827587.269:458): apparmor=\"DENIED\" operation=\"open\" class=\"file\" profile=\"snap.firefox.firefox\" name=\"/proc/pressure/memory\" pid=7690 comm=\"MemoryPoller\" requested_mask=\"r\" denied_mask=\"r\" fsuid=1000 ouid=0"}
2025-12-15T20:39:47+01:00	syslog.kern.notice	{"host":"rc2","ident":"kernel","message":"audit: type=1400 audit(1765827587.269:458): apparmor=\"DENIED\" operation=\"open\" class=\"file\" profile=\"snap.firefox.firefox\" name=\"/proc/pressure/memory\" pid=7690 comm=\"MemoryPoller\" requested_mask=\"r\" denied_mask=\"r\" fsuid=1000 ouid=0"}
2025-12-15T20:39:47+01:00	syslog.kern.notice	{"host":"rc1","ident":"kernel","message":"audit: type=1400 audit(1765827587.269:458): apparmor=\"DENIED\" operation=\"open\" class=\"file\" profile=\"snap.firefox.firefox\" name=\"/proc/pressure/memory\" pid=7690 comm=\"MemoryPoller\" requested_mask=\"r\" denied_mask=\"r\" fsuid=1000 ouid=0"}
2025-12-15T20:39:47+01:00	syslog.kern.notice	{"host":"rb","ident":"kernel","message":"audit: type=1400 audit(1765827587.269:458): apparmor=\"DENIED\" operation=\"open\" class=\"file\" profile=\"snap.firefox.firefox\" name=\"/proc/pressure/memory\" pid=7690 comm=\"MemoryPoller\" requested_mask=\"r\" denied_mask=\"r\" fsuid=1000 ouid=0"}
2025-12-15T20:39:52+01:00	syslog.kern.notice	{"host":"rb","ident":"kernel","message":"audit: type=1400 audit(1765827592.270:459): apparmor=\"DENIED\" operation=\"open\" class=\"file\" profile=\"snap.firefox.firefox\" name=\"/proc/pressure/memory\" pid=7690 comm=\"MemoryPoller\" requested_mask=\"r\" denied_mask=\"r\" fsuid=1000 ouid=0"}
2025-12-15T20:39:52+01:00	syslog.kern.notice	{"host":"ra","ident":"kernel","message":"audit: type=1400 audit(1765827592.270:459): apparmor=\"DENIED\" operation=\"open\" class=\"file\" profile=\"snap.firefox.firefox\" name=\"/proc/pressure/memory\" pid=7690 comm=\"MemoryPoller\" requested_mask=\"r\" denied_mask=\"r\" fsuid=1000 ouid=0"}
2025-12-15T20:39:52+01:00	syslog.kern.notice	{"host":"rc1","ident":"kernel","message":"audit: type=1400 audit(1765827592.270:459): apparmor=\"DENIED\" operation=\"open\" class=\"file\" profile=\"snap.firefox.firefox\" name=\"/proc/pressure/memory\" pid=7690 comm=\"MemoryPoller\" requested_mask=\"r\" denied_mask=\"r\" fsuid=1000 ouid=0"}
2025-12-15T20:39:52+01:00	syslog.kern.notice	{"host":"rc2","ident":"kernel","message":"audit: type=1400 audit(1765827592.270:459): apparmor=\"DENIED\" operation=\"open\" class=\"file\" profile=\"snap.firefox.firefox\" name=\"/proc/pressure/memory\" pid=7690 comm=\"MemoryPoller\" requested_mask=\"r\" denied_mask=\"r\" fsuid=1000 ouid=0"}
2025-12-15T20:39:57+01:00	syslog.kern.notice	{"host":"rc2","ident":"kernel","message":"audit: type=1400 audit(1765827597.270:460): apparmor=\"DENIED\" operation=\"open\" class=\"file\" profile=\"snap.firefox.firefox\" name=\"/proc/pressure/memory\" pid=7690 comm=\"MemoryPoller\" requested_mask=\"r\" denied_mask=\"r\" fsuid=1000 ouid=0"}
2025-12-15T20:39:57+01:00	syslog.kern.notice	{"host":"ra","ident":"kernel","message":"audit: type=1400 audit(1765827597.270:460): apparmor=\"DENIED\" operation=\"open\" class=\"file\" profile=\"snap.firefox.firefox\" name=\"/proc/pressure/memory\" pid=7690 comm=\"MemoryPoller\" requested_mask=\"r\" denied_mask=\"r\" fsuid=1000 ouid=0"}
2025-12-15T20:39:57+01:00	syslog.kern.notice	{"host":"rb","ident":"kernel","message":"audit: type=1400 audit(1765827597.270:460): apparmor=\"DENIED\" operation=\"open\" class=\"file\" profile=\"snap.firefox.firefox\" name=\"/proc/pressure/memory\" pid=7690 comm=\"MemoryPoller\" requested_mask=\"r\" denied_mask=\"r\" fsuid=1000 ouid=0"}
2025-12-15T20:39:57+01:00	syslog.kern.notice	{"host":"rc1","ident":"kernel","message":"audit: type=1400 audit(1765827597.270:460): apparmor=\"DENIED\" operation=\"open\" class=\"file\" profile=\"snap.firefox.firefox\" name=\"/proc/pressure/memory\" pid=7690 comm=\"MemoryPoller\" requested_mask=\"r\" denied_mask=\"r\" fsuid=1000 ouid=0"}
2025-12-15T20:40:02+01:00	syslog.kern.notice	{"host":"ra","ident":"kernel","message":"audit: type=1400 audit(1765827602.271:461): apparmor=\"DENIED\" operation=\"open\" class=\"file\" profile=\"snap.firefox.firefox\" name=\"/proc/pressure/memory\" pid=7690 comm=\"MemoryPoller\" requested_mask=\"r\" denied_mask=\"r\" fsuid=1000 ouid=0"}
2025-12-15T20:40:02+01:00	syslog.kern.notice	{"host":"rc2","ident":"kernel","message":"audit: type=1400 audit(1765827602.271:461): apparmor=\"DENIED\" operation=\"open\" class=\"file\" profile=\"snap.firefox.firefox\" name=\"/proc/pressure/memory\" pid=7690 comm=\"MemoryPoller\" requested_mask=\"r\" denied_mask=\"r\" fsuid=1000 ouid=0"}
2025-12-15T20:40:02+01:00	syslog.kern.notice	{"host":"rb","ident":"kernel","message":"audit: type=1400 audit(1765827602.271:461): apparmor=\"DENIED\" operation=\"open\" class=\"file\" profile=\"snap.firefox.firefox\" name=\"/proc/pressure/memory\" pid=7690 comm=\"MemoryPoller\" requested_mask=\"r\" denied_mask=\"r\" fsuid=1000 ouid=0"}
2025-12-15T20:40:02+01:00	syslog.kern.notice	{"host":"rc1","ident":"kernel","message":"audit: type=1400 audit(1765827602.271:461): apparmor=\"DENIED\" operation=\"open\" class=\"file\" profile=\"snap.firefox.firefox\" name=\"/proc/pressure/memory\" pid=7690 comm=\"MemoryPoller\" requested_mask=\"r\" denied_mask=\"r\" fsuid=1000 ouid=0"}
2025-12-15T20:40:07+01:00	syslog.kern.notice	{"host":"ra","ident":"kernel","message":"audit: type=1400 audit(1765827607.272:462): apparmor=\"DENIED\" operation=\"open\" class=\"file\" profile=\"snap.firefox.firefox\" name=\"/proc/pressure/memory\" pid=7690 comm=\"MemoryPoller\" requested_mask=\"r\" denied_mask=\"r\" fsuid=1000 ouid=0"}
2025-12-15T20:40:07+01:00	syslog.kern.notice	{"host":"rb","ident":"kernel","message":"audit: type=1400 audit(1765827607.272:462): apparmor=\"DENIED\" operation=\"open\" class=\"file\" profile=\"snap.firefox.firefox\" name=\"/proc/pressure/memory\" pid=7690 comm=\"MemoryPoller\" requested_mask=\"r\" denied_mask=\"r\" fsuid=1000 ouid=0"}
2025-12-15T20:40:07+01:00	syslog.kern.notice	{"host":"rc2","ident":"kernel","message":"audit: type=1400 audit(1765827607.272:462): apparmor=\"DENIED\" operation=\"open\" class=\"file\" profile=\"snap.firefox.firefox\" name=\"/proc/pressure/memory\" pid=7690 comm=\"MemoryPoller\" requested_mask=\"r\" denied_mask=\"r\" fsuid=1000 ouid=0"}
2025-12-15T20:40:07+01:00	syslog.kern.notice	{"host":"rc1","ident":"kernel","message":"audit: type=1400 audit(1765827607.272:462): apparmor=\"DENIED\" operation=\"open\" class=\"file\" profile=\"snap.firefox.firefox\" name=\"/proc/pressure/memory\" pid=7690 comm=\"MemoryPoller\" requested_mask=\"r\" denied_mask=\"r\" fsuid=1000 ouid=0"}
2025-12-15T20:40:12+01:00	syslog.kern.notice	{"host":"rb","ident":"kernel","message":"audit: type=1400 audit(1765827612.272:463): apparmor=\"DENIED\" operation=\"open\" class=\"file\" profile=\"snap.firefox.firefox\" name=\"/proc/pressure/memory\" pid=7690 comm=\"MemoryPoller\" requested_mask=\"r\" denied_mask=\"r\" fsuid=1000 ouid=0"}
2025-12-15T20:40:12+01:00	syslog.kern.notice	{"host":"ra","ident":"kernel","message":"audit: type=1400 audit(1765827612.272:463): apparmor=\"DENIED\" operation=\"open\" class=\"file\" profile=\"snap.firefox.firefox\" name=\"/proc/pressure/memory\" pid=7690 comm=\"MemoryPoller\" requested_mask=\"r\" denied_mask=\"r\" fsuid=1000 ouid=0"}
2025-12-15T20:40:12+01:00	syslog.kern.notice	{"host":"rc2","ident":"kernel","message":"audit: type=1400 audit(1765827612.272:463): apparmor=\"DENIED\" operation=\"open\" class=\"file\" profile=\"snap.firefox.firefox\" name=\"/proc/pressure/memory\" pid=7690 comm=\"MemoryPoller\" requested_mask=\"r\" denied_mask=\"r\" fsuid=1000 ouid=0"}
2025-12-15T20:40:12+01:00	syslog.kern.notice	{"host":"rc1","ident":"kernel","message":"audit: type=1400 audit(1765827612.272:463): apparmor=\"DENIED\" operation=\"open\" class=\"file\" profile=\"snap.firefox.firefox\" name=\"/proc/pressure/memory\" pid=7690 comm=\"MemoryPoller\" requested_mask=\"r\" denied_mask=\"r\" fsuid=1000 ouid=0"}
2025-12-15T20:40:17+01:00	syslog.kern.notice	{"host":"ra","ident":"kernel","message":"audit: type=1400 audit(1765827617.273:464): apparmor=\"DENIED\" operation=\"open\" class=\"file\" profile=\"snap.firefox.firefox\" name=\"/proc/pressure/memory\" pid=7690 comm=\"MemoryPoller\" requested_mask=\"r\" denied_mask=\"r\" fsuid=1000 ouid=0"}
2025-12-15T20:40:17+01:00	syslog.kern.notice	{"host":"rb","ident":"kernel","message":"audit: type=1400 audit(1765827617.273:464): apparmor=\"DENIED\" operation=\"open\" class=\"file\" profile=\"snap.firefox.firefox\" name=\"/proc/pressure/memory\" pid=7690 comm=\"MemoryPoller\" requested_mask=\"r\" denied_mask=\"r\" fsuid=1000 ouid=0"}
2025-12-15T20:40:17+01:00	syslog.kern.notice	{"host":"rc1","ident":"kernel","message":"audit: type=1400 audit(1765827617.273:464): apparmor=\"DENIED\" operation=\"open\" class=\"file\" profile=\"snap.firefox.firefox\" name=\"/proc/pressure/memory\" pid=7690 comm=\"MemoryPoller\" requested_mask=\"r\" denied_mask=\"r\" fsuid=1000 ouid=0"}
2025-12-15T20:40:17+01:00	syslog.kern.notice	{"host":"rc2","ident":"kernel","message":"audit: type=1400 audit(1765827617.273:464): apparmor=\"DENIED\" operation=\"open\" class=\"file\" profile=\"snap.firefox.firefox\" name=\"/proc/pressure/memory\" pid=7690 comm=\"MemoryPoller\" requested_mask=\"r\" denied_mask=\"r\" fsuid=1000 ouid=0"}
2025-12-15T20:40:22+01:00	syslog.kern.notice	{"host":"ra","ident":"kernel","message":"audit: type=1400 audit(1765827622.273:465): apparmor=\"DENIED\" operation=\"open\" class=\"file\" profile=\"snap.firefox.firefox\" name=\"/proc/pressure/memory\" pid=7690 comm=\"MemoryPoller\" requested_mask=\"r\" denied_mask=\"r\" fsuid=1000 ouid=0"}
