2026-01-06T20:11:11+01:00	fluent.info	{"pid":15,"ppid":9,"worker":0,"message":"starting fluentd worker pid=15 ppid=9 worker=0"}
2026-01-06T20:11:11+01:00	fluent.info	{"message":"listening syslog socket on 0.0.0.0:5140 with tcp"}
2026-01-06T20:11:11+01:00	fluent.info	{"port":24224,"bind":"0.0.0.0","message":"listening port port=24224 bind=\"0.0.0.0\""}
2026-01-06T20:11:11+01:00	fluent.info	{"worker":0,"message":"fluentd worker is now running worker=0"}
2026-01-06T20:11:11+01:00	rc1	{"container_name":"/docker-rc1-1","source":"stdout","log":" * Starting system logging syslog-ng","container_id":"647d2e02229ce2179aea8fbff8b4e631485411428bd7eb399d277e6e76591407"}
2026-01-06T20:11:11+01:00	rc1	{"container_name":"/docker-rc1-1","source":"stderr","log":"[2026-01-06T20:11:11.145419] WARNING: Configuration file format is too old, syslog-ng is running in compatibility mode. Please update it to use the syslog-ng 3.35 format at your time of convenience. To upgrade the configuration, please review the warnings about incompatible changes printed by syslog-ng, and once completed change the @version header at the top of the configuration file; config-version='3.27'","container_id":"647d2e02229ce2179aea8fbff8b4e631485411428bd7eb399d277e6e76591407"}
2026-01-06T20:11:11+01:00	rc1	{"container_id":"647d2e02229ce2179aea8fbff8b4e631485411428bd7eb399d277e6e76591407","container_name":"/docker-rc1-1","source":"stderr","log":"[2026-01-06T20:11:11.171102] WARNING: The internal_queue_length stat counter has been renamed to internal_source.queued. The old name will be removed in future versions; config-version='3.27'"}
2026-01-06T20:11:11+01:00	rc1	{"source":"stdout","log":"   ...done.","container_id":"647d2e02229ce2179aea8fbff8b4e631485411428bd7eb399d277e6e76591407","container_name":"/docker-rc1-1"}
2026-01-06T20:11:11+01:00	rc1	{"source":"stdout","log":" * Started watchfrr","container_id":"647d2e02229ce2179aea8fbff8b4e631485411428bd7eb399d277e6e76591407","container_name":"/docker-rc1-1"}
2026-01-06T20:11:11+01:00	rc1	{"source":"stdout","log":"","container_id":"647d2e02229ce2179aea8fbff8b4e631485411428bd7eb399d277e6e76591407","container_name":"/docker-rc1-1"}
2026-01-06T20:11:11+01:00	rc1	{"source":"stdout","log":"Hello, this is FRRouting (version 8.1).","container_id":"647d2e02229ce2179aea8fbff8b4e631485411428bd7eb399d277e6e76591407","container_name":"/docker-rc1-1"}
2026-01-06T20:11:11+01:00	rc1	{"container_name":"/docker-rc1-1","source":"stdout","log":"Copyright 1996-2005 Kunihiro Ishiguro, et al.","container_id":"647d2e02229ce2179aea8fbff8b4e631485411428bd7eb399d277e6e76591407"}
2026-01-06T20:11:11+01:00	rc1	{"container_id":"647d2e02229ce2179aea8fbff8b4e631485411428bd7eb399d277e6e76591407","container_name":"/docker-rc1-1","source":"stdout","log":""}
2026-01-06T20:11:11+01:00	rc1	{"log":"rc1# conf t","container_id":"647d2e02229ce2179aea8fbff8b4e631485411428bd7eb399d277e6e76591407","container_name":"/docker-rc1-1","source":"stdout"}
2026-01-06T20:11:11+01:00	rc1	{"container_name":"/docker-rc1-1","source":"stdout","log":"rc1(config)# log file /shared-volume/frr/frr3.log","container_id":"647d2e02229ce2179aea8fbff8b4e631485411428bd7eb399d277e6e76591407"}
2026-01-06T20:11:11+01:00	rc1	{"container_name":"/docker-rc1-1","source":"stdout","log":"rc1(config)# router ospf","container_id":"647d2e02229ce2179aea8fbff8b4e631485411428bd7eb399d277e6e76591407"}
2026-01-06T20:11:11+01:00	rc1	{"container_name":"/docker-rc1-1","source":"stdout","log":"rc1(config-router)# network 10.1.0.0/29 area 0","container_id":"647d2e02229ce2179aea8fbff8b4e631485411428bd7eb399d277e6e76591407"}
2026-01-06T20:11:11+01:00	rc1	{"log":"rc1(config-router)# network 10.100.0.0/24 area 0","container_id":"647d2e02229ce2179aea8fbff8b4e631485411428bd7eb399d277e6e76591407","container_name":"/docker-rc1-1","source":"stdout"}
2026-01-06T20:11:11+01:00	rc1	{"log":"rc1(config-router)# end","container_id":"647d2e02229ce2179aea8fbff8b4e631485411428bd7eb399d277e6e76591407","container_name":"/docker-rc1-1","source":"stdout"}
2026-01-06T20:11:11+01:00	rc1	{"container_id":"647d2e02229ce2179aea8fbff8b4e631485411428bd7eb399d277e6e76591407","container_name":"/docker-rc1-1","source":"stdout","log":"rc1# "}
2026-01-06T20:11:11+01:00	server	{"container_name":"/docker-server-1","source":"stdout","log":"Hit:1 http://security.ubuntu.com/ubuntu jammy-security InRelease","container_id":"56b74580734e8711442d52f2ef429114d33082285d123a2e5b554f318cc61880"}
2026-01-06T20:11:11+01:00	server	{"container_name":"/docker-server-1","source":"stdout","log":"Hit:2 http://archive.ubuntu.com/ubuntu jammy InRelease","container_id":"56b74580734e8711442d52f2ef429114d33082285d123a2e5b554f318cc61880"}
2026-01-06T20:11:11+01:00	server	{"container_name":"/docker-server-1","source":"stdout","log":"Hit:3 http://archive.ubuntu.com/ubuntu jammy-updates InRelease","container_id":"56b74580734e8711442d52f2ef429114d33082285d123a2e5b554f318cc61880"}
2026-01-06T20:11:11+01:00	server	{"source":"stdout","log":"Hit:4 http://archive.ubuntu.com/ubuntu jammy-backports InRelease","container_id":"56b74580734e8711442d52f2ef429114d33082285d123a2e5b554f318cc61880","container_name":"/docker-server-1"}
2026-01-06T20:11:12+01:00	server	{"log":"Reading package lists...","container_id":"56b74580734e8711442d52f2ef429114d33082285d123a2e5b554f318cc61880","container_name":"/docker-server-1","source":"stdout"}
2026-01-06T20:11:11+01:00	ra	{"log":" * Starting system logging syslog-ng","container_id":"25a2d8df875cf0193592138bf1030f17f5499ca048ab6c7a139bff4bfe83e502","container_name":"/docker-ra-1","source":"stdout"}
2026-01-06T20:11:11+01:00	ra	{"container_id":"25a2d8df875cf0193592138bf1030f17f5499ca048ab6c7a139bff4bfe83e502","container_name":"/docker-ra-1","source":"stderr","log":"[2026-01-06T20:11:11.196061] WARNING: Configuration file format is too old, syslog-ng is running in compatibility mode. Please update it to use the syslog-ng 3.35 format at your time of convenience. To upgrade the configuration, please review the warnings about incompatible changes printed by syslog-ng, and once completed change the @version header at the top of the configuration file; config-version='3.27'"}
2026-01-06T20:11:11+01:00	ra	{"container_id":"25a2d8df875cf0193592138bf1030f17f5499ca048ab6c7a139bff4bfe83e502","container_name":"/docker-ra-1","source":"stderr","log":"[2026-01-06T20:11:11.225380] WARNING: The internal_queue_length stat counter has been renamed to internal_source.queued. The old name will be removed in future versions; config-version='3.27'"}
2026-01-06T20:11:11+01:00	ra	{"container_id":"25a2d8df875cf0193592138bf1030f17f5499ca048ab6c7a139bff4bfe83e502","container_name":"/docker-ra-1","source":"stdout","log":"   ...done."}
2026-01-06T20:11:11+01:00	ra	{"container_id":"25a2d8df875cf0193592138bf1030f17f5499ca048ab6c7a139bff4bfe83e502","container_name":"/docker-ra-1","source":"stdout","log":" * Started watchfrr"}
2026-01-06T20:11:11+01:00	ra	{"source":"stdout","log":"","container_id":"25a2d8df875cf0193592138bf1030f17f5499ca048ab6c7a139bff4bfe83e502","container_name":"/docker-ra-1"}
2026-01-06T20:11:11+01:00	ra	{"container_id":"25a2d8df875cf0193592138bf1030f17f5499ca048ab6c7a139bff4bfe83e502","container_name":"/docker-ra-1","source":"stdout","log":"Hello, this is FRRouting (version 8.1)."}
2026-01-06T20:11:11+01:00	ra	{"container_id":"25a2d8df875cf0193592138bf1030f17f5499ca048ab6c7a139bff4bfe83e502","container_name":"/docker-ra-1","source":"stdout","log":"Copyright 1996-2005 Kunihiro Ishiguro, et al."}
2026-01-06T20:11:11+01:00	ra	{"container_id":"25a2d8df875cf0193592138bf1030f17f5499ca048ab6c7a139bff4bfe83e502","container_name":"/docker-ra-1","source":"stdout","log":""}
2026-01-06T20:11:11+01:00	ra	{"container_id":"25a2d8df875cf0193592138bf1030f17f5499ca048ab6c7a139bff4bfe83e502","container_name":"/docker-ra-1","source":"stdout","log":"ra# conf t"}
2026-01-06T20:11:11+01:00	ra	{"container_name":"/docker-ra-1","source":"stdout","log":"ra(config)# log file /shared-volume/frr/frr1.log","container_id":"25a2d8df875cf0193592138bf1030f17f5499ca048ab6c7a139bff4bfe83e502"}
2026-01-06T20:11:11+01:00	ra	{"log":"ra(config)# router ospf","container_id":"25a2d8df875cf0193592138bf1030f17f5499ca048ab6c7a139bff4bfe83e502","container_name":"/docker-ra-1","source":"stdout"}
2026-01-06T20:11:11+01:00	ra	{"container_name":"/docker-ra-1","source":"stdout","log":"ra(config-router)# network 10.2.0.0/29 area 0","container_id":"25a2d8df875cf0193592138bf1030f17f5499ca048ab6c7a139bff4bfe83e502"}
2026-01-06T20:11:11+01:00	ra	{"container_name":"/docker-ra-1","source":"stdout","log":"ra(config-router)# network 10.0.1.0/24 area 0","container_id":"25a2d8df875cf0193592138bf1030f17f5499ca048ab6c7a139bff4bfe83e502"}
2026-01-06T20:11:11+01:00	ra	{"container_id":"25a2d8df875cf0193592138bf1030f17f5499ca048ab6c7a139bff4bfe83e502","container_name":"/docker-ra-1","source":"stdout","log":"ra(config-router)# network 10.0.2.0/24 area 0"}
2026-01-06T20:11:11+01:00	ra	{"source":"stdout","log":"ra(config-router)# end","container_id":"25a2d8df875cf0193592138bf1030f17f5499ca048ab6c7a139bff4bfe83e502","container_name":"/docker-ra-1"}
2026-01-06T20:11:11+01:00	ra	{"container_name":"/docker-ra-1","source":"stdout","log":"ra# ","container_id":"25a2d8df875cf0193592138bf1030f17f5499ca048ab6c7a139bff4bfe83e502"}
2026-01-06T20:11:11+01:00	rb	{"container_name":"/docker-rb-1","source":"stdout","log":" * Starting system logging syslog-ng","container_id":"5712605da74b7b06bcbc25e720db06eb6339c97bab49ee8236a436f66689f7df"}
2026-01-06T20:11:11+01:00	rb	{"container_id":"5712605da74b7b06bcbc25e720db06eb6339c97bab49ee8236a436f66689f7df","container_name":"/docker-rb-1","source":"stderr","log":"[2026-01-06T20:11:11.274814] WARNING: Configuration file format is too old, syslog-ng is running in compatibility mode. Please update it to use the syslog-ng 3.35 format at your time of convenience. To upgrade the configuration, please review the warnings about incompatible changes printed by syslog-ng, and once completed change the @version header at the top of the configuration file; config-version='3.27'"}
2026-01-06T20:11:11+01:00	rb	{"container_id":"5712605da74b7b06bcbc25e720db06eb6339c97bab49ee8236a436f66689f7df","container_name":"/docker-rb-1","source":"stderr","log":"[2026-01-06T20:11:11.306446] WARNING: The internal_queue_length stat counter has been renamed to internal_source.queued. The old name will be removed in future versions; config-version='3.27'"}
2026-01-06T20:11:11+01:00	rb	{"container_id":"5712605da74b7b06bcbc25e720db06eb6339c97bab49ee8236a436f66689f7df","container_name":"/docker-rb-1","source":"stdout","log":"   ...done."}
2026-01-06T20:11:11+01:00	rb	{"container_id":"5712605da74b7b06bcbc25e720db06eb6339c97bab49ee8236a436f66689f7df","container_name":"/docker-rb-1","source":"stdout","log":" * Started watchfrr"}
2026-01-06T20:11:11+01:00	rb	{"container_name":"/docker-rb-1","source":"stdout","log":"","container_id":"5712605da74b7b06bcbc25e720db06eb6339c97bab49ee8236a436f66689f7df"}
2026-01-06T20:11:11+01:00	rb	{"log":"Hello, this is FRRouting (version 8.1).","container_id":"5712605da74b7b06bcbc25e720db06eb6339c97bab49ee8236a436f66689f7df","container_name":"/docker-rb-1","source":"stdout"}
2026-01-06T20:11:11+01:00	rb	{"container_id":"5712605da74b7b06bcbc25e720db06eb6339c97bab49ee8236a436f66689f7df","container_name":"/docker-rb-1","source":"stdout","log":"Copyright 1996-2005 Kunihiro Ishiguro, et al."}
2026-01-06T20:11:11+01:00	rb	{"container_id":"5712605da74b7b06bcbc25e720db06eb6339c97bab49ee8236a436f66689f7df","container_name":"/docker-rb-1","source":"stdout","log":""}
2026-01-06T20:11:11+01:00	rb	{"container_name":"/docker-rb-1","source":"stdout","log":"rb# conf t","container_id":"5712605da74b7b06bcbc25e720db06eb6339c97bab49ee8236a436f66689f7df"}
2026-01-06T20:11:11+01:00	rb	{"log":"rb(config)# log file /shared-volume/frr/frr2.log","container_id":"5712605da74b7b06bcbc25e720db06eb6339c97bab49ee8236a436f66689f7df","container_name":"/docker-rb-1","source":"stdout"}
2026-01-06T20:11:11+01:00	rb	{"log":"rb(config)# router ospf","container_id":"5712605da74b7b06bcbc25e720db06eb6339c97bab49ee8236a436f66689f7df","container_name":"/docker-rb-1","source":"stdout"}
2026-01-06T20:11:11+01:00	rb	{"container_id":"5712605da74b7b06bcbc25e720db06eb6339c97bab49ee8236a436f66689f7df","container_name":"/docker-rb-1","source":"stdout","log":"rb(config-router)# network 10.3.0.0/29 area 0"}
2026-01-06T20:11:11+01:00	rb	{"container_id":"5712605da74b7b06bcbc25e720db06eb6339c97bab49ee8236a436f66689f7df","container_name":"/docker-rb-1","source":"stdout","log":"rb(config-router)# network 10.0.3.0/24 area 0"}
2026-01-06T20:11:11+01:00	rb	{"container_id":"5712605da74b7b06bcbc25e720db06eb6339c97bab49ee8236a436f66689f7df","container_name":"/docker-rb-1","source":"stdout","log":"rb(config-router)# network 10.0.4.0/24 area 0"}
2026-01-06T20:11:11+01:00	rb	{"log":"rb(config-router)# end","container_id":"5712605da74b7b06bcbc25e720db06eb6339c97bab49ee8236a436f66689f7df","container_name":"/docker-rb-1","source":"stdout"}
2026-01-06T20:11:11+01:00	rb	{"log":"rb# ","container_id":"5712605da74b7b06bcbc25e720db06eb6339c97bab49ee8236a436f66689f7df","container_name":"/docker-rb-1","source":"stdout"}
2026-01-06T20:11:11+01:00	rc2	{"container_id":"8e8c75aa1caad493b5d29bab6b18436bb1c7d2f6aa4a8af48c34bd34c7d3ef63","container_name":"/docker-rc2-1","source":"stdout","log":" * Starting system logging syslog-ng"}
2026-01-06T20:11:11+01:00	rc2	{"container_id":"8e8c75aa1caad493b5d29bab6b18436bb1c7d2f6aa4a8af48c34bd34c7d3ef63","container_name":"/docker-rc2-1","source":"stderr","log":"[2026-01-06T20:11:11.324180] WARNING: Configuration file format is too old, syslog-ng is running in compatibility mode. Please update it to use the syslog-ng 3.35 format at your time of convenience. To upgrade the configuration, please review the warnings about incompatible changes printed by syslog-ng, and once completed change the @version header at the top of the configuration file; config-version='3.27'"}
2026-01-06T20:11:11+01:00	rc2	{"container_id":"8e8c75aa1caad493b5d29bab6b18436bb1c7d2f6aa4a8af48c34bd34c7d3ef63","container_name":"/docker-rc2-1","source":"stderr","log":"[2026-01-06T20:11:11.349133] WARNING: The internal_queue_length stat counter has been renamed to internal_source.queued. The old name will be removed in future versions; config-version='3.27'"}
2026-01-06T20:11:11+01:00	rc2	{"container_id":"8e8c75aa1caad493b5d29bab6b18436bb1c7d2f6aa4a8af48c34bd34c7d3ef63","container_name":"/docker-rc2-1","source":"stdout","log":"   ...done."}
2026-01-06T20:11:11+01:00	rc2	{"log":" * Started watchfrr","container_id":"8e8c75aa1caad493b5d29bab6b18436bb1c7d2f6aa4a8af48c34bd34c7d3ef63","container_name":"/docker-rc2-1","source":"stdout"}
2026-01-06T20:11:11+01:00	rc2	{"container_name":"/docker-rc2-1","source":"stdout","log":"","container_id":"8e8c75aa1caad493b5d29bab6b18436bb1c7d2f6aa4a8af48c34bd34c7d3ef63"}
2026-01-06T20:11:11+01:00	rc2	{"log":"Hello, this is FRRouting (version 8.1).","container_id":"8e8c75aa1caad493b5d29bab6b18436bb1c7d2f6aa4a8af48c34bd34c7d3ef63","container_name":"/docker-rc2-1","source":"stdout"}
2026-01-06T20:11:11+01:00	rc2	{"container_name":"/docker-rc2-1","source":"stdout","log":"Copyright 1996-2005 Kunihiro Ishiguro, et al.","container_id":"8e8c75aa1caad493b5d29bab6b18436bb1c7d2f6aa4a8af48c34bd34c7d3ef63"}
2026-01-06T20:11:11+01:00	rc2	{"container_name":"/docker-rc2-1","source":"stdout","log":"","container_id":"8e8c75aa1caad493b5d29bab6b18436bb1c7d2f6aa4a8af48c34bd34c7d3ef63"}
2026-01-06T20:11:11+01:00	rc2	{"container_id":"8e8c75aa1caad493b5d29bab6b18436bb1c7d2f6aa4a8af48c34bd34c7d3ef63","container_name":"/docker-rc2-1","source":"stdout","log":"rc2# conf t"}
2026-01-06T20:11:11+01:00	rc2	{"container_id":"8e8c75aa1caad493b5d29bab6b18436bb1c7d2f6aa4a8af48c34bd34c7d3ef63","container_name":"/docker-rc2-1","source":"stdout","log":"rc2(config)# log file /shared-volume/frr/frr4.log"}
2026-01-06T20:11:11+01:00	rc2	{"container_id":"8e8c75aa1caad493b5d29bab6b18436bb1c7d2f6aa4a8af48c34bd34c7d3ef63","container_name":"/docker-rc2-1","source":"stdout","log":"rc2(config)# router ospf"}
2026-01-06T20:11:11+01:00	rc2	{"container_id":"8e8c75aa1caad493b5d29bab6b18436bb1c7d2f6aa4a8af48c34bd34c7d3ef63","container_name":"/docker-rc2-1","source":"stdout","log":"rc2(config-router)# network 10.1.0.0/29 area 0"}
2026-01-06T20:11:11+01:00	rc2	{"container_id":"8e8c75aa1caad493b5d29bab6b18436bb1c7d2f6aa4a8af48c34bd34c7d3ef63","container_name":"/docker-rc2-1","source":"stdout","log":"rc2(config-router)# network 10.2.0.0/29 area 0"}
2026-01-06T20:11:11+01:00	rc2	{"source":"stdout","log":"rc2(config-router)# network 10.3.0.0/29 area 0","container_id":"8e8c75aa1caad493b5d29bab6b18436bb1c7d2f6aa4a8af48c34bd34c7d3ef63","container_name":"/docker-rc2-1"}
2026-01-06T20:11:11+01:00	rc2	{"container_name":"/docker-rc2-1","source":"stdout","log":"rc2(config-router)# end","container_id":"8e8c75aa1caad493b5d29bab6b18436bb1c7d2f6aa4a8af48c34bd34c7d3ef63"}
2026-01-06T20:11:11+01:00	rc2	{"log":"rc2# ","container_id":"8e8c75aa1caad493b5d29bab6b18436bb1c7d2f6aa4a8af48c34bd34c7d3ef63","container_name":"/docker-rc2-1","source":"stdout"}
2026-01-06T20:11:12+01:00	server	{"container_id":"56b74580734e8711442d52f2ef429114d33082285d123a2e5b554f318cc61880","container_name":"/docker-server-1","source":"stdout","log":"Reading package lists..."}
2026-01-06T20:11:12+01:00	server	{"container_name":"/docker-server-1","source":"stdout","log":"Building dependency tree...","container_id":"56b74580734e8711442d52f2ef429114d33082285d123a2e5b554f318cc61880"}
2026-01-06T20:11:12+01:00	server	{"container_id":"56b74580734e8711442d52f2ef429114d33082285d123a2e5b554f318cc61880","container_name":"/docker-server-1","source":"stdout","log":"Reading state information..."}
2026-01-06T20:11:12+01:00	server	{"container_id":"56b74580734e8711442d52f2ef429114d33082285d123a2e5b554f318cc61880","container_name":"/docker-server-1","source":"stderr","log":"E: Unable to locate package linux-headers-6.6.87.2-microsoft-standard-WSL2"}
2026-01-06T20:11:12+01:00	server	{"log":"E: Couldn't find any package by glob 'linux-headers-6.6.87.2-microsoft-standard-WSL2'","container_id":"56b74580734e8711442d52f2ef429114d33082285d123a2e5b554f318cc61880","container_name":"/docker-server-1","source":"stderr"}
2026-01-06T20:11:12+01:00	server	{"container_name":"/docker-server-1","source":"stderr","log":"E: Couldn't find any package by regex 'linux-headers-6.6.87.2-microsoft-standard-WSL2'","container_id":"56b74580734e8711442d52f2ef429114d33082285d123a2e5b554f318cc61880"}
2026-01-06T20:11:13+01:00	server	{"container_id":"56b74580734e8711442d52f2ef429114d33082285d123a2e5b554f318cc61880","container_name":"/docker-server-1","source":"stdout","log":""}
2026-01-06T20:11:13+01:00	server	{"log":"> my-test-server@1.0.0 start","container_id":"56b74580734e8711442d52f2ef429114d33082285d123a2e5b554f318cc61880","container_name":"/docker-server-1","source":"stdout"}
2026-01-06T20:11:13+01:00	server	{"container_id":"56b74580734e8711442d52f2ef429114d33082285d123a2e5b554f318cc61880","container_name":"/docker-server-1","source":"stdout","log":"> node server.js"}
2026-01-06T20:11:13+01:00	server	{"log":"","container_id":"56b74580734e8711442d52f2ef429114d33082285d123a2e5b554f318cc61880","container_name":"/docker-server-1","source":"stdout"}
2026-01-06T20:11:13+01:00	server	{"container_id":"56b74580734e8711442d52f2ef429114d33082285d123a2e5b554f318cc61880","container_name":"/docker-server-1","source":"stdout","log":"Server is listening at http://localhost:3000"}
2026-01-06T20:11:11+01:00	syslog.syslog.notice	{"host":"rc1","ident":"syslog-ng","pid":"17","message":"syslog-ng starting up; version='3.35.1'"}
2026-01-06T20:11:11+01:00	syslog.syslog.err	{"host":"rc1","ident":"syslog-ng","pid":"17","message":"Syslog connection failed; fd='15', server='AF_INET(10.100.0.3:5140)', error='Connection refused (111)', time_reopen='60'"}
2026-01-06T20:11:11+01:00	syslog.kern.info	{"host":"rc1","ident":"kernel","message":"eth2: renamed from veth305f2f7"}
2026-01-06T20:11:11+01:00	syslog.daemon.notice	{"host":"rc1","ident":"watchfrr","pid":"37","message":"[T83RR-8SM5G] watchfrr 8.1 starting: vty@0"}
2026-01-06T20:11:11+01:00	syslog.daemon.info	{"host":"rc1","ident":"watchfrr","pid":"37","message":"[ZCJ3S-SPH5S] zebra state -> down : initial connection attempt failed"}
2026-01-06T20:11:11+01:00	syslog.daemon.info	{"host":"rc1","ident":"watchfrr","pid":"37","message":"[ZCJ3S-SPH5S] bgpd state -> down : initial connection attempt failed"}
2026-01-06T20:11:11+01:00	syslog.daemon.info	{"host":"rc1","ident":"watchfrr","pid":"37","message":"[ZCJ3S-SPH5S] ospfd state -> down : initial connection attempt failed"}
2026-01-06T20:11:11+01:00	syslog.daemon.info	{"host":"rc1","ident":"watchfrr","pid":"37","message":"[ZCJ3S-SPH5S] staticd state -> down : initial connection attempt failed"}
2026-01-06T20:11:11+01:00	syslog.daemon.info	{"host":"rc1","ident":"watchfrr","pid":"37","message":"[YFT0P-5Q5YX] Forked background command [pid 38]: /usr/lib/frr/watchfrr.sh restart all"}
2026-01-06T20:11:11+01:00	syslog.daemon.err	{"host":"rc1","ident":"watchfrr.sh","pid":"48","message":"Cannot stop staticd: pid file not found"}
2026-01-06T20:11:11+01:00	syslog.daemon.err	{"host":"rc1","ident":"watchfrr.sh","pid":"51","message":"Cannot stop ospfd: pid file not found"}
2026-01-06T20:11:11+01:00	syslog.daemon.err	{"host":"rc1","ident":"watchfrr.sh","pid":"52","message":"Cannot stop bgpd: pid file not found"}
2026-01-06T20:11:11+01:00	syslog.daemon.err	{"host":"rc1","ident":"watchfrr.sh","pid":"54","message":"Cannot stop zebra: pid file not found"}
2026-01-06T20:11:11+01:00	syslog.kern.info	{"host":"rc1","ident":"kernel","message":"br-2929a68f10c1: port 2(veth66e99c9) entered blocking state"}
2026-01-06T20:11:11+01:00	syslog.kern.info	{"host":"rc1","ident":"kernel","message":"br-2929a68f10c1: port 2(veth66e99c9) entered forwarding state"}
2026-01-06T20:11:11+01:00	syslog.kern.info	{"host":"rc1","ident":"kernel","message":"br-6ad2b3585db4: port 1(veth5593af2) entered blocking state"}
2026-01-06T20:11:11+01:00	syslog.kern.info	{"host":"rc1","ident":"kernel","message":"br-6ad2b3585db4: port 1(veth5593af2) entered forwarding state"}
2026-01-06T20:11:11+01:00	syslog.kern.info	{"host":"rc1","ident":"kernel","message":"br-0f8701369eee: port 2(veth22504b1) entered blocking state"}
2026-01-06T20:11:11+01:00	syslog.kern.info	{"host":"rc1","ident":"kernel","message":"br-0f8701369eee: port 2(veth22504b1) entered disabled state"}
2026-01-06T20:11:11+01:00	syslog.kern.info	{"host":"rc1","ident":"kernel","message":"veth22504b1: entered allmulticast mode"}
2026-01-06T20:11:11+01:00	syslog.kern.info	{"host":"rc1","ident":"kernel","message":"veth22504b1: entered promiscuous mode"}
2026-01-06T20:11:11+01:00	syslog.kern.info	{"host":"rc1","ident":"kernel","message":"br-0f8701369eee: port 2(veth22504b1) entered blocking state"}
2026-01-06T20:11:11+01:00	syslog.kern.info	{"host":"rc1","ident":"kernel","message":"br-0f8701369eee: port 2(veth22504b1) entered forwarding state"}
2026-01-06T20:11:11+01:00	syslog.kern.info	{"host":"rc1","ident":"kernel","message":"eth2: renamed from veth1e541b4"}
2026-01-06T20:11:11+01:00	syslog.kern.info	{"host":"rc1","ident":"kernel","message":"br-7241541982a4: port 2(veth78b57bd) entered blocking state"}
2026-01-06T20:11:11+01:00	syslog.kern.info	{"host":"rc1","ident":"kernel","message":"br-7241541982a4: port 2(veth78b57bd) entered disabled state"}
2026-01-06T20:11:11+01:00	syslog.kern.info	{"host":"rc1","ident":"kernel","message":"veth78b57bd: entered allmulticast mode"}
2026-01-06T20:11:11+01:00	syslog.kern.info	{"host":"rc1","ident":"kernel","message":"veth78b57bd: entered promiscuous mode"}
2026-01-06T20:11:11+01:00	syslog.kern.info	{"host":"rc1","ident":"kernel","message":"br-7241541982a4: port 2(veth78b57bd) entered blocking state"}
2026-01-06T20:11:11+01:00	syslog.kern.info	{"host":"rc1","ident":"kernel","message":"br-7241541982a4: port 2(veth78b57bd) entered forwarding state"}
2026-01-06T20:11:11+01:00	syslog.kern.info	{"host":"rc1","ident":"kernel","message":"br-c777863a399d: port 2(vetha74c54a) entered blocking state"}
2026-01-06T20:11:11+01:00	syslog.kern.info	{"host":"rc1","ident":"kernel","message":"br-c777863a399d: port 2(vetha74c54a) entered disabled state"}
2026-01-06T20:11:11+01:00	syslog.kern.info	{"host":"rc1","ident":"kernel","message":"vetha74c54a: entered allmulticast mode"}
2026-01-06T20:11:11+01:00	syslog.kern.info	{"host":"rc1","ident":"kernel","message":"vetha74c54a: entered promiscuous mode"}
2026-01-06T20:11:11+01:00	syslog.kern.info	{"host":"rc1","ident":"kernel","message":"br-c777863a399d: port 2(vetha74c54a) entered blocking state"}
2026-01-06T20:11:11+01:00	syslog.kern.info	{"host":"rc1","ident":"kernel","message":"br-c777863a399d: port 2(vetha74c54a) entered forwarding state"}
2026-01-06T20:11:11+01:00	syslog.kern.info	{"host":"rc1","ident":"kernel","message":"eth0: renamed from veth94f0142"}
2026-01-06T20:11:11+01:00	syslog.kern.info	{"host":"rc1","ident":"kernel","message":"br-c777863a399d: port 2(vetha74c54a) entered disabled state"}
2026-01-06T20:11:11+01:00	syslog.kern.info	{"host":"rc1","ident":"kernel","message":"eth0: renamed from vethc7d7f46"}
2026-01-06T20:11:11+01:00	syslog.kern.info	{"host":"rc1","ident":"kernel","message":"br-c777863a399d: port 2(vetha74c54a) entered blocking state"}
2026-01-06T20:11:11+01:00	syslog.kern.info	{"host":"rc1","ident":"kernel","message":"br-c777863a399d: port 2(vetha74c54a) entered forwarding state"}
2026-01-06T20:11:11+01:00	syslog.kern.info	{"host":"rc1","ident":"kernel","message":"br-6ad2b3585db4: port 2(vethb5c489a) entered blocking state"}
2026-01-06T20:11:11+01:00	syslog.kern.info	{"host":"rc1","ident":"kernel","message":"br-6ad2b3585db4: port 2(vethb5c489a) entered disabled state"}
2026-01-06T20:11:11+01:00	syslog.kern.info	{"host":"rc1","ident":"kernel","message":"vethb5c489a: entered allmulticast mode"}
2026-01-06T20:11:11+01:00	syslog.kern.info	{"host":"rc1","ident":"kernel","message":"vethb5c489a: entered promiscuous mode"}
2026-01-06T20:11:11+01:00	syslog.kern.info	{"host":"rc1","ident":"kernel","message":"br-6ad2b3585db4: port 2(vethb5c489a) entered blocking state"}
2026-01-06T20:11:11+01:00	syslog.kern.info	{"host":"rc1","ident":"kernel","message":"br-6ad2b3585db4: port 2(vethb5c489a) entered forwarding state"}
2026-01-06T20:11:11+01:00	syslog.kern.info	{"host":"rc1","ident":"kernel","message":"br-9bf303624dea: port 2(veth33aa6e7) entered blocking state"}
2026-01-06T20:11:11+01:00	syslog.kern.info	{"host":"rc1","ident":"kernel","message":"br-9bf303624dea: port 2(veth33aa6e7) entered disabled state"}
2026-01-06T20:11:11+01:00	syslog.kern.info	{"host":"rc1","ident":"kernel","message":"veth33aa6e7: entered allmulticast mode"}
2026-01-06T20:11:11+01:00	syslog.kern.info	{"host":"rc1","ident":"kernel","message":"veth33aa6e7: entered promiscuous mode"}
2026-01-06T20:11:11+01:00	syslog.kern.info	{"host":"rc1","ident":"kernel","message":"br-9bf303624dea: port 2(veth33aa6e7) entered blocking state"}
2026-01-06T20:11:11+01:00	syslog.kern.info	{"host":"rc1","ident":"kernel","message":"br-9bf303624dea: port 2(veth33aa6e7) entered forwarding state"}
2026-01-06T20:11:11+01:00	syslog.kern.info	{"host":"rc1","ident":"kernel","message":"eth0: renamed from veth84616ab"}
2026-01-06T20:11:11+01:00	syslog.daemon.info	{"host":"rc1","ident":"zebra","pid":"56","message":"[VTVCM-Y2NW3] Configuration Read in Took: 00:00:00"}
2026-01-06T20:11:11+01:00	syslog.daemon.info	{"host":"rc1","ident":"ospfd","pid":"69","message":"[VTVCM-Y2NW3] Configuration Read in Took: 00:00:00"}
2026-01-06T20:11:11+01:00	syslog.daemon.info	{"host":"rc1","ident":"bgpd","pid":"62","message":"[VTVCM-Y2NW3] Configuration Read in Took: 00:00:00"}
2026-01-06T20:11:11+01:00	syslog.daemon.info	{"host":"rc1","ident":"staticd","pid":"72","message":"[VTVCM-Y2NW3] Configuration Read in Took: 00:00:00"}
2026-01-06T20:11:11+01:00	syslog.daemon.notice	{"host":"rc1","ident":"watchfrr","pid":"37","message":"[QDG3Y-BY5TN] zebra state -> up : connect succeeded"}
2026-01-06T20:11:11+01:00	syslog.daemon.notice	{"host":"rc1","ident":"watchfrr","pid":"37","message":"[QDG3Y-BY5TN] bgpd state -> up : connect succeeded"}
2026-01-06T20:11:11+01:00	syslog.daemon.notice	{"host":"rc1","ident":"watchfrr","pid":"37","message":"[QDG3Y-BY5TN] ospfd state -> up : connect succeeded"}
2026-01-06T20:11:11+01:00	syslog.daemon.notice	{"host":"rc1","ident":"watchfrr","pid":"37","message":"[QDG3Y-BY5TN] staticd state -> up : connect succeeded"}
2026-01-06T20:11:11+01:00	syslog.daemon.notice	{"host":"rc1","ident":"watchfrr","pid":"37","message":"[KWE5Q-QNGFC] all daemons up, doing startup-complete notify"}
2026-01-06T20:11:11+01:00	syslog.kern.info	{"host":"rc1","ident":"kernel","message":"br-6ad2b3585db4: port 2(vethb5c489a) entered disabled state"}
2026-01-06T20:11:11+01:00	syslog.kern.info	{"host":"rc1","ident":"kernel","message":"br-9bf303624dea: port 2(veth33aa6e7) entered disabled state"}
2026-01-06T20:11:11+01:00	syslog.kern.info	{"host":"rc1","ident":"kernel","message":"eth0: renamed from vethdf3f33c"}
2026-01-06T20:11:11+01:00	syslog.kern.info	{"host":"rc1","ident":"kernel","message":"br-9bf303624dea: port 2(veth33aa6e7) entered blocking state"}
2026-01-06T20:11:11+01:00	syslog.kern.info	{"host":"rc1","ident":"kernel","message":"br-9bf303624dea: port 2(veth33aa6e7) entered forwarding state"}
2026-01-06T20:11:11+01:00	syslog.kern.info	{"host":"rc1","ident":"kernel","message":"br-6ad2b3585db4: port 2(vethb5c489a) entered blocking state"}
2026-01-06T20:11:11+01:00	syslog.kern.info	{"host":"rc1","ident":"kernel","message":"br-6ad2b3585db4: port 2(vethb5c489a) entered forwarding state"}
2026-01-06T20:11:56+01:00	syslog.daemon.info	{"host":"rc1","ident":"ospfd","pid":"69","message":"[S5PCG-77H23] Packet[DD]: Neighbor 10.3.0.3 Negotiation done (Master)."}
2026-01-06T20:12:11+01:00	syslog.syslog.notice	{"host":"rc1","ident":"syslog-ng","pid":"17","message":"Syslog connection established; fd='5', server='AF_INET(10.100.0.3:5140)', local='AF_INET(0.0.0.0:0)'"}
2026-01-06T20:11:11+01:00	syslog.syslog.notice	{"host":"ra","ident":"syslog-ng","pid":"17","message":"syslog-ng starting up; version='3.35.1'"}
2026-01-06T20:11:11+01:00	syslog.syslog.err	{"host":"ra","ident":"syslog-ng","pid":"17","message":"Syslog connection failed; fd='15', server='AF_INET(10.100.0.3:5140)', error='Connection refused (111)', time_reopen='60'"}
2026-01-06T20:11:11+01:00	syslog.kern.info	{"host":"ra","ident":"kernel","message":"br-0f8701369eee: port 2(veth22504b1) entered blocking state"}
2026-01-06T20:11:11+01:00	syslog.kern.info	{"host":"ra","ident":"kernel","message":"br-0f8701369eee: port 2(veth22504b1) entered disabled state"}
2026-01-06T20:11:11+01:00	syslog.kern.info	{"host":"ra","ident":"kernel","message":"veth22504b1: entered allmulticast mode"}
2026-01-06T20:11:11+01:00	syslog.kern.info	{"host":"ra","ident":"kernel","message":"veth22504b1: entered promiscuous mode"}
2026-01-06T20:11:11+01:00	syslog.kern.info	{"host":"ra","ident":"kernel","message":"br-0f8701369eee: port 2(veth22504b1) entered blocking state"}
2026-01-06T20:11:11+01:00	syslog.kern.info	{"host":"ra","ident":"kernel","message":"br-0f8701369eee: port 2(veth22504b1) entered forwarding state"}
2026-01-06T20:11:11+01:00	syslog.kern.info	{"host":"ra","ident":"kernel","message":"eth2: renamed from veth1e541b4"}
2026-01-06T20:11:11+01:00	syslog.daemon.notice	{"host":"ra","ident":"watchfrr","pid":"37","message":"[T83RR-8SM5G] watchfrr 8.1 starting: vty@0"}
2026-01-06T20:11:11+01:00	syslog.daemon.info	{"host":"ra","ident":"watchfrr","pid":"37","message":"[ZCJ3S-SPH5S] zebra state -> down : initial connection attempt failed"}
2026-01-06T20:11:11+01:00	syslog.daemon.info	{"host":"ra","ident":"watchfrr","pid":"37","message":"[ZCJ3S-SPH5S] bgpd state -> down : initial connection attempt failed"}
2026-01-06T20:11:11+01:00	syslog.daemon.info	{"host":"ra","ident":"watchfrr","pid":"37","message":"[ZCJ3S-SPH5S] ospfd state -> down : initial connection attempt failed"}
2026-01-06T20:11:11+01:00	syslog.daemon.info	{"host":"ra","ident":"watchfrr","pid":"37","message":"[ZCJ3S-SPH5S] staticd state -> down : initial connection attempt failed"}
2026-01-06T20:11:11+01:00	syslog.daemon.info	{"host":"ra","ident":"watchfrr","pid":"37","message":"[YFT0P-5Q5YX] Forked background command [pid 38]: /usr/lib/frr/watchfrr.sh restart all"}
2026-01-06T20:11:11+01:00	syslog.daemon.err	{"host":"ra","ident":"watchfrr.sh","pid":"49","message":"Cannot stop staticd: pid file not found"}
2026-01-06T20:11:11+01:00	syslog.daemon.err	{"host":"ra","ident":"watchfrr.sh","pid":"54","message":"Cannot stop zebra: pid file not found"}
2026-01-06T20:11:11+01:00	syslog.daemon.err	{"host":"ra","ident":"watchfrr.sh","pid":"50","message":"Cannot stop ospfd: pid file not found"}
2026-01-06T20:11:11+01:00	syslog.daemon.err	{"host":"ra","ident":"watchfrr.sh","pid":"52","message":"Cannot stop bgpd: pid file not found"}
2026-01-06T20:11:11+01:00	syslog.kern.info	{"host":"ra","ident":"kernel","message":"br-7241541982a4: port 2(veth78b57bd) entered blocking state"}
2026-01-06T20:11:11+01:00	syslog.kern.info	{"host":"ra","ident":"kernel","message":"br-7241541982a4: port 2(veth78b57bd) entered disabled state"}
2026-01-06T20:11:11+01:00	syslog.kern.info	{"host":"ra","ident":"kernel","message":"veth78b57bd: entered allmulticast mode"}
2026-01-06T20:11:11+01:00	syslog.kern.info	{"host":"ra","ident":"kernel","message":"veth78b57bd: entered promiscuous mode"}
2026-01-06T20:11:11+01:00	syslog.kern.info	{"host":"ra","ident":"kernel","message":"br-7241541982a4: port 2(veth78b57bd) entered blocking state"}
2026-01-06T20:11:11+01:00	syslog.kern.info	{"host":"ra","ident":"kernel","message":"br-7241541982a4: port 2(veth78b57bd) entered forwarding state"}
2026-01-06T20:11:11+01:00	syslog.kern.info	{"host":"ra","ident":"kernel","message":"br-c777863a399d: port 2(vetha74c54a) entered blocking state"}
2026-01-06T20:11:11+01:00	syslog.kern.info	{"host":"ra","ident":"kernel","message":"br-c777863a399d: port 2(vetha74c54a) entered disabled state"}
2026-01-06T20:11:11+01:00	syslog.kern.info	{"host":"ra","ident":"kernel","message":"vetha74c54a: entered allmulticast mode"}
2026-01-06T20:11:11+01:00	syslog.kern.info	{"host":"ra","ident":"kernel","message":"vetha74c54a: entered promiscuous mode"}
2026-01-06T20:11:11+01:00	syslog.kern.info	{"host":"ra","ident":"kernel","message":"br-c777863a399d: port 2(vetha74c54a) entered blocking state"}
2026-01-06T20:11:11+01:00	syslog.kern.info	{"host":"ra","ident":"kernel","message":"br-c777863a399d: port 2(vetha74c54a) entered forwarding state"}
2026-01-06T20:11:11+01:00	syslog.kern.info	{"host":"ra","ident":"kernel","message":"eth0: renamed from veth94f0142"}
2026-01-06T20:11:11+01:00	syslog.kern.info	{"host":"ra","ident":"kernel","message":"br-c777863a399d: port 2(vetha74c54a) entered disabled state"}
2026-01-06T20:11:11+01:00	syslog.kern.info	{"host":"ra","ident":"kernel","message":"eth0: renamed from vethc7d7f46"}
2026-01-06T20:11:11+01:00	syslog.kern.info	{"host":"ra","ident":"kernel","message":"br-c777863a399d: port 2(vetha74c54a) entered blocking state"}
2026-01-06T20:11:11+01:00	syslog.kern.info	{"host":"ra","ident":"kernel","message":"br-c777863a399d: port 2(vetha74c54a) entered forwarding state"}
2026-01-06T20:11:11+01:00	syslog.kern.info	{"host":"ra","ident":"kernel","message":"br-6ad2b3585db4: port 2(vethb5c489a) entered blocking state"}
2026-01-06T20:11:11+01:00	syslog.kern.info	{"host":"ra","ident":"kernel","message":"br-6ad2b3585db4: port 2(vethb5c489a) entered disabled state"}
2026-01-06T20:11:11+01:00	syslog.kern.info	{"host":"ra","ident":"kernel","message":"vethb5c489a: entered allmulticast mode"}
2026-01-06T20:11:11+01:00	syslog.kern.info	{"host":"ra","ident":"kernel","message":"vethb5c489a: entered promiscuous mode"}
2026-01-06T20:11:11+01:00	syslog.kern.info	{"host":"ra","ident":"kernel","message":"br-6ad2b3585db4: port 2(vethb5c489a) entered blocking state"}
2026-01-06T20:11:11+01:00	syslog.kern.info	{"host":"ra","ident":"kernel","message":"br-6ad2b3585db4: port 2(vethb5c489a) entered forwarding state"}
2026-01-06T20:11:11+01:00	syslog.kern.info	{"host":"ra","ident":"kernel","message":"br-9bf303624dea: port 2(veth33aa6e7) entered blocking state"}
2026-01-06T20:11:11+01:00	syslog.kern.info	{"host":"ra","ident":"kernel","message":"br-9bf303624dea: port 2(veth33aa6e7) entered disabled state"}
2026-01-06T20:11:11+01:00	syslog.kern.info	{"host":"ra","ident":"kernel","message":"veth33aa6e7: entered allmulticast mode"}
2026-01-06T20:11:11+01:00	syslog.kern.info	{"host":"ra","ident":"kernel","message":"veth33aa6e7: entered promiscuous mode"}
2026-01-06T20:11:11+01:00	syslog.kern.info	{"host":"ra","ident":"kernel","message":"br-9bf303624dea: port 2(veth33aa6e7) entered blocking state"}
2026-01-06T20:11:11+01:00	syslog.kern.info	{"host":"ra","ident":"kernel","message":"br-9bf303624dea: port 2(veth33aa6e7) entered forwarding state"}
2026-01-06T20:11:11+01:00	syslog.kern.info	{"host":"ra","ident":"kernel","message":"eth0: renamed from veth84616ab"}
2026-01-06T20:11:11+01:00	syslog.kern.info	{"host":"ra","ident":"kernel","message":"br-6ad2b3585db4: port 2(vethb5c489a) entered disabled state"}
2026-01-06T20:11:11+01:00	syslog.kern.info	{"host":"ra","ident":"kernel","message":"br-9bf303624dea: port 2(veth33aa6e7) entered disabled state"}
2026-01-06T20:11:11+01:00	syslog.kern.info	{"host":"ra","ident":"kernel","message":"eth0: renamed from vethdf3f33c"}
2026-01-06T20:11:11+01:00	syslog.kern.info	{"host":"ra","ident":"kernel","message":"br-9bf303624dea: port 2(veth33aa6e7) entered blocking state"}
2026-01-06T20:11:11+01:00	syslog.kern.info	{"host":"ra","ident":"kernel","message":"br-9bf303624dea: port 2(veth33aa6e7) entered forwarding state"}
2026-01-06T20:11:11+01:00	syslog.kern.info	{"host":"ra","ident":"kernel","message":"br-6ad2b3585db4: port 2(vethb5c489a) entered blocking state"}
2026-01-06T20:11:11+01:00	syslog.kern.info	{"host":"ra","ident":"kernel","message":"br-6ad2b3585db4: port 2(vethb5c489a) entered forwarding state"}
2026-01-06T20:11:11+01:00	syslog.daemon.info	{"host":"ra","ident":"zebra","pid":"58","message":"[VTVCM-Y2NW3] Configuration Read in Took: 00:00:00"}
2026-01-06T20:11:11+01:00	syslog.daemon.info	{"host":"ra","ident":"ospfd","pid":"70","message":"[VTVCM-Y2NW3] Configuration Read in Took: 00:00:00"}
2026-01-06T20:11:11+01:00	syslog.daemon.info	{"host":"ra","ident":"bgpd","pid":"63","message":"[VTVCM-Y2NW3] Configuration Read in Took: 00:00:00"}
2026-01-06T20:11:11+01:00	syslog.daemon.info	{"host":"ra","ident":"staticd","pid":"73","message":"[VTVCM-Y2NW3] Configuration Read in Took: 00:00:00"}
2026-01-06T20:11:11+01:00	syslog.daemon.notice	{"host":"ra","ident":"watchfrr","pid":"37","message":"[QDG3Y-BY5TN] zebra state -> up : connect succeeded"}
2026-01-06T20:11:11+01:00	syslog.daemon.notice	{"host":"ra","ident":"watchfrr","pid":"37","message":"[QDG3Y-BY5TN] bgpd state -> up : connect succeeded"}
2026-01-06T20:11:11+01:00	syslog.daemon.notice	{"host":"ra","ident":"watchfrr","pid":"37","message":"[QDG3Y-BY5TN] ospfd state -> up : connect succeeded"}
2026-01-06T20:11:11+01:00	syslog.daemon.notice	{"host":"ra","ident":"watchfrr","pid":"37","message":"[QDG3Y-BY5TN] staticd state -> up : connect succeeded"}
2026-01-06T20:11:11+01:00	syslog.daemon.notice	{"host":"ra","ident":"watchfrr","pid":"37","message":"[KWE5Q-QNGFC] all daemons up, doing startup-complete notify"}
2026-01-06T20:12:11+01:00	syslog.syslog.notice	{"host":"ra","ident":"syslog-ng","pid":"17","message":"Syslog connection established; fd='18', server='AF_INET(10.100.0.3:5140)', local='AF_INET(0.0.0.0:0)'"}
2026-01-06T20:11:11+01:00	syslog.kern.info	{"host":"rb","ident":"kernel","message":"br-7241541982a4: port 2(veth78b57bd) entered blocking state"}
2026-01-06T20:11:11+01:00	syslog.kern.info	{"host":"rb","ident":"kernel","message":"br-7241541982a4: port 2(veth78b57bd) entered forwarding state"}
2026-01-06T20:11:11+01:00	syslog.syslog.notice	{"host":"rb","ident":"syslog-ng","pid":"17","message":"syslog-ng starting up; version='3.35.1'"}
2026-01-06T20:11:11+01:00	syslog.syslog.err	{"host":"rb","ident":"syslog-ng","pid":"17","message":"Syslog connection failed; fd='15', server='AF_INET(10.100.0.3:5140)', error='Connection refused (111)', time_reopen='60'"}
2026-01-06T20:11:11+01:00	syslog.kern.info	{"host":"rb","ident":"kernel","message":"br-c777863a399d: port 2(vetha74c54a) entered blocking state"}
2026-01-06T20:11:11+01:00	syslog.kern.info	{"host":"rb","ident":"kernel","message":"br-c777863a399d: port 2(vetha74c54a) entered disabled state"}
2026-01-06T20:11:11+01:00	syslog.kern.info	{"host":"rb","ident":"kernel","message":"vetha74c54a: entered allmulticast mode"}
2026-01-06T20:11:11+01:00	syslog.kern.info	{"host":"rb","ident":"kernel","message":"vetha74c54a: entered promiscuous mode"}
2026-01-06T20:11:11+01:00	syslog.kern.info	{"host":"rb","ident":"kernel","message":"br-c777863a399d: port 2(vetha74c54a) entered blocking state"}
2026-01-06T20:11:11+01:00	syslog.kern.info	{"host":"rb","ident":"kernel","message":"br-c777863a399d: port 2(vetha74c54a) entered forwarding state"}
2026-01-06T20:11:11+01:00	syslog.kern.info	{"host":"rb","ident":"kernel","message":"eth0: renamed from veth94f0142"}
2026-01-06T20:11:11+01:00	syslog.daemon.notice	{"host":"rb","ident":"watchfrr","pid":"38","message":"[T83RR-8SM5G] watchfrr 8.1 starting: vty@0"}
2026-01-06T20:11:11+01:00	syslog.daemon.info	{"host":"rb","ident":"watchfrr","pid":"38","message":"[ZCJ3S-SPH5S] zebra state -> down : initial connection attempt failed"}
2026-01-06T20:11:11+01:00	syslog.daemon.info	{"host":"rb","ident":"watchfrr","pid":"38","message":"[ZCJ3S-SPH5S] bgpd state -> down : initial connection attempt failed"}
2026-01-06T20:11:11+01:00	syslog.daemon.info	{"host":"rb","ident":"watchfrr","pid":"38","message":"[ZCJ3S-SPH5S] ospfd state -> down : initial connection attempt failed"}
2026-01-06T20:11:11+01:00	syslog.daemon.info	{"host":"rb","ident":"watchfrr","pid":"38","message":"[ZCJ3S-SPH5S] staticd state -> down : initial connection attempt failed"}
2026-01-06T20:11:11+01:00	syslog.daemon.info	{"host":"rb","ident":"watchfrr","pid":"38","message":"[YFT0P-5Q5YX] Forked background command [pid 39]: /usr/lib/frr/watchfrr.sh restart all"}
2026-01-06T20:11:11+01:00	syslog.daemon.err	{"host":"rb","ident":"watchfrr.sh","pid":"48","message":"Cannot stop staticd: pid file not found"}
2026-01-06T20:11:11+01:00	syslog.daemon.err	{"host":"rb","ident":"watchfrr.sh","pid":"51","message":"Cannot stop ospfd: pid file not found"}
2026-01-06T20:11:11+01:00	syslog.daemon.err	{"host":"rb","ident":"watchfrr.sh","pid":"53","message":"Cannot stop bgpd: pid file not found"}
2026-01-06T20:11:11+01:00	syslog.daemon.err	{"host":"rb","ident":"watchfrr.sh","pid":"55","message":"Cannot stop zebra: pid file not found"}
2026-01-06T20:11:11+01:00	syslog.kern.info	{"host":"rb","ident":"kernel","message":"br-c777863a399d: port 2(vetha74c54a) entered disabled state"}
2026-01-06T20:11:11+01:00	syslog.kern.info	{"host":"rb","ident":"kernel","message":"eth0: renamed from vethc7d7f46"}
2026-01-06T20:11:11+01:00	syslog.kern.info	{"host":"rb","ident":"kernel","message":"br-c777863a399d: port 2(vetha74c54a) entered blocking state"}
2026-01-06T20:11:11+01:00	syslog.kern.info	{"host":"rb","ident":"kernel","message":"br-c777863a399d: port 2(vetha74c54a) entered forwarding state"}
2026-01-06T20:11:11+01:00	syslog.kern.info	{"host":"rb","ident":"kernel","message":"br-6ad2b3585db4: port 2(vethb5c489a) entered blocking state"}
2026-01-06T20:11:11+01:00	syslog.kern.info	{"host":"rb","ident":"kernel","message":"br-6ad2b3585db4: port 2(vethb5c489a) entered disabled state"}
2026-01-06T20:11:11+01:00	syslog.kern.info	{"host":"rb","ident":"kernel","message":"vethb5c489a: entered allmulticast mode"}
2026-01-06T20:11:11+01:00	syslog.kern.info	{"host":"rb","ident":"kernel","message":"vethb5c489a: entered promiscuous mode"}
2026-01-06T20:11:11+01:00	syslog.kern.info	{"host":"rb","ident":"kernel","message":"br-6ad2b3585db4: port 2(vethb5c489a) entered blocking state"}
2026-01-06T20:11:11+01:00	syslog.kern.info	{"host":"rb","ident":"kernel","message":"br-6ad2b3585db4: port 2(vethb5c489a) entered forwarding state"}
2026-01-06T20:11:11+01:00	syslog.kern.info	{"host":"rb","ident":"kernel","message":"br-9bf303624dea: port 2(veth33aa6e7) entered blocking state"}
2026-01-06T20:11:11+01:00	syslog.kern.info	{"host":"rb","ident":"kernel","message":"br-9bf303624dea: port 2(veth33aa6e7) entered disabled state"}
2026-01-06T20:11:11+01:00	syslog.kern.info	{"host":"rb","ident":"kernel","message":"veth33aa6e7: entered allmulticast mode"}
2026-01-06T20:11:11+01:00	syslog.kern.info	{"host":"rb","ident":"kernel","message":"veth33aa6e7: entered promiscuous mode"}
2026-01-06T20:11:11+01:00	syslog.kern.info	{"host":"rb","ident":"kernel","message":"br-9bf303624dea: port 2(veth33aa6e7) entered blocking state"}
2026-01-06T20:11:11+01:00	syslog.kern.info	{"host":"rb","ident":"kernel","message":"br-9bf303624dea: port 2(veth33aa6e7) entered forwarding state"}
2026-01-06T20:11:11+01:00	syslog.kern.info	{"host":"rb","ident":"kernel","message":"eth0: renamed from veth84616ab"}
2026-01-06T20:11:11+01:00	syslog.kern.info	{"host":"rb","ident":"kernel","message":"br-6ad2b3585db4: port 2(vethb5c489a) entered disabled state"}
2026-01-06T20:11:11+01:00	syslog.kern.info	{"host":"rb","ident":"kernel","message":"br-9bf303624dea: port 2(veth33aa6e7) entered disabled state"}
2026-01-06T20:11:11+01:00	syslog.kern.info	{"host":"rb","ident":"kernel","message":"eth0: renamed from vethdf3f33c"}
2026-01-06T20:11:11+01:00	syslog.kern.info	{"host":"rb","ident":"kernel","message":"br-9bf303624dea: port 2(veth33aa6e7) entered blocking state"}
2026-01-06T20:11:11+01:00	syslog.kern.info	{"host":"rb","ident":"kernel","message":"br-9bf303624dea: port 2(veth33aa6e7) entered forwarding state"}
2026-01-06T20:11:11+01:00	syslog.kern.info	{"host":"rb","ident":"kernel","message":"br-6ad2b3585db4: port 2(vethb5c489a) entered blocking state"}
2026-01-06T20:11:11+01:00	syslog.kern.info	{"host":"rb","ident":"kernel","message":"br-6ad2b3585db4: port 2(vethb5c489a) entered forwarding state"}
2026-01-06T20:11:11+01:00	syslog.daemon.info	{"host":"rb","ident":"zebra","pid":"57","message":"[VTVCM-Y2NW3] Configuration Read in Took: 00:00:00"}
2026-01-06T20:11:11+01:00	syslog.daemon.info	{"host":"rb","ident":"ospfd","pid":"69","message":"[VTVCM-Y2NW3] Configuration Read in Took: 00:00:00"}
2026-01-06T20:11:11+01:00	syslog.daemon.info	{"host":"rb","ident":"bgpd","pid":"62","message":"[VTVCM-Y2NW3] Configuration Read in Took: 00:00:00"}
2026-01-06T20:11:11+01:00	syslog.daemon.info	{"host":"rb","ident":"staticd","pid":"72","message":"[VTVCM-Y2NW3] Configuration Read in Took: 00:00:00"}
2026-01-06T20:11:11+01:00	syslog.daemon.notice	{"host":"rb","ident":"watchfrr","pid":"38","message":"[QDG3Y-BY5TN] zebra state -> up : connect succeeded"}
2026-01-06T20:11:11+01:00	syslog.daemon.notice	{"host":"rb","ident":"watchfrr","pid":"38","message":"[QDG3Y-BY5TN] bgpd state -> up : connect succeeded"}
2026-01-06T20:11:11+01:00	syslog.daemon.notice	{"host":"rb","ident":"watchfrr","pid":"38","message":"[QDG3Y-BY5TN] ospfd state -> up : connect succeeded"}
2026-01-06T20:11:11+01:00	syslog.daemon.notice	{"host":"rb","ident":"watchfrr","pid":"38","message":"[QDG3Y-BY5TN] staticd state -> up : connect succeeded"}
2026-01-06T20:11:11+01:00	syslog.daemon.notice	{"host":"rb","ident":"watchfrr","pid":"38","message":"[KWE5Q-QNGFC] all daemons up, doing startup-complete notify"}
2026-01-06T20:11:56+01:00	syslog.daemon.info	{"host":"rb","ident":"ospfd","pid":"69","message":"[S5PCG-77H23] Packet[DD]: Neighbor 10.3.0.3 Negotiation done (Master)."}
2026-01-06T20:12:11+01:00	syslog.syslog.notice	{"host":"rb","ident":"syslog-ng","pid":"17","message":"Syslog connection established; fd='5', server='AF_INET(10.100.0.3:5140)', local='AF_INET(0.0.0.0:0)'"}
2026-01-06T20:11:11+01:00	syslog.syslog.notice	{"host":"rc2","ident":"syslog-ng","pid":"17","message":"syslog-ng starting up; version='3.35.1'"}
2026-01-06T20:11:11+01:00	syslog.syslog.err	{"host":"rc2","ident":"syslog-ng","pid":"17","message":"Syslog connection failed; fd='15', server='AF_INET(10.100.0.3:5140)', error='Connection refused (111)', time_reopen='60'"}
2026-01-06T20:11:11+01:00	syslog.kern.info	{"host":"rc2","ident":"kernel","message":"br-c777863a399d: port 2(vetha74c54a) entered disabled state"}
2026-01-06T20:11:11+01:00	syslog.kern.info	{"host":"rc2","ident":"kernel","message":"eth0: renamed from vethc7d7f46"}
2026-01-06T20:11:11+01:00	syslog.daemon.notice	{"host":"rc2","ident":"watchfrr","pid":"37","message":"[T83RR-8SM5G] watchfrr 8.1 starting: vty@0"}
2026-01-06T20:11:11+01:00	syslog.daemon.info	{"host":"rc2","ident":"watchfrr","pid":"37","message":"[ZCJ3S-SPH5S] zebra state -> down : initial connection attempt failed"}
2026-01-06T20:11:11+01:00	syslog.daemon.info	{"host":"rc2","ident":"watchfrr","pid":"37","message":"[ZCJ3S-SPH5S] bgpd state -> down : initial connection attempt failed"}
2026-01-06T20:11:11+01:00	syslog.daemon.info	{"host":"rc2","ident":"watchfrr","pid":"37","message":"[ZCJ3S-SPH5S] ospfd state -> down : initial connection attempt failed"}
2026-01-06T20:11:11+01:00	syslog.daemon.info	{"host":"rc2","ident":"watchfrr","pid":"37","message":"[ZCJ3S-SPH5S] staticd state -> down : initial connection attempt failed"}
2026-01-06T20:11:11+01:00	syslog.daemon.info	{"host":"rc2","ident":"watchfrr","pid":"37","message":"[YFT0P-5Q5YX] Forked background command [pid 38]: /usr/lib/frr/watchfrr.sh restart all"}
2026-01-06T20:11:11+01:00	syslog.daemon.err	{"host":"rc2","ident":"watchfrr.sh","pid":"47","message":"Cannot stop staticd: pid file not found"}
2026-01-06T20:11:11+01:00	syslog.daemon.err	{"host":"rc2","ident":"watchfrr.sh","pid":"50","message":"Cannot stop ospfd: pid file not found"}
2026-01-06T20:11:11+01:00	syslog.daemon.err	{"host":"rc2","ident":"watchfrr.sh","pid":"52","message":"Cannot stop bgpd: pid file not found"}
2026-01-06T20:11:11+01:00	syslog.daemon.err	{"host":"rc2","ident":"watchfrr.sh","pid":"54","message":"Cannot stop zebra: pid file not found"}
2026-01-06T20:11:11+01:00	syslog.kern.info	{"host":"rc2","ident":"kernel","message":"br-c777863a399d: port 2(vetha74c54a) entered blocking state"}
2026-01-06T20:11:11+01:00	syslog.kern.info	{"host":"rc2","ident":"kernel","message":"br-c777863a399d: port 2(vetha74c54a) entered forwarding state"}
2026-01-06T20:11:11+01:00	syslog.kern.info	{"host":"rc2","ident":"kernel","message":"br-6ad2b3585db4: port 2(vethb5c489a) entered blocking state"}
2026-01-06T20:11:11+01:00	syslog.kern.info	{"host":"rc2","ident":"kernel","message":"br-6ad2b3585db4: port 2(vethb5c489a) entered disabled state"}
2026-01-06T20:11:11+01:00	syslog.kern.info	{"host":"rc2","ident":"kernel","message":"vethb5c489a: entered allmulticast mode"}
2026-01-06T20:11:11+01:00	syslog.kern.info	{"host":"rc2","ident":"kernel","message":"vethb5c489a: entered promiscuous mode"}
2026-01-06T20:11:11+01:00	syslog.kern.info	{"host":"rc2","ident":"kernel","message":"br-6ad2b3585db4: port 2(vethb5c489a) entered blocking state"}
2026-01-06T20:11:11+01:00	syslog.kern.info	{"host":"rc2","ident":"kernel","message":"br-6ad2b3585db4: port 2(vethb5c489a) entered forwarding state"}
2026-01-06T20:11:11+01:00	syslog.kern.info	{"host":"rc2","ident":"kernel","message":"br-9bf303624dea: port 2(veth33aa6e7) entered blocking state"}
2026-01-06T20:11:11+01:00	syslog.kern.info	{"host":"rc2","ident":"kernel","message":"br-9bf303624dea: port 2(veth33aa6e7) entered disabled state"}
2026-01-06T20:11:11+01:00	syslog.kern.info	{"host":"rc2","ident":"kernel","message":"veth33aa6e7: entered allmulticast mode"}
2026-01-06T20:11:11+01:00	syslog.kern.info	{"host":"rc2","ident":"kernel","message":"veth33aa6e7: entered promiscuous mode"}
2026-01-06T20:11:11+01:00	syslog.kern.info	{"host":"rc2","ident":"kernel","message":"br-9bf303624dea: port 2(veth33aa6e7) entered blocking state"}
2026-01-06T20:11:11+01:00	syslog.kern.info	{"host":"rc2","ident":"kernel","message":"br-9bf303624dea: port 2(veth33aa6e7) entered forwarding state"}
2026-01-06T20:11:11+01:00	syslog.kern.info	{"host":"rc2","ident":"kernel","message":"eth0: renamed from veth84616ab"}
2026-01-06T20:11:11+01:00	syslog.kern.info	{"host":"rc2","ident":"kernel","message":"br-6ad2b3585db4: port 2(vethb5c489a) entered disabled state"}
2026-01-06T20:11:11+01:00	syslog.kern.info	{"host":"rc2","ident":"kernel","message":"br-9bf303624dea: port 2(veth33aa6e7) entered disabled state"}
2026-01-06T20:11:11+01:00	syslog.kern.info	{"host":"rc2","ident":"kernel","message":"eth0: renamed from vethdf3f33c"}
2026-01-06T20:11:11+01:00	syslog.kern.info	{"host":"rc2","ident":"kernel","message":"br-9bf303624dea: port 2(veth33aa6e7) entered blocking state"}
2026-01-06T20:11:11+01:00	syslog.kern.info	{"host":"rc2","ident":"kernel","message":"br-9bf303624dea: port 2(veth33aa6e7) entered forwarding state"}
2026-01-06T20:11:11+01:00	syslog.kern.info	{"host":"rc2","ident":"kernel","message":"br-6ad2b3585db4: port 2(vethb5c489a) entered blocking state"}
2026-01-06T20:11:11+01:00	syslog.kern.info	{"host":"rc2","ident":"kernel","message":"br-6ad2b3585db4: port 2(vethb5c489a) entered forwarding state"}
2026-01-06T20:11:11+01:00	syslog.daemon.info	{"host":"rc2","ident":"zebra","pid":"56","message":"[VTVCM-Y2NW3] Configuration Read in Took: 00:00:00"}
2026-01-06T20:11:11+01:00	syslog.daemon.info	{"host":"rc2","ident":"ospfd","pid":"68","message":"[VTVCM-Y2NW3] Configuration Read in Took: 00:00:00"}
2026-01-06T20:11:11+01:00	syslog.daemon.info	{"host":"rc2","ident":"bgpd","pid":"61","message":"[VTVCM-Y2NW3] Configuration Read in Took: 00:00:00"}
2026-01-06T20:11:11+01:00	syslog.daemon.info	{"host":"rc2","ident":"staticd","pid":"71","message":"[VTVCM-Y2NW3] Configuration Read in Took: 00:00:00"}
2026-01-06T20:11:11+01:00	syslog.daemon.notice	{"host":"rc2","ident":"watchfrr","pid":"37","message":"[QDG3Y-BY5TN] zebra state -> up : connect succeeded"}
2026-01-06T20:11:11+01:00	syslog.daemon.notice	{"host":"rc2","ident":"watchfrr","pid":"37","message":"[QDG3Y-BY5TN] bgpd state -> up : connect succeeded"}
2026-01-06T20:11:11+01:00	syslog.daemon.notice	{"host":"rc2","ident":"watchfrr","pid":"37","message":"[QDG3Y-BY5TN] ospfd state -> up : connect succeeded"}
2026-01-06T20:11:11+01:00	syslog.daemon.notice	{"host":"rc2","ident":"watchfrr","pid":"37","message":"[QDG3Y-BY5TN] staticd state -> up : connect succeeded"}
2026-01-06T20:11:11+01:00	syslog.daemon.notice	{"host":"rc2","ident":"watchfrr","pid":"37","message":"[KWE5Q-QNGFC] all daemons up, doing startup-complete notify"}
2026-01-06T20:11:51+01:00	syslog.daemon.info	{"host":"rc2","ident":"ospfd","pid":"68","message":"[S5PCG-77H23] Packet[DD]: Neighbor 10.2.0.4 Negotiation done (Master)."}
2026-01-06T20:12:11+01:00	syslog.syslog.notice	{"host":"rc2","ident":"syslog-ng","pid":"17","message":"Syslog connection established; fd='18', server='AF_INET(10.100.0.3:5140)', local='AF_INET(0.0.0.0:0)'"}
2026-01-06T20:20:42+01:00	fluent.info	{"pid":15,"ppid":9,"worker":0,"message":"starting fluentd worker pid=15 ppid=9 worker=0"}
2026-01-06T20:20:42+01:00	fluent.info	{"message":"listening syslog socket on 0.0.0.0:5140 with tcp"}
2026-01-06T20:20:42+01:00	fluent.info	{"port":24224,"bind":"0.0.0.0","message":"listening port port=24224 bind=\"0.0.0.0\""}
2026-01-06T20:20:42+01:00	fluent.info	{"worker":0,"message":"fluentd worker is now running worker=0"}
2026-01-06T20:20:41+01:00	server	{"container_id":"7ae61ec88576e71bdd795d56726c33be6c63ab0d8a45c1a1465f8760dd6173cd","container_name":"/docker-server-1","source":"stdout","log":"Hit:1 http://archive.ubuntu.com/ubuntu jammy InRelease"}
2026-01-06T20:20:41+01:00	server	{"log":"Hit:2 http://archive.ubuntu.com/ubuntu jammy-updates InRelease","container_id":"7ae61ec88576e71bdd795d56726c33be6c63ab0d8a45c1a1465f8760dd6173cd","container_name":"/docker-server-1","source":"stdout"}
2026-01-06T20:20:41+01:00	server	{"container_id":"7ae61ec88576e71bdd795d56726c33be6c63ab0d8a45c1a1465f8760dd6173cd","container_name":"/docker-server-1","source":"stdout","log":"Hit:3 http://archive.ubuntu.com/ubuntu jammy-backports InRelease"}
2026-01-06T20:20:41+01:00	server	{"container_name":"/docker-server-1","source":"stdout","log":"Hit:4 http://security.ubuntu.com/ubuntu jammy-security InRelease","container_id":"7ae61ec88576e71bdd795d56726c33be6c63ab0d8a45c1a1465f8760dd6173cd"}
2026-01-06T20:20:42+01:00	server	{"container_name":"/docker-server-1","source":"stdout","log":"Reading package lists...","container_id":"7ae61ec88576e71bdd795d56726c33be6c63ab0d8a45c1a1465f8760dd6173cd"}
2026-01-06T20:20:41+01:00	rc1	{"container_id":"1d381b91bdd0e8f18f30917cc87d732ec47f55ffc61b8ca4ed29fb7e97b90906","container_name":"/docker-rc1-1","source":"stdout","log":" * Starting system logging syslog-ng"}
2026-01-06T20:20:41+01:00	rc1	{"source":"stderr","log":"[2026-01-06T20:20:41.774557] WARNING: Configuration file format is too old, syslog-ng is running in compatibility mode. Please update it to use the syslog-ng 3.35 format at your time of convenience. To upgrade the configuration, please review the warnings about incompatible changes printed by syslog-ng, and once completed change the @version header at the top of the configuration file; config-version='3.27'","container_id":"1d381b91bdd0e8f18f30917cc87d732ec47f55ffc61b8ca4ed29fb7e97b90906","container_name":"/docker-rc1-1"}
2026-01-06T20:20:41+01:00	rc1	{"container_id":"1d381b91bdd0e8f18f30917cc87d732ec47f55ffc61b8ca4ed29fb7e97b90906","container_name":"/docker-rc1-1","source":"stderr","log":"[2026-01-06T20:20:41.804236] WARNING: The internal_queue_length stat counter has been renamed to internal_source.queued. The old name will be removed in future versions; config-version='3.27'"}
2026-01-06T20:20:41+01:00	rc1	{"container_id":"1d381b91bdd0e8f18f30917cc87d732ec47f55ffc61b8ca4ed29fb7e97b90906","container_name":"/docker-rc1-1","source":"stdout","log":"   ...done."}
2026-01-06T20:20:42+01:00	rc1	{"container_id":"1d381b91bdd0e8f18f30917cc87d732ec47f55ffc61b8ca4ed29fb7e97b90906","container_name":"/docker-rc1-1","source":"stdout","log":" * Started watchfrr"}
2026-01-06T20:20:42+01:00	rc1	{"container_id":"1d381b91bdd0e8f18f30917cc87d732ec47f55ffc61b8ca4ed29fb7e97b90906","container_name":"/docker-rc1-1","source":"stdout","log":""}
2026-01-06T20:20:42+01:00	rc1	{"container_name":"/docker-rc1-1","source":"stdout","log":"Hello, this is FRRouting (version 8.1).","container_id":"1d381b91bdd0e8f18f30917cc87d732ec47f55ffc61b8ca4ed29fb7e97b90906"}
2026-01-06T20:20:42+01:00	rc1	{"log":"Copyright 1996-2005 Kunihiro Ishiguro, et al.","container_id":"1d381b91bdd0e8f18f30917cc87d732ec47f55ffc61b8ca4ed29fb7e97b90906","container_name":"/docker-rc1-1","source":"stdout"}
2026-01-06T20:20:42+01:00	rc1	{"container_id":"1d381b91bdd0e8f18f30917cc87d732ec47f55ffc61b8ca4ed29fb7e97b90906","container_name":"/docker-rc1-1","source":"stdout","log":""}
2026-01-06T20:20:42+01:00	rc1	{"container_id":"1d381b91bdd0e8f18f30917cc87d732ec47f55ffc61b8ca4ed29fb7e97b90906","container_name":"/docker-rc1-1","source":"stdout","log":"rc1# conf t"}
2026-01-06T20:20:42+01:00	rc1	{"container_id":"1d381b91bdd0e8f18f30917cc87d732ec47f55ffc61b8ca4ed29fb7e97b90906","container_name":"/docker-rc1-1","source":"stdout","log":"rc1(config)# log file /shared-volume/frr/frr3.log"}
2026-01-06T20:20:42+01:00	rc1	{"container_name":"/docker-rc1-1","source":"stdout","log":"rc1(config)# router ospf","container_id":"1d381b91bdd0e8f18f30917cc87d732ec47f55ffc61b8ca4ed29fb7e97b90906"}
2026-01-06T20:20:42+01:00	rc1	{"log":"rc1(config-router)# network 10.1.0.0/29 area 0","container_id":"1d381b91bdd0e8f18f30917cc87d732ec47f55ffc61b8ca4ed29fb7e97b90906","container_name":"/docker-rc1-1","source":"stdout"}
2026-01-06T20:20:42+01:00	rc1	{"log":"rc1(config-router)# network 10.100.0.0/24 area 0","container_id":"1d381b91bdd0e8f18f30917cc87d732ec47f55ffc61b8ca4ed29fb7e97b90906","container_name":"/docker-rc1-1","source":"stdout"}
2026-01-06T20:20:42+01:00	rc1	{"container_name":"/docker-rc1-1","source":"stdout","log":"rc1(config-router)# end","container_id":"1d381b91bdd0e8f18f30917cc87d732ec47f55ffc61b8ca4ed29fb7e97b90906"}
2026-01-06T20:20:42+01:00	rc1	{"log":"rc1# ","container_id":"1d381b91bdd0e8f18f30917cc87d732ec47f55ffc61b8ca4ed29fb7e97b90906","container_name":"/docker-rc1-1","source":"stdout"}
2026-01-06T20:20:41+01:00	ra	{"container_id":"493ca6683c27ded7fc4d70af38bdfc83207a0faa761c74fed387947547bb6fab","container_name":"/docker-ra-1","source":"stdout","log":" * Starting system logging syslog-ng"}
2026-01-06T20:20:41+01:00	ra	{"log":"[2026-01-06T20:20:41.826245] WARNING: Configuration file format is too old, syslog-ng is running in compatibility mode. Please update it to use the syslog-ng 3.35 format at your time of convenience. To upgrade the configuration, please review the warnings about incompatible changes printed by syslog-ng, and once completed change the @version header at the top of the configuration file; config-version='3.27'","container_id":"493ca6683c27ded7fc4d70af38bdfc83207a0faa761c74fed387947547bb6fab","container_name":"/docker-ra-1","source":"stderr"}
2026-01-06T20:20:41+01:00	ra	{"source":"stderr","log":"[2026-01-06T20:20:41.853420] WARNING: The internal_queue_length stat counter has been renamed to internal_source.queued. The old name will be removed in future versions; config-version='3.27'","container_id":"493ca6683c27ded7fc4d70af38bdfc83207a0faa761c74fed387947547bb6fab","container_name":"/docker-ra-1"}
2026-01-06T20:20:41+01:00	ra	{"log":"   ...done.","container_id":"493ca6683c27ded7fc4d70af38bdfc83207a0faa761c74fed387947547bb6fab","container_name":"/docker-ra-1","source":"stdout"}
2026-01-06T20:20:42+01:00	ra	{"log":" * Started watchfrr","container_id":"493ca6683c27ded7fc4d70af38bdfc83207a0faa761c74fed387947547bb6fab","container_name":"/docker-ra-1","source":"stdout"}
2026-01-06T20:20:42+01:00	ra	{"source":"stdout","log":"","container_id":"493ca6683c27ded7fc4d70af38bdfc83207a0faa761c74fed387947547bb6fab","container_name":"/docker-ra-1"}
2026-01-06T20:20:42+01:00	ra	{"container_id":"493ca6683c27ded7fc4d70af38bdfc83207a0faa761c74fed387947547bb6fab","container_name":"/docker-ra-1","source":"stdout","log":"Hello, this is FRRouting (version 8.1)."}
2026-01-06T20:20:42+01:00	ra	{"container_id":"493ca6683c27ded7fc4d70af38bdfc83207a0faa761c74fed387947547bb6fab","container_name":"/docker-ra-1","source":"stdout","log":"Copyright 1996-2005 Kunihiro Ishiguro, et al."}
2026-01-06T20:20:42+01:00	ra	{"container_name":"/docker-ra-1","source":"stdout","log":"","container_id":"493ca6683c27ded7fc4d70af38bdfc83207a0faa761c74fed387947547bb6fab"}
2026-01-06T20:20:42+01:00	ra	{"log":"ra# conf t","container_id":"493ca6683c27ded7fc4d70af38bdfc83207a0faa761c74fed387947547bb6fab","container_name":"/docker-ra-1","source":"stdout"}
2026-01-06T20:20:42+01:00	ra	{"log":"ra(config)# log file /shared-volume/frr/frr1.log","container_id":"493ca6683c27ded7fc4d70af38bdfc83207a0faa761c74fed387947547bb6fab","container_name":"/docker-ra-1","source":"stdout"}
2026-01-06T20:20:42+01:00	ra	{"container_id":"493ca6683c27ded7fc4d70af38bdfc83207a0faa761c74fed387947547bb6fab","container_name":"/docker-ra-1","source":"stdout","log":"ra(config)# router ospf"}
2026-01-06T20:20:42+01:00	ra	{"log":"ra(config-router)# network 10.2.0.0/29 area 0","container_id":"493ca6683c27ded7fc4d70af38bdfc83207a0faa761c74fed387947547bb6fab","container_name":"/docker-ra-1","source":"stdout"}
2026-01-06T20:20:42+01:00	ra	{"source":"stdout","log":"ra(config-router)# network 10.0.1.0/24 area 0","container_id":"493ca6683c27ded7fc4d70af38bdfc83207a0faa761c74fed387947547bb6fab","container_name":"/docker-ra-1"}
2026-01-06T20:20:42+01:00	ra	{"source":"stdout","log":"ra(config-router)# network 10.0.2.0/24 area 0","container_id":"493ca6683c27ded7fc4d70af38bdfc83207a0faa761c74fed387947547bb6fab","container_name":"/docker-ra-1"}
2026-01-06T20:20:42+01:00	ra	{"container_name":"/docker-ra-1","source":"stdout","log":"ra(config-router)# end","container_id":"493ca6683c27ded7fc4d70af38bdfc83207a0faa761c74fed387947547bb6fab"}
2026-01-06T20:20:42+01:00	ra	{"container_id":"493ca6683c27ded7fc4d70af38bdfc83207a0faa761c74fed387947547bb6fab","container_name":"/docker-ra-1","source":"stdout","log":"ra# "}
2026-01-06T20:20:41+01:00	rc2	{"container_id":"dcf64dd2b7a725344413c00fd423d196a92a3fee47983660dc66fe9a6c44634e","container_name":"/docker-rc2-1","source":"stdout","log":" * Starting system logging syslog-ng"}
2026-01-06T20:20:41+01:00	rc2	{"container_name":"/docker-rc2-1","source":"stderr","log":"[2026-01-06T20:20:41.913059] WARNING: Configuration file format is too old, syslog-ng is running in compatibility mode. Please update it to use the syslog-ng 3.35 format at your time of convenience. To upgrade the configuration, please review the warnings about incompatible changes printed by syslog-ng, and once completed change the @version header at the top of the configuration file; config-version='3.27'","container_id":"dcf64dd2b7a725344413c00fd423d196a92a3fee47983660dc66fe9a6c44634e"}
2026-01-06T20:20:41+01:00	rc2	{"container_id":"dcf64dd2b7a725344413c00fd423d196a92a3fee47983660dc66fe9a6c44634e","container_name":"/docker-rc2-1","source":"stderr","log":"[2026-01-06T20:20:41.942655] WARNING: The internal_queue_length stat counter has been renamed to internal_source.queued. The old name will be removed in future versions; config-version='3.27'"}
2026-01-06T20:20:41+01:00	rc2	{"source":"stdout","log":"   ...done.","container_id":"dcf64dd2b7a725344413c00fd423d196a92a3fee47983660dc66fe9a6c44634e","container_name":"/docker-rc2-1"}
2026-01-06T20:20:42+01:00	rc2	{"source":"stdout","log":" * Started watchfrr","container_id":"dcf64dd2b7a725344413c00fd423d196a92a3fee47983660dc66fe9a6c44634e","container_name":"/docker-rc2-1"}
2026-01-06T20:20:42+01:00	rc2	{"container_id":"dcf64dd2b7a725344413c00fd423d196a92a3fee47983660dc66fe9a6c44634e","container_name":"/docker-rc2-1","source":"stdout","log":""}
2026-01-06T20:20:42+01:00	rc2	{"container_name":"/docker-rc2-1","source":"stdout","log":"Hello, this is FRRouting (version 8.1).","container_id":"dcf64dd2b7a725344413c00fd423d196a92a3fee47983660dc66fe9a6c44634e"}
2026-01-06T20:20:42+01:00	rc2	{"container_id":"dcf64dd2b7a725344413c00fd423d196a92a3fee47983660dc66fe9a6c44634e","container_name":"/docker-rc2-1","source":"stdout","log":"Copyright 1996-2005 Kunihiro Ishiguro, et al."}
2026-01-06T20:20:42+01:00	rc2	{"container_name":"/docker-rc2-1","source":"stdout","log":"","container_id":"dcf64dd2b7a725344413c00fd423d196a92a3fee47983660dc66fe9a6c44634e"}
2026-01-06T20:20:42+01:00	rc2	{"log":"rc2# conf t","container_id":"dcf64dd2b7a725344413c00fd423d196a92a3fee47983660dc66fe9a6c44634e","container_name":"/docker-rc2-1","source":"stdout"}
2026-01-06T20:20:42+01:00	rc2	{"container_id":"dcf64dd2b7a725344413c00fd423d196a92a3fee47983660dc66fe9a6c44634e","container_name":"/docker-rc2-1","source":"stdout","log":"rc2(config)# log file /shared-volume/frr/frr4.log"}
2026-01-06T20:20:42+01:00	rc2	{"container_id":"dcf64dd2b7a725344413c00fd423d196a92a3fee47983660dc66fe9a6c44634e","container_name":"/docker-rc2-1","source":"stdout","log":"rc2(config)# router ospf"}
2026-01-06T20:20:42+01:00	rc2	{"container_id":"dcf64dd2b7a725344413c00fd423d196a92a3fee47983660dc66fe9a6c44634e","container_name":"/docker-rc2-1","source":"stdout","log":"rc2(config-router)# network 10.1.0.0/29 area 0"}
2026-01-06T20:20:42+01:00	rc2	{"log":"rc2(config-router)# network 10.2.0.0/29 area 0","container_id":"dcf64dd2b7a725344413c00fd423d196a92a3fee47983660dc66fe9a6c44634e","container_name":"/docker-rc2-1","source":"stdout"}
2026-01-06T20:20:42+01:00	rc2	{"source":"stdout","log":"rc2(config-router)# network 10.3.0.0/29 area 0","container_id":"dcf64dd2b7a725344413c00fd423d196a92a3fee47983660dc66fe9a6c44634e","container_name":"/docker-rc2-1"}
2026-01-06T20:20:42+01:00	rc2	{"log":"rc2(config-router)# end","container_id":"dcf64dd2b7a725344413c00fd423d196a92a3fee47983660dc66fe9a6c44634e","container_name":"/docker-rc2-1","source":"stdout"}
2026-01-06T20:20:42+01:00	rc2	{"container_name":"/docker-rc2-1","source":"stdout","log":"rc2# ","container_id":"dcf64dd2b7a725344413c00fd423d196a92a3fee47983660dc66fe9a6c44634e"}
2026-01-06T20:20:41+01:00	rb	{"container_name":"/docker-rb-1","source":"stdout","log":" * Starting system logging syslog-ng","container_id":"71383e1aaf4ee416a17d16afaa4b1149a60eb98086f47d2eb1af7e4a0fdd268f"}
2026-01-06T20:20:41+01:00	rb	{"container_id":"71383e1aaf4ee416a17d16afaa4b1149a60eb98086f47d2eb1af7e4a0fdd268f","container_name":"/docker-rb-1","source":"stderr","log":"[2026-01-06T20:20:41.926660] WARNING: Configuration file format is too old, syslog-ng is running in compatibility mode. Please update it to use the syslog-ng 3.35 format at your time of convenience. To upgrade the configuration, please review the warnings about incompatible changes printed by syslog-ng, and once completed change the @version header at the top of the configuration file; config-version='3.27'"}
2026-01-06T20:20:41+01:00	rb	{"container_name":"/docker-rb-1","source":"stderr","log":"[2026-01-06T20:20:41.956659] WARNING: The internal_queue_length stat counter has been renamed to internal_source.queued. The old name will be removed in future versions; config-version='3.27'","container_id":"71383e1aaf4ee416a17d16afaa4b1149a60eb98086f47d2eb1af7e4a0fdd268f"}
2026-01-06T20:20:41+01:00	rb	{"container_id":"71383e1aaf4ee416a17d16afaa4b1149a60eb98086f47d2eb1af7e4a0fdd268f","container_name":"/docker-rb-1","source":"stdout","log":"   ...done."}
2026-01-06T20:20:42+01:00	rb	{"log":" * Started watchfrr","container_id":"71383e1aaf4ee416a17d16afaa4b1149a60eb98086f47d2eb1af7e4a0fdd268f","container_name":"/docker-rb-1","source":"stdout"}
2026-01-06T20:20:42+01:00	rb	{"source":"stdout","log":"","container_id":"71383e1aaf4ee416a17d16afaa4b1149a60eb98086f47d2eb1af7e4a0fdd268f","container_name":"/docker-rb-1"}
2026-01-06T20:20:42+01:00	rb	{"source":"stdout","log":"Hello, this is FRRouting (version 8.1).","container_id":"71383e1aaf4ee416a17d16afaa4b1149a60eb98086f47d2eb1af7e4a0fdd268f","container_name":"/docker-rb-1"}
2026-01-06T20:20:42+01:00	rb	{"source":"stdout","log":"Copyright 1996-2005 Kunihiro Ishiguro, et al.","container_id":"71383e1aaf4ee416a17d16afaa4b1149a60eb98086f47d2eb1af7e4a0fdd268f","container_name":"/docker-rb-1"}
2026-01-06T20:20:42+01:00	rb	{"container_id":"71383e1aaf4ee416a17d16afaa4b1149a60eb98086f47d2eb1af7e4a0fdd268f","container_name":"/docker-rb-1","source":"stdout","log":""}
2026-01-06T20:20:42+01:00	rb	{"container_id":"71383e1aaf4ee416a17d16afaa4b1149a60eb98086f47d2eb1af7e4a0fdd268f","container_name":"/docker-rb-1","source":"stdout","log":"rb# conf t"}
2026-01-06T20:20:42+01:00	rb	{"source":"stdout","log":"rb(config)# log file /shared-volume/frr/frr2.log","container_id":"71383e1aaf4ee416a17d16afaa4b1149a60eb98086f47d2eb1af7e4a0fdd268f","container_name":"/docker-rb-1"}
2026-01-06T20:20:42+01:00	rb	{"container_name":"/docker-rb-1","source":"stdout","log":"rb(config)# router ospf","container_id":"71383e1aaf4ee416a17d16afaa4b1149a60eb98086f47d2eb1af7e4a0fdd268f"}
2026-01-06T20:20:42+01:00	rb	{"log":"rb(config-router)# network 10.3.0.0/29 area 0","container_id":"71383e1aaf4ee416a17d16afaa4b1149a60eb98086f47d2eb1af7e4a0fdd268f","container_name":"/docker-rb-1","source":"stdout"}
2026-01-06T20:20:42+01:00	rb	{"container_id":"71383e1aaf4ee416a17d16afaa4b1149a60eb98086f47d2eb1af7e4a0fdd268f","container_name":"/docker-rb-1","source":"stdout","log":"rb(config-router)# network 10.0.3.0/24 area 0"}
2026-01-06T20:20:42+01:00	rb	{"log":"rb(config-router)# network 10.0.4.0/24 area 0","container_id":"71383e1aaf4ee416a17d16afaa4b1149a60eb98086f47d2eb1af7e4a0fdd268f","container_name":"/docker-rb-1","source":"stdout"}
2026-01-06T20:20:42+01:00	rb	{"source":"stdout","log":"rb(config-router)# end","container_id":"71383e1aaf4ee416a17d16afaa4b1149a60eb98086f47d2eb1af7e4a0fdd268f","container_name":"/docker-rb-1"}
2026-01-06T20:20:42+01:00	rb	{"container_id":"71383e1aaf4ee416a17d16afaa4b1149a60eb98086f47d2eb1af7e4a0fdd268f","container_name":"/docker-rb-1","source":"stdout","log":"rb# "}
2026-01-06T20:20:43+01:00	server	{"log":"Reading package lists...","container_id":"7ae61ec88576e71bdd795d56726c33be6c63ab0d8a45c1a1465f8760dd6173cd","container_name":"/docker-server-1","source":"stdout"}
2026-01-06T20:20:43+01:00	server	{"log":"Building dependency tree...","container_id":"7ae61ec88576e71bdd795d56726c33be6c63ab0d8a45c1a1465f8760dd6173cd","container_name":"/docker-server-1","source":"stdout"}
2026-01-06T20:20:43+01:00	server	{"container_id":"7ae61ec88576e71bdd795d56726c33be6c63ab0d8a45c1a1465f8760dd6173cd","container_name":"/docker-server-1","source":"stdout","log":"Reading state information..."}
2026-01-06T20:20:43+01:00	server	{"source":"stderr","log":"E: Unable to locate package linux-headers-6.6.87.2-microsoft-standard-WSL2","container_id":"7ae61ec88576e71bdd795d56726c33be6c63ab0d8a45c1a1465f8760dd6173cd","container_name":"/docker-server-1"}
2026-01-06T20:20:43+01:00	server	{"source":"stderr","log":"E: Couldn't find any package by glob 'linux-headers-6.6.87.2-microsoft-standard-WSL2'","container_id":"7ae61ec88576e71bdd795d56726c33be6c63ab0d8a45c1a1465f8760dd6173cd","container_name":"/docker-server-1"}
2026-01-06T20:20:43+01:00	server	{"log":"E: Couldn't find any package by regex 'linux-headers-6.6.87.2-microsoft-standard-WSL2'","container_id":"7ae61ec88576e71bdd795d56726c33be6c63ab0d8a45c1a1465f8760dd6173cd","container_name":"/docker-server-1","source":"stderr"}
2026-01-06T20:20:43+01:00	server	{"container_id":"7ae61ec88576e71bdd795d56726c33be6c63ab0d8a45c1a1465f8760dd6173cd","container_name":"/docker-server-1","source":"stdout","log":""}
2026-01-06T20:20:43+01:00	server	{"container_id":"7ae61ec88576e71bdd795d56726c33be6c63ab0d8a45c1a1465f8760dd6173cd","container_name":"/docker-server-1","source":"stdout","log":"> my-test-server@1.0.0 start"}
2026-01-06T20:20:43+01:00	server	{"source":"stdout","log":"> node server.js","container_id":"7ae61ec88576e71bdd795d56726c33be6c63ab0d8a45c1a1465f8760dd6173cd","container_name":"/docker-server-1"}
2026-01-06T20:20:43+01:00	server	{"source":"stdout","log":"","container_id":"7ae61ec88576e71bdd795d56726c33be6c63ab0d8a45c1a1465f8760dd6173cd","container_name":"/docker-server-1"}
2026-01-06T20:20:43+01:00	server	{"container_name":"/docker-server-1","source":"stdout","log":"Server is listening at http://localhost:3000","container_id":"7ae61ec88576e71bdd795d56726c33be6c63ab0d8a45c1a1465f8760dd6173cd"}
2026-01-06T20:20:41+01:00	syslog.kern.info	{"host":"rc1","ident":"kernel","message":"eth2: renamed from veth592690c"}
2026-01-06T20:20:41+01:00	syslog.syslog.notice	{"host":"rc1","ident":"syslog-ng","pid":"17","message":"syslog-ng starting up; version='3.35.1'"}
2026-01-06T20:20:41+01:00	syslog.syslog.err	{"host":"rc1","ident":"syslog-ng","pid":"17","message":"Syslog connection failed; fd='15', server='AF_INET(10.100.0.3:5140)', error='Connection refused (111)', time_reopen='60'"}
2026-01-06T20:20:41+01:00	syslog.kern.info	{"host":"rc1","ident":"kernel","message":"eth2: renamed from vethf5d047a"}
2026-01-06T20:20:41+01:00	syslog.daemon.notice	{"host":"rc1","ident":"watchfrr","pid":"37","message":"[T83RR-8SM5G] watchfrr 8.1 starting: vty@0"}
2026-01-06T20:20:41+01:00	syslog.daemon.info	{"host":"rc1","ident":"watchfrr","pid":"37","message":"[ZCJ3S-SPH5S] zebra state -> down : initial connection attempt failed"}
2026-01-06T20:20:41+01:00	syslog.daemon.info	{"host":"rc1","ident":"watchfrr","pid":"37","message":"[ZCJ3S-SPH5S] bgpd state -> down : initial connection attempt failed"}
2026-01-06T20:20:41+01:00	syslog.daemon.info	{"host":"rc1","ident":"watchfrr","pid":"37","message":"[ZCJ3S-SPH5S] ospfd state -> down : initial connection attempt failed"}
2026-01-06T20:20:41+01:00	syslog.daemon.info	{"host":"rc1","ident":"watchfrr","pid":"37","message":"[ZCJ3S-SPH5S] staticd state -> down : initial connection attempt failed"}
2026-01-06T20:20:41+01:00	syslog.daemon.info	{"host":"rc1","ident":"watchfrr","pid":"37","message":"[YFT0P-5Q5YX] Forked background command [pid 38]: /usr/lib/frr/watchfrr.sh restart all"}
2026-01-06T20:20:41+01:00	syslog.daemon.err	{"host":"rc1","ident":"watchfrr.sh","pid":"47","message":"Cannot stop staticd: pid file not found"}
2026-01-06T20:20:41+01:00	syslog.daemon.err	{"host":"rc1","ident":"watchfrr.sh","pid":"50","message":"Cannot stop ospfd: pid file not found"}
2026-01-06T20:20:41+01:00	syslog.daemon.err	{"host":"rc1","ident":"watchfrr.sh","pid":"52","message":"Cannot stop bgpd: pid file not found"}
2026-01-06T20:20:41+01:00	syslog.daemon.err	{"host":"rc1","ident":"watchfrr.sh","pid":"54","message":"Cannot stop zebra: pid file not found"}
2026-01-06T20:20:41+01:00	syslog.kern.info	{"host":"rc1","ident":"kernel","message":"br-fad73dbfeb39: port 2(veth77c3a7e) entered disabled state"}
2026-01-06T20:20:41+01:00	syslog.kern.info	{"host":"rc1","ident":"kernel","message":"br-fad73dbfeb39: port 2(veth77c3a7e) entered blocking state"}
2026-01-06T20:20:41+01:00	syslog.kern.info	{"host":"rc1","ident":"kernel","message":"br-fad73dbfeb39: port 2(veth77c3a7e) entered forwarding state"}
2026-01-06T20:20:41+01:00	syslog.kern.info	{"host":"rc1","ident":"kernel","message":"br-d7a156559265: port 2(vethc4c225c) entered blocking state"}
2026-01-06T20:20:41+01:00	syslog.kern.info	{"host":"rc1","ident":"kernel","message":"br-d7a156559265: port 2(vethc4c225c) entered disabled state"}
2026-01-06T20:20:41+01:00	syslog.kern.info	{"host":"rc1","ident":"kernel","message":"vethc4c225c: entered allmulticast mode"}
2026-01-06T20:20:41+01:00	syslog.kern.info	{"host":"rc1","ident":"kernel","message":"vethc4c225c: entered promiscuous mode"}
2026-01-06T20:20:41+01:00	syslog.kern.info	{"host":"rc1","ident":"kernel","message":"br-64e14457ba54: port 2(vetha15f951) entered blocking state"}
2026-01-06T20:20:41+01:00	syslog.kern.info	{"host":"rc1","ident":"kernel","message":"br-64e14457ba54: port 2(vetha15f951) entered disabled state"}
2026-01-06T20:20:41+01:00	syslog.kern.info	{"host":"rc1","ident":"kernel","message":"vetha15f951: entered allmulticast mode"}
2026-01-06T20:20:41+01:00	syslog.kern.info	{"host":"rc1","ident":"kernel","message":"vetha15f951: entered promiscuous mode"}
2026-01-06T20:20:41+01:00	syslog.kern.info	{"host":"rc1","ident":"kernel","message":"br-d7a156559265: port 2(vethc4c225c) entered blocking state"}
2026-01-06T20:20:41+01:00	syslog.kern.info	{"host":"rc1","ident":"kernel","message":"br-d7a156559265: port 2(vethc4c225c) entered forwarding state"}
2026-01-06T20:20:41+01:00	syslog.kern.info	{"host":"rc1","ident":"kernel","message":"br-64e14457ba54: port 2(vetha15f951) entered blocking state"}
2026-01-06T20:20:41+01:00	syslog.kern.info	{"host":"rc1","ident":"kernel","message":"br-64e14457ba54: port 2(vetha15f951) entered forwarding state"}
2026-01-06T20:20:41+01:00	syslog.kern.info	{"host":"rc1","ident":"kernel","message":"eth0: renamed from veth13725d4"}
2026-01-06T20:20:41+01:00	syslog.kern.info	{"host":"rc1","ident":"kernel","message":"eth0: renamed from veth1362880"}
2026-01-06T20:20:42+01:00	syslog.kern.info	{"host":"rc1","ident":"kernel","message":"br-d7a156559265: port 2(vethc4c225c) entered disabled state"}
2026-01-06T20:20:42+01:00	syslog.kern.info	{"host":"rc1","ident":"kernel","message":"br-d7a156559265: port 2(vethc4c225c) entered blocking state"}
2026-01-06T20:20:42+01:00	syslog.kern.info	{"host":"rc1","ident":"kernel","message":"br-d7a156559265: port 2(vethc4c225c) entered forwarding state"}
2026-01-06T20:20:42+01:00	syslog.kern.info	{"host":"rc1","ident":"kernel","message":"br-956268c60247: port 2(veth037db26) entered blocking state"}
2026-01-06T20:20:42+01:00	syslog.kern.info	{"host":"rc1","ident":"kernel","message":"br-956268c60247: port 2(veth037db26) entered disabled state"}
2026-01-06T20:20:42+01:00	syslog.kern.info	{"host":"rc1","ident":"kernel","message":"veth037db26: entered allmulticast mode"}
2026-01-06T20:20:42+01:00	syslog.kern.info	{"host":"rc1","ident":"kernel","message":"veth037db26: entered promiscuous mode"}
2026-01-06T20:20:42+01:00	syslog.kern.info	{"host":"rc1","ident":"kernel","message":"br-78509aeb2cdf: port 2(veth436bf54) entered blocking state"}
2026-01-06T20:20:42+01:00	syslog.kern.info	{"host":"rc1","ident":"kernel","message":"br-78509aeb2cdf: port 2(veth436bf54) entered disabled state"}
2026-01-06T20:20:42+01:00	syslog.kern.info	{"host":"rc1","ident":"kernel","message":"veth436bf54: entered allmulticast mode"}
2026-01-06T20:20:42+01:00	syslog.kern.info	{"host":"rc1","ident":"kernel","message":"veth436bf54: entered promiscuous mode"}
2026-01-06T20:20:42+01:00	syslog.kern.info	{"host":"rc1","ident":"kernel","message":"br-956268c60247: port 2(veth037db26) entered blocking state"}
2026-01-06T20:20:42+01:00	syslog.kern.info	{"host":"rc1","ident":"kernel","message":"br-956268c60247: port 2(veth037db26) entered forwarding state"}
2026-01-06T20:20:42+01:00	syslog.kern.info	{"host":"rc1","ident":"kernel","message":"br-78509aeb2cdf: port 2(veth436bf54) entered blocking state"}
2026-01-06T20:20:42+01:00	syslog.kern.info	{"host":"rc1","ident":"kernel","message":"br-78509aeb2cdf: port 2(veth436bf54) entered forwarding state"}
2026-01-06T20:20:42+01:00	syslog.kern.info	{"host":"rc1","ident":"kernel","message":"eth0: renamed from veth720e013"}
2026-01-06T20:20:42+01:00	syslog.kern.info	{"host":"rc1","ident":"kernel","message":"eth0: renamed from veth2ae9ef1"}
2026-01-06T20:20:42+01:00	syslog.daemon.info	{"host":"rc1","ident":"zebra","pid":"58","message":"[VTVCM-Y2NW3] Configuration Read in Took: 00:00:00"}
2026-01-06T20:20:42+01:00	syslog.daemon.info	{"host":"rc1","ident":"ospfd","pid":"70","message":"[VTVCM-Y2NW3] Configuration Read in Took: 00:00:00"}
2026-01-06T20:20:42+01:00	syslog.daemon.info	{"host":"rc1","ident":"bgpd","pid":"63","message":"[VTVCM-Y2NW3] Configuration Read in Took: 00:00:00"}
2026-01-06T20:20:42+01:00	syslog.daemon.info	{"host":"rc1","ident":"staticd","pid":"73","message":"[VTVCM-Y2NW3] Configuration Read in Took: 00:00:00"}
2026-01-06T20:20:42+01:00	syslog.daemon.notice	{"host":"rc1","ident":"watchfrr","pid":"37","message":"[QDG3Y-BY5TN] zebra state -> up : connect succeeded"}
2026-01-06T20:20:42+01:00	syslog.daemon.notice	{"host":"rc1","ident":"watchfrr","pid":"37","message":"[QDG3Y-BY5TN] bgpd state -> up : connect succeeded"}
2026-01-06T20:20:42+01:00	syslog.daemon.notice	{"host":"rc1","ident":"watchfrr","pid":"37","message":"[QDG3Y-BY5TN] ospfd state -> up : connect succeeded"}
2026-01-06T20:20:42+01:00	syslog.daemon.notice	{"host":"rc1","ident":"watchfrr","pid":"37","message":"[QDG3Y-BY5TN] staticd state -> up : connect succeeded"}
2026-01-06T20:20:42+01:00	syslog.daemon.notice	{"host":"rc1","ident":"watchfrr","pid":"37","message":"[KWE5Q-QNGFC] all daemons up, doing startup-complete notify"}
2026-01-06T20:20:42+01:00	syslog.kern.info	{"host":"rc1","ident":"kernel","message":"br-956268c60247: port 2(veth037db26) entered disabled state"}
2026-01-06T20:20:42+01:00	syslog.kern.info	{"host":"rc1","ident":"kernel","message":"br-956268c60247: port 2(veth037db26) entered blocking state"}
2026-01-06T20:20:42+01:00	syslog.kern.info	{"host":"rc1","ident":"kernel","message":"br-956268c60247: port 2(veth037db26) entered forwarding state"}
2026-01-06T20:21:27+01:00	syslog.daemon.info	{"host":"rc1","ident":"ospfd","pid":"70","message":"[S5PCG-77H23] Packet[DD]: Neighbor 10.3.0.3 Negotiation done (Master)."}
2026-01-06T20:21:41+01:00	syslog.syslog.notice	{"host":"rc1","ident":"syslog-ng","pid":"17","message":"Syslog connection established; fd='18', server='AF_INET(10.100.0.3:5140)', local='AF_INET(0.0.0.0:0)'"}
2026-01-06T20:20:41+01:00	syslog.syslog.notice	{"host":"ra","ident":"syslog-ng","pid":"17","message":"syslog-ng starting up; version='3.35.1'"}
2026-01-06T20:20:41+01:00	syslog.kern.info	{"host":"ra","ident":"kernel","message":"br-fad73dbfeb39: port 2(veth77c3a7e) entered disabled state"}
2026-01-06T20:20:41+01:00	syslog.kern.info	{"host":"ra","ident":"kernel","message":"br-fad73dbfeb39: port 2(veth77c3a7e) entered blocking state"}
2026-01-06T20:20:41+01:00	syslog.kern.info	{"host":"ra","ident":"kernel","message":"br-fad73dbfeb39: port 2(veth77c3a7e) entered forwarding state"}
2026-01-06T20:20:41+01:00	syslog.syslog.err	{"host":"ra","ident":"syslog-ng","pid":"17","message":"Syslog connection failed; fd='15', server='AF_INET(10.100.0.3:5140)', error='Connection refused (111)', time_reopen='60'"}
2026-01-06T20:20:41+01:00	syslog.daemon.notice	{"host":"ra","ident":"watchfrr","pid":"39","message":"[T83RR-8SM5G] watchfrr 8.1 starting: vty@0"}
2026-01-06T20:20:41+01:00	syslog.daemon.info	{"host":"ra","ident":"watchfrr","pid":"39","message":"[ZCJ3S-SPH5S] zebra state -> down : initial connection attempt failed"}
2026-01-06T20:20:41+01:00	syslog.daemon.info	{"host":"ra","ident":"watchfrr","pid":"39","message":"[ZCJ3S-SPH5S] bgpd state -> down : initial connection attempt failed"}
2026-01-06T20:20:41+01:00	syslog.daemon.info	{"host":"ra","ident":"watchfrr","pid":"39","message":"[ZCJ3S-SPH5S] ospfd state -> down : initial connection attempt failed"}
2026-01-06T20:20:41+01:00	syslog.daemon.info	{"host":"ra","ident":"watchfrr","pid":"39","message":"[ZCJ3S-SPH5S] staticd state -> down : initial connection attempt failed"}
2026-01-06T20:20:41+01:00	syslog.daemon.info	{"host":"ra","ident":"watchfrr","pid":"39","message":"[YFT0P-5Q5YX] Forked background command [pid 40]: /usr/lib/frr/watchfrr.sh restart all"}
2026-01-06T20:20:41+01:00	syslog.daemon.err	{"host":"ra","ident":"watchfrr.sh","pid":"52","message":"Cannot stop staticd: pid file not found"}
2026-01-06T20:20:41+01:00	syslog.daemon.err	{"host":"ra","ident":"watchfrr.sh","pid":"51","message":"Cannot stop ospfd: pid file not found"}
2026-01-06T20:20:41+01:00	syslog.daemon.err	{"host":"ra","ident":"watchfrr.sh","pid":"55","message":"Cannot stop zebra: pid file not found"}
2026-01-06T20:20:41+01:00	syslog.daemon.err	{"host":"ra","ident":"watchfrr.sh","pid":"56","message":"Cannot stop bgpd: pid file not found"}
2026-01-06T20:20:41+01:00	syslog.kern.info	{"host":"ra","ident":"kernel","message":"br-d7a156559265: port 2(vethc4c225c) entered blocking state"}
2026-01-06T20:20:41+01:00	syslog.kern.info	{"host":"ra","ident":"kernel","message":"br-d7a156559265: port 2(vethc4c225c) entered disabled state"}
2026-01-06T20:20:41+01:00	syslog.kern.info	{"host":"ra","ident":"kernel","message":"vethc4c225c: entered allmulticast mode"}
2026-01-06T20:20:41+01:00	syslog.kern.info	{"host":"ra","ident":"kernel","message":"vethc4c225c: entered promiscuous mode"}
2026-01-06T20:20:41+01:00	syslog.kern.info	{"host":"ra","ident":"kernel","message":"br-64e14457ba54: port 2(vetha15f951) entered blocking state"}
2026-01-06T20:20:41+01:00	syslog.kern.info	{"host":"ra","ident":"kernel","message":"br-64e14457ba54: port 2(vetha15f951) entered disabled state"}
2026-01-06T20:20:41+01:00	syslog.kern.info	{"host":"ra","ident":"kernel","message":"vetha15f951: entered allmulticast mode"}
2026-01-06T20:20:41+01:00	syslog.kern.info	{"host":"ra","ident":"kernel","message":"vetha15f951: entered promiscuous mode"}
2026-01-06T20:20:41+01:00	syslog.kern.info	{"host":"ra","ident":"kernel","message":"br-d7a156559265: port 2(vethc4c225c) entered blocking state"}
2026-01-06T20:20:41+01:00	syslog.kern.info	{"host":"ra","ident":"kernel","message":"br-d7a156559265: port 2(vethc4c225c) entered forwarding state"}
2026-01-06T20:20:41+01:00	syslog.kern.info	{"host":"ra","ident":"kernel","message":"br-64e14457ba54: port 2(vetha15f951) entered blocking state"}
2026-01-06T20:20:41+01:00	syslog.kern.info	{"host":"ra","ident":"kernel","message":"br-64e14457ba54: port 2(vetha15f951) entered forwarding state"}
2026-01-06T20:20:41+01:00	syslog.kern.info	{"host":"ra","ident":"kernel","message":"eth0: renamed from veth13725d4"}
2026-01-06T20:20:41+01:00	syslog.kern.info	{"host":"ra","ident":"kernel","message":"eth0: renamed from veth1362880"}
2026-01-06T20:20:42+01:00	syslog.kern.info	{"host":"ra","ident":"kernel","message":"br-d7a156559265: port 2(vethc4c225c) entered disabled state"}
2026-01-06T20:20:42+01:00	syslog.kern.info	{"host":"ra","ident":"kernel","message":"br-d7a156559265: port 2(vethc4c225c) entered blocking state"}
2026-01-06T20:20:42+01:00	syslog.kern.info	{"host":"ra","ident":"kernel","message":"br-d7a156559265: port 2(vethc4c225c) entered forwarding state"}
2026-01-06T20:20:42+01:00	syslog.kern.info	{"host":"ra","ident":"kernel","message":"br-956268c60247: port 2(veth037db26) entered blocking state"}
2026-01-06T20:20:42+01:00	syslog.kern.info	{"host":"ra","ident":"kernel","message":"br-956268c60247: port 2(veth037db26) entered disabled state"}
2026-01-06T20:20:42+01:00	syslog.kern.info	{"host":"ra","ident":"kernel","message":"veth037db26: entered allmulticast mode"}
2026-01-06T20:20:42+01:00	syslog.kern.info	{"host":"ra","ident":"kernel","message":"veth037db26: entered promiscuous mode"}
2026-01-06T20:20:42+01:00	syslog.kern.info	{"host":"ra","ident":"kernel","message":"br-78509aeb2cdf: port 2(veth436bf54) entered blocking state"}
2026-01-06T20:20:42+01:00	syslog.kern.info	{"host":"ra","ident":"kernel","message":"br-78509aeb2cdf: port 2(veth436bf54) entered disabled state"}
2026-01-06T20:20:42+01:00	syslog.kern.info	{"host":"ra","ident":"kernel","message":"veth436bf54: entered allmulticast mode"}
2026-01-06T20:20:42+01:00	syslog.kern.info	{"host":"ra","ident":"kernel","message":"veth436bf54: entered promiscuous mode"}
2026-01-06T20:20:42+01:00	syslog.kern.info	{"host":"ra","ident":"kernel","message":"br-956268c60247: port 2(veth037db26) entered blocking state"}
2026-01-06T20:20:42+01:00	syslog.kern.info	{"host":"ra","ident":"kernel","message":"br-956268c60247: port 2(veth037db26) entered forwarding state"}
2026-01-06T20:20:42+01:00	syslog.kern.info	{"host":"ra","ident":"kernel","message":"br-78509aeb2cdf: port 2(veth436bf54) entered blocking state"}
2026-01-06T20:20:42+01:00	syslog.kern.info	{"host":"ra","ident":"kernel","message":"br-78509aeb2cdf: port 2(veth436bf54) entered forwarding state"}
2026-01-06T20:20:42+01:00	syslog.kern.info	{"host":"ra","ident":"kernel","message":"eth0: renamed from veth720e013"}
2026-01-06T20:20:42+01:00	syslog.kern.info	{"host":"ra","ident":"kernel","message":"eth0: renamed from veth2ae9ef1"}
2026-01-06T20:20:42+01:00	syslog.kern.info	{"host":"ra","ident":"kernel","message":"br-956268c60247: port 2(veth037db26) entered disabled state"}
2026-01-06T20:20:42+01:00	syslog.kern.info	{"host":"ra","ident":"kernel","message":"br-956268c60247: port 2(veth037db26) entered blocking state"}
2026-01-06T20:20:42+01:00	syslog.kern.info	{"host":"ra","ident":"kernel","message":"br-956268c60247: port 2(veth037db26) entered forwarding state"}
2026-01-06T20:20:42+01:00	syslog.daemon.info	{"host":"ra","ident":"zebra","pid":"58","message":"[VTVCM-Y2NW3] Configuration Read in Took: 00:00:00"}
2026-01-06T20:20:42+01:00	syslog.daemon.info	{"host":"ra","ident":"ospfd","pid":"70","message":"[VTVCM-Y2NW3] Configuration Read in Took: 00:00:00"}
2026-01-06T20:20:42+01:00	syslog.daemon.info	{"host":"ra","ident":"bgpd","pid":"63","message":"[VTVCM-Y2NW3] Configuration Read in Took: 00:00:00"}
2026-01-06T20:20:42+01:00	syslog.daemon.info	{"host":"ra","ident":"staticd","pid":"73","message":"[VTVCM-Y2NW3] Configuration Read in Took: 00:00:00"}
2026-01-06T20:20:42+01:00	syslog.daemon.notice	{"host":"ra","ident":"watchfrr","pid":"39","message":"[QDG3Y-BY5TN] zebra state -> up : connect succeeded"}
2026-01-06T20:20:42+01:00	syslog.daemon.notice	{"host":"ra","ident":"watchfrr","pid":"39","message":"[QDG3Y-BY5TN] bgpd state -> up : connect succeeded"}
2026-01-06T20:20:42+01:00	syslog.daemon.notice	{"host":"ra","ident":"watchfrr","pid":"39","message":"[QDG3Y-BY5TN] ospfd state -> up : connect succeeded"}
2026-01-06T20:20:42+01:00	syslog.daemon.notice	{"host":"ra","ident":"watchfrr","pid":"39","message":"[QDG3Y-BY5TN] staticd state -> up : connect succeeded"}
2026-01-06T20:20:42+01:00	syslog.daemon.notice	{"host":"ra","ident":"watchfrr","pid":"39","message":"[KWE5Q-QNGFC] all daemons up, doing startup-complete notify"}
2026-01-06T20:21:41+01:00	syslog.syslog.notice	{"host":"ra","ident":"syslog-ng","pid":"17","message":"Syslog connection established; fd='15', server='AF_INET(10.100.0.3:5140)', local='AF_INET(0.0.0.0:0)'"}
2026-01-06T20:20:41+01:00	syslog.syslog.notice	{"host":"rc2","ident":"syslog-ng","pid":"17","message":"syslog-ng starting up; version='3.35.1'"}
2026-01-06T20:20:41+01:00	syslog.syslog.err	{"host":"rc2","ident":"syslog-ng","pid":"17","message":"Syslog connection failed; fd='15', server='AF_INET(10.100.0.3:5140)', error='Connection refused (111)', time_reopen='60'"}
2026-01-06T20:20:41+01:00	syslog.kern.info	{"host":"rc2","ident":"kernel","message":"eth0: renamed from veth13725d4"}
2026-01-06T20:20:41+01:00	syslog.daemon.notice	{"host":"rc2","ident":"watchfrr","pid":"37","message":"[T83RR-8SM5G] watchfrr 8.1 starting: vty@0"}
2026-01-06T20:20:41+01:00	syslog.daemon.info	{"host":"rc2","ident":"watchfrr","pid":"37","message":"[ZCJ3S-SPH5S] zebra state -> down : initial connection attempt failed"}
2026-01-06T20:20:41+01:00	syslog.daemon.info	{"host":"rc2","ident":"watchfrr","pid":"37","message":"[ZCJ3S-SPH5S] bgpd state -> down : initial connection attempt failed"}
2026-01-06T20:20:41+01:00	syslog.daemon.info	{"host":"rc2","ident":"watchfrr","pid":"37","message":"[ZCJ3S-SPH5S] ospfd state -> down : initial connection attempt failed"}
2026-01-06T20:20:41+01:00	syslog.daemon.info	{"host":"rc2","ident":"watchfrr","pid":"37","message":"[ZCJ3S-SPH5S] staticd state -> down : initial connection attempt failed"}
2026-01-06T20:20:41+01:00	syslog.daemon.info	{"host":"rc2","ident":"watchfrr","pid":"37","message":"[YFT0P-5Q5YX] Forked background command [pid 38]: /usr/lib/frr/watchfrr.sh restart all"}
2026-01-06T20:20:41+01:00	syslog.kern.info	{"host":"rc2","ident":"kernel","message":"eth0: renamed from veth1362880"}
2026-01-06T20:20:41+01:00	syslog.daemon.err	{"host":"rc2","ident":"watchfrr.sh","pid":"48","message":"Cannot stop staticd: pid file not found"}
2026-01-06T20:20:41+01:00	syslog.daemon.err	{"host":"rc2","ident":"watchfrr.sh","pid":"51","message":"Cannot stop ospfd: pid file not found"}
2026-01-06T20:20:41+01:00	syslog.daemon.err	{"host":"rc2","ident":"watchfrr.sh","pid":"54","message":"Cannot stop bgpd: pid file not found"}
2026-01-06T20:20:41+01:00	syslog.daemon.err	{"host":"rc2","ident":"watchfrr.sh","pid":"55","message":"Cannot stop zebra: pid file not found"}
2026-01-06T20:20:42+01:00	syslog.kern.info	{"host":"rc2","ident":"kernel","message":"br-d7a156559265: port 2(vethc4c225c) entered disabled state"}
2026-01-06T20:20:42+01:00	syslog.kern.info	{"host":"rc2","ident":"kernel","message":"br-d7a156559265: port 2(vethc4c225c) entered blocking state"}
2026-01-06T20:20:42+01:00	syslog.kern.info	{"host":"rc2","ident":"kernel","message":"br-d7a156559265: port 2(vethc4c225c) entered forwarding state"}
2026-01-06T20:20:42+01:00	syslog.kern.info	{"host":"rc2","ident":"kernel","message":"br-956268c60247: port 2(veth037db26) entered blocking state"}
2026-01-06T20:20:42+01:00	syslog.kern.info	{"host":"rc2","ident":"kernel","message":"br-956268c60247: port 2(veth037db26) entered disabled state"}
2026-01-06T20:20:42+01:00	syslog.kern.info	{"host":"rc2","ident":"kernel","message":"veth037db26: entered allmulticast mode"}
2026-01-06T20:20:42+01:00	syslog.kern.info	{"host":"rc2","ident":"kernel","message":"veth037db26: entered promiscuous mode"}
2026-01-06T20:20:42+01:00	syslog.kern.info	{"host":"rc2","ident":"kernel","message":"br-78509aeb2cdf: port 2(veth436bf54) entered blocking state"}
2026-01-06T20:20:42+01:00	syslog.kern.info	{"host":"rc2","ident":"kernel","message":"br-78509aeb2cdf: port 2(veth436bf54) entered disabled state"}
2026-01-06T20:20:42+01:00	syslog.kern.info	{"host":"rc2","ident":"kernel","message":"veth436bf54: entered allmulticast mode"}
2026-01-06T20:20:42+01:00	syslog.kern.info	{"host":"rc2","ident":"kernel","message":"veth436bf54: entered promiscuous mode"}
2026-01-06T20:20:42+01:00	syslog.kern.info	{"host":"rc2","ident":"kernel","message":"br-956268c60247: port 2(veth037db26) entered blocking state"}
2026-01-06T20:20:42+01:00	syslog.kern.info	{"host":"rc2","ident":"kernel","message":"br-956268c60247: port 2(veth037db26) entered forwarding state"}
2026-01-06T20:20:42+01:00	syslog.kern.info	{"host":"rc2","ident":"kernel","message":"br-78509aeb2cdf: port 2(veth436bf54) entered blocking state"}
2026-01-06T20:20:42+01:00	syslog.kern.info	{"host":"rc2","ident":"kernel","message":"br-78509aeb2cdf: port 2(veth436bf54) entered forwarding state"}
2026-01-06T20:20:42+01:00	syslog.kern.info	{"host":"rc2","ident":"kernel","message":"eth0: renamed from veth720e013"}
2026-01-06T20:20:42+01:00	syslog.kern.info	{"host":"rc2","ident":"kernel","message":"eth0: renamed from veth2ae9ef1"}
2026-01-06T20:20:42+01:00	syslog.kern.info	{"host":"rc2","ident":"kernel","message":"br-956268c60247: port 2(veth037db26) entered disabled state"}
2026-01-06T20:20:42+01:00	syslog.kern.info	{"host":"rc2","ident":"kernel","message":"br-956268c60247: port 2(veth037db26) entered blocking state"}
2026-01-06T20:20:42+01:00	syslog.kern.info	{"host":"rc2","ident":"kernel","message":"br-956268c60247: port 2(veth037db26) entered forwarding state"}
2026-01-06T20:20:42+01:00	syslog.daemon.info	{"host":"rc2","ident":"zebra","pid":"57","message":"[VTVCM-Y2NW3] Configuration Read in Took: 00:00:00"}
2026-01-06T20:20:42+01:00	syslog.daemon.info	{"host":"rc2","ident":"ospfd","pid":"69","message":"[VTVCM-Y2NW3] Configuration Read in Took: 00:00:00"}
2026-01-06T20:20:42+01:00	syslog.daemon.info	{"host":"rc2","ident":"bgpd","pid":"62","message":"[VTVCM-Y2NW3] Configuration Read in Took: 00:00:00"}
2026-01-06T20:20:42+01:00	syslog.daemon.info	{"host":"rc2","ident":"staticd","pid":"72","message":"[VTVCM-Y2NW3] Configuration Read in Took: 00:00:00"}
2026-01-06T20:20:42+01:00	syslog.daemon.notice	{"host":"rc2","ident":"watchfrr","pid":"37","message":"[QDG3Y-BY5TN] zebra state -> up : connect succeeded"}
2026-01-06T20:20:42+01:00	syslog.daemon.notice	{"host":"rc2","ident":"watchfrr","pid":"37","message":"[QDG3Y-BY5TN] bgpd state -> up : connect succeeded"}
2026-01-06T20:20:42+01:00	syslog.daemon.notice	{"host":"rc2","ident":"watchfrr","pid":"37","message":"[QDG3Y-BY5TN] ospfd state -> up : connect succeeded"}
2026-01-06T20:20:42+01:00	syslog.daemon.notice	{"host":"rc2","ident":"watchfrr","pid":"37","message":"[QDG3Y-BY5TN] staticd state -> up : connect succeeded"}
2026-01-06T20:20:42+01:00	syslog.daemon.notice	{"host":"rc2","ident":"watchfrr","pid":"37","message":"[KWE5Q-QNGFC] all daemons up, doing startup-complete notify"}
2026-01-06T20:21:22+01:00	syslog.daemon.info	{"host":"rc2","ident":"ospfd","pid":"69","message":"[S5PCG-77H23] Packet[DD]: Neighbor 10.2.0.4 Negotiation done (Master)."}
2026-01-06T20:21:41+01:00	syslog.syslog.notice	{"host":"rc2","ident":"syslog-ng","pid":"17","message":"Syslog connection established; fd='18', server='AF_INET(10.100.0.3:5140)', local='AF_INET(0.0.0.0:0)'"}
2026-01-06T20:20:41+01:00	syslog.syslog.notice	{"host":"rb","ident":"syslog-ng","pid":"18","message":"syslog-ng starting up; version='3.35.1'"}
2026-01-06T20:20:41+01:00	syslog.kern.info	{"host":"rb","ident":"kernel","message":"eth0: renamed from veth13725d4"}
2026-01-06T20:20:41+01:00	syslog.syslog.err	{"host":"rb","ident":"syslog-ng","pid":"18","message":"Syslog connection failed; fd='15', server='AF_INET(10.100.0.3:5140)', error='Connection refused (111)', time_reopen='60'"}
2026-01-06T20:20:41+01:00	syslog.kern.info	{"host":"rb","ident":"kernel","message":"eth0: renamed from veth1362880"}
2026-01-06T20:20:41+01:00	syslog.daemon.notice	{"host":"rb","ident":"watchfrr","pid":"38","message":"[T83RR-8SM5G] watchfrr 8.1 starting: vty@0"}
2026-01-06T20:20:41+01:00	syslog.daemon.info	{"host":"rb","ident":"watchfrr","pid":"38","message":"[ZCJ3S-SPH5S] zebra state -> down : initial connection attempt failed"}
2026-01-06T20:20:41+01:00	syslog.daemon.info	{"host":"rb","ident":"watchfrr","pid":"38","message":"[ZCJ3S-SPH5S] bgpd state -> down : initial connection attempt failed"}
2026-01-06T20:20:41+01:00	syslog.daemon.info	{"host":"rb","ident":"watchfrr","pid":"38","message":"[ZCJ3S-SPH5S] ospfd state -> down : initial connection attempt failed"}
2026-01-06T20:20:41+01:00	syslog.daemon.info	{"host":"rb","ident":"watchfrr","pid":"38","message":"[ZCJ3S-SPH5S] staticd state -> down : initial connection attempt failed"}
2026-01-06T20:20:41+01:00	syslog.daemon.info	{"host":"rb","ident":"watchfrr","pid":"38","message":"[YFT0P-5Q5YX] Forked background command [pid 39]: /usr/lib/frr/watchfrr.sh restart all"}
2026-01-06T20:20:41+01:00	syslog.daemon.err	{"host":"rb","ident":"watchfrr.sh","pid":"51","message":"Cannot stop staticd: pid file not found"}
2026-01-06T20:20:41+01:00	syslog.daemon.err	{"host":"rb","ident":"watchfrr.sh","pid":"53","message":"Cannot stop ospfd: pid file not found"}
2026-01-06T20:20:41+01:00	syslog.daemon.err	{"host":"rb","ident":"watchfrr.sh","pid":"54","message":"Cannot stop bgpd: pid file not found"}
2026-01-06T20:20:41+01:00	syslog.daemon.err	{"host":"rb","ident":"watchfrr.sh","pid":"56","message":"Cannot stop zebra: pid file not found"}
2026-01-06T20:20:42+01:00	syslog.kern.info	{"host":"rb","ident":"kernel","message":"br-d7a156559265: port 2(vethc4c225c) entered disabled state"}
2026-01-06T20:20:42+01:00	syslog.kern.info	{"host":"rb","ident":"kernel","message":"br-d7a156559265: port 2(vethc4c225c) entered blocking state"}
2026-01-06T20:20:42+01:00	syslog.kern.info	{"host":"rb","ident":"kernel","message":"br-d7a156559265: port 2(vethc4c225c) entered forwarding state"}
2026-01-06T20:20:42+01:00	syslog.kern.info	{"host":"rb","ident":"kernel","message":"br-956268c60247: port 2(veth037db26) entered blocking state"}
2026-01-06T20:20:42+01:00	syslog.kern.info	{"host":"rb","ident":"kernel","message":"br-956268c60247: port 2(veth037db26) entered disabled state"}
2026-01-06T20:20:42+01:00	syslog.kern.info	{"host":"rb","ident":"kernel","message":"veth037db26: entered allmulticast mode"}
2026-01-06T20:20:42+01:00	syslog.kern.info	{"host":"rb","ident":"kernel","message":"veth037db26: entered promiscuous mode"}
2026-01-06T20:20:42+01:00	syslog.kern.info	{"host":"rb","ident":"kernel","message":"br-78509aeb2cdf: port 2(veth436bf54) entered blocking state"}
2026-01-06T20:20:42+01:00	syslog.kern.info	{"host":"rb","ident":"kernel","message":"br-78509aeb2cdf: port 2(veth436bf54) entered disabled state"}
2026-01-06T20:20:42+01:00	syslog.kern.info	{"host":"rb","ident":"kernel","message":"veth436bf54: entered allmulticast mode"}
2026-01-06T20:20:42+01:00	syslog.kern.info	{"host":"rb","ident":"kernel","message":"veth436bf54: entered promiscuous mode"}
2026-01-06T20:20:42+01:00	syslog.kern.info	{"host":"rb","ident":"kernel","message":"br-956268c60247: port 2(veth037db26) entered blocking state"}
2026-01-06T20:20:42+01:00	syslog.kern.info	{"host":"rb","ident":"kernel","message":"br-956268c60247: port 2(veth037db26) entered forwarding state"}
2026-01-06T20:20:42+01:00	syslog.kern.info	{"host":"rb","ident":"kernel","message":"br-78509aeb2cdf: port 2(veth436bf54) entered blocking state"}
2026-01-06T20:20:42+01:00	syslog.kern.info	{"host":"rb","ident":"kernel","message":"br-78509aeb2cdf: port 2(veth436bf54) entered forwarding state"}
2026-01-06T20:20:42+01:00	syslog.kern.info	{"host":"rb","ident":"kernel","message":"eth0: renamed from veth720e013"}
2026-01-06T20:20:42+01:00	syslog.kern.info	{"host":"rb","ident":"kernel","message":"eth0: renamed from veth2ae9ef1"}
2026-01-06T20:20:42+01:00	syslog.kern.info	{"host":"rb","ident":"kernel","message":"br-956268c60247: port 2(veth037db26) entered disabled state"}
2026-01-06T20:20:42+01:00	syslog.kern.info	{"host":"rb","ident":"kernel","message":"br-956268c60247: port 2(veth037db26) entered blocking state"}
2026-01-06T20:20:42+01:00	syslog.kern.info	{"host":"rb","ident":"kernel","message":"br-956268c60247: port 2(veth037db26) entered forwarding state"}
2026-01-06T20:20:42+01:00	syslog.daemon.info	{"host":"rb","ident":"zebra","pid":"58","message":"[VTVCM-Y2NW3] Configuration Read in Took: 00:00:00"}
2026-01-06T20:20:42+01:00	syslog.daemon.info	{"host":"rb","ident":"ospfd","pid":"70","message":"[VTVCM-Y2NW3] Configuration Read in Took: 00:00:00"}
2026-01-06T20:20:42+01:00	syslog.daemon.info	{"host":"rb","ident":"bgpd","pid":"63","message":"[VTVCM-Y2NW3] Configuration Read in Took: 00:00:00"}
2026-01-06T20:20:42+01:00	syslog.daemon.info	{"host":"rb","ident":"staticd","pid":"73","message":"[VTVCM-Y2NW3] Configuration Read in Took: 00:00:00"}
2026-01-06T20:20:42+01:00	syslog.daemon.notice	{"host":"rb","ident":"watchfrr","pid":"38","message":"[QDG3Y-BY5TN] zebra state -> up : connect succeeded"}
2026-01-06T20:20:42+01:00	syslog.daemon.notice	{"host":"rb","ident":"watchfrr","pid":"38","message":"[QDG3Y-BY5TN] bgpd state -> up : connect succeeded"}
2026-01-06T20:20:42+01:00	syslog.daemon.notice	{"host":"rb","ident":"watchfrr","pid":"38","message":"[QDG3Y-BY5TN] ospfd state -> up : connect succeeded"}
2026-01-06T20:20:42+01:00	syslog.daemon.notice	{"host":"rb","ident":"watchfrr","pid":"38","message":"[QDG3Y-BY5TN] staticd state -> up : connect succeeded"}
2026-01-06T20:20:42+01:00	syslog.daemon.notice	{"host":"rb","ident":"watchfrr","pid":"38","message":"[KWE5Q-QNGFC] all daemons up, doing startup-complete notify"}
2026-01-06T20:21:22+01:00	syslog.daemon.info	{"host":"rb","ident":"ospfd","pid":"70","message":"[S5PCG-77H23] Packet[DD]: Neighbor 10.3.0.3 Negotiation done (Master)."}
2026-01-06T20:21:41+01:00	syslog.syslog.notice	{"host":"rb","ident":"syslog-ng","pid":"18","message":"Syslog connection established; fd='18', server='AF_INET(10.100.0.3:5140)', local='AF_INET(0.0.0.0:0)'"}
2026-01-06T20:30:18+01:00	syslog.kern.info	{"host":"rc2","ident":"kernel","message":"mini_init (246): drop_caches: 1"}
2026-01-06T20:30:18+01:00	syslog.kern.info	{"host":"rc1","ident":"kernel","message":"mini_init (246): drop_caches: 1"}
2026-01-06T20:30:18+01:00	syslog.kern.info	{"host":"ra","ident":"kernel","message":"mini_init (246): drop_caches: 1"}
2026-01-06T20:30:18+01:00	syslog.kern.info	{"host":"rb","ident":"kernel","message":"mini_init (246): drop_caches: 1"}
2026-01-06T20:36:28+01:00	syslog.kern.info	{"host":"rb","ident":"kernel","message":"br-d7a156559265: port 2(vethc4c225c) entered disabled state"}
2026-01-06T20:36:28+01:00	syslog.kern.info	{"host":"ra","ident":"kernel","message":"br-d7a156559265: port 2(vethc4c225c) entered disabled state"}
2026-01-06T20:36:28+01:00	syslog.kern.info	{"host":"ra","ident":"kernel","message":"veth13725d4: renamed from eth0"}
2026-01-06T20:36:28+01:00	syslog.kern.info	{"host":"rb","ident":"kernel","message":"veth13725d4: renamed from eth0"}
2026-01-06T20:36:28+01:00	syslog.kern.info	{"host":"ra","ident":"kernel","message":"br-64e14457ba54: port 2(vetha15f951) entered disabled state"}
2026-01-06T22:09:52+01:00	fluent.info	{"pid":15,"ppid":9,"worker":0,"message":"starting fluentd worker pid=15 ppid=9 worker=0"}
2026-01-06T22:09:52+01:00	fluent.info	{"message":"listening syslog socket on 0.0.0.0:5140 with tcp"}
2026-01-06T22:09:52+01:00	fluent.info	{"port":24224,"bind":"0.0.0.0","message":"listening port port=24224 bind=\"0.0.0.0\""}
2026-01-06T22:09:52+01:00	fluent.info	{"worker":0,"message":"fluentd worker is now running worker=0"}
2026-01-06T22:09:52+01:00	rc1	{"container_id":"1206afc5e6cb374651f29d3255c76e67ca73904b680adf4d816a25a4bc10c2a3","container_name":"/docker-rc1-1","source":"stdout","log":" * Starting system logging syslog-ng"}
2026-01-06T22:09:52+01:00	rc1	{"container_id":"1206afc5e6cb374651f29d3255c76e67ca73904b680adf4d816a25a4bc10c2a3","container_name":"/docker-rc1-1","source":"stderr","log":"[2026-01-06T22:09:52.231696] WARNING: Configuration file format is too old, syslog-ng is running in compatibility mode. Please update it to use the syslog-ng 3.35 format at your time of convenience. To upgrade the configuration, please review the warnings about incompatible changes printed by syslog-ng, and once completed change the @version header at the top of the configuration file; config-version='3.27'"}
2026-01-06T22:09:52+01:00	rc1	{"container_id":"1206afc5e6cb374651f29d3255c76e67ca73904b680adf4d816a25a4bc10c2a3","container_name":"/docker-rc1-1","source":"stderr","log":"[2026-01-06T22:09:52.256232] WARNING: The internal_queue_length stat counter has been renamed to internal_source.queued. The old name will be removed in future versions; config-version='3.27'"}
2026-01-06T22:09:52+01:00	rc1	{"container_id":"1206afc5e6cb374651f29d3255c76e67ca73904b680adf4d816a25a4bc10c2a3","container_name":"/docker-rc1-1","source":"stdout","log":"   ...done."}
2026-01-06T22:09:52+01:00	rc1	{"source":"stdout","log":" * Started watchfrr","container_id":"1206afc5e6cb374651f29d3255c76e67ca73904b680adf4d816a25a4bc10c2a3","container_name":"/docker-rc1-1"}
2026-01-06T22:09:52+01:00	rc1	{"container_id":"1206afc5e6cb374651f29d3255c76e67ca73904b680adf4d816a25a4bc10c2a3","container_name":"/docker-rc1-1","source":"stdout","log":""}
2026-01-06T22:09:52+01:00	rc1	{"container_id":"1206afc5e6cb374651f29d3255c76e67ca73904b680adf4d816a25a4bc10c2a3","container_name":"/docker-rc1-1","source":"stdout","log":"Hello, this is FRRouting (version 8.1)."}
2026-01-06T22:09:52+01:00	rc1	{"container_name":"/docker-rc1-1","source":"stdout","log":"Copyright 1996-2005 Kunihiro Ishiguro, et al.","container_id":"1206afc5e6cb374651f29d3255c76e67ca73904b680adf4d816a25a4bc10c2a3"}
2026-01-06T22:09:52+01:00	rc1	{"container_id":"1206afc5e6cb374651f29d3255c76e67ca73904b680adf4d816a25a4bc10c2a3","container_name":"/docker-rc1-1","source":"stdout","log":""}
2026-01-06T22:09:52+01:00	rc1	{"container_name":"/docker-rc1-1","source":"stdout","log":"rc1# conf t","container_id":"1206afc5e6cb374651f29d3255c76e67ca73904b680adf4d816a25a4bc10c2a3"}
2026-01-06T22:09:52+01:00	rc1	{"container_name":"/docker-rc1-1","source":"stdout","log":"rc1(config)# log file /shared-volume/frr/frr3.log","container_id":"1206afc5e6cb374651f29d3255c76e67ca73904b680adf4d816a25a4bc10c2a3"}
2026-01-06T22:09:52+01:00	rc1	{"container_name":"/docker-rc1-1","source":"stdout","log":"rc1(config)# router ospf","container_id":"1206afc5e6cb374651f29d3255c76e67ca73904b680adf4d816a25a4bc10c2a3"}
2026-01-06T22:09:52+01:00	rc1	{"container_id":"1206afc5e6cb374651f29d3255c76e67ca73904b680adf4d816a25a4bc10c2a3","container_name":"/docker-rc1-1","source":"stdout","log":"rc1(config-router)# network 10.1.0.0/29 area 0"}
2026-01-06T22:09:52+01:00	rc1	{"source":"stdout","log":"rc1(config-router)# network 10.100.0.0/24 area 0","container_id":"1206afc5e6cb374651f29d3255c76e67ca73904b680adf4d816a25a4bc10c2a3","container_name":"/docker-rc1-1"}
2026-01-06T22:09:52+01:00	rc1	{"container_id":"1206afc5e6cb374651f29d3255c76e67ca73904b680adf4d816a25a4bc10c2a3","container_name":"/docker-rc1-1","source":"stdout","log":"rc1(config-router)# end"}
2026-01-06T22:09:52+01:00	rc1	{"container_name":"/docker-rc1-1","source":"stdout","log":"rc1# ","container_id":"1206afc5e6cb374651f29d3255c76e67ca73904b680adf4d816a25a4bc10c2a3"}
2026-01-06T22:09:52+01:00	server	{"container_id":"f4a9f907ee7e79014fed7e64b92300aad4b0e29c12822e240330d42c6919c33e","container_name":"/docker-server-1","source":"stdout","log":"Hit:1 http://security.ubuntu.com/ubuntu jammy-security InRelease"}
2026-01-06T22:09:52+01:00	server	{"log":"Hit:2 http://archive.ubuntu.com/ubuntu jammy InRelease","container_id":"f4a9f907ee7e79014fed7e64b92300aad4b0e29c12822e240330d42c6919c33e","container_name":"/docker-server-1","source":"stdout"}
2026-01-06T22:09:52+01:00	server	{"container_name":"/docker-server-1","source":"stdout","log":"Hit:3 http://archive.ubuntu.com/ubuntu jammy-updates InRelease","container_id":"f4a9f907ee7e79014fed7e64b92300aad4b0e29c12822e240330d42c6919c33e"}
2026-01-06T22:09:52+01:00	server	{"container_name":"/docker-server-1","source":"stdout","log":"Hit:4 http://archive.ubuntu.com/ubuntu jammy-backports InRelease","container_id":"f4a9f907ee7e79014fed7e64b92300aad4b0e29c12822e240330d42c6919c33e"}
2026-01-06T22:09:53+01:00	server	{"container_id":"f4a9f907ee7e79014fed7e64b92300aad4b0e29c12822e240330d42c6919c33e","container_name":"/docker-server-1","source":"stdout","log":"Reading package lists..."}
2026-01-06T22:09:52+01:00	rb	{"container_id":"fb8f997c79928f5b8fc7be289737f825c170095538201d02491d0ebc4bb75c14","container_name":"/docker-rb-1","source":"stdout","log":" * Starting system logging syslog-ng"}
2026-01-06T22:09:52+01:00	rb	{"log":"[2026-01-06T22:09:52.475228] WARNING: Configuration file format is too old, syslog-ng is running in compatibility mode. Please update it to use the syslog-ng 3.35 format at your time of convenience. To upgrade the configuration, please review the warnings about incompatible changes printed by syslog-ng, and once completed change the @version header at the top of the configuration file; config-version='3.27'","container_id":"fb8f997c79928f5b8fc7be289737f825c170095538201d02491d0ebc4bb75c14","container_name":"/docker-rb-1","source":"stderr"}
2026-01-06T22:09:52+01:00	rb	{"log":"[2026-01-06T22:09:52.504479] WARNING: The internal_queue_length stat counter has been renamed to internal_source.queued. The old name will be removed in future versions; config-version='3.27'","container_id":"fb8f997c79928f5b8fc7be289737f825c170095538201d02491d0ebc4bb75c14","container_name":"/docker-rb-1","source":"stderr"}
2026-01-06T22:09:52+01:00	rb	{"log":"   ...done.","container_id":"fb8f997c79928f5b8fc7be289737f825c170095538201d02491d0ebc4bb75c14","container_name":"/docker-rb-1","source":"stdout"}
2026-01-06T22:09:52+01:00	rb	{"log":" * Started watchfrr","container_id":"fb8f997c79928f5b8fc7be289737f825c170095538201d02491d0ebc4bb75c14","container_name":"/docker-rb-1","source":"stdout"}
2026-01-06T22:09:52+01:00	rb	{"log":"","container_id":"fb8f997c79928f5b8fc7be289737f825c170095538201d02491d0ebc4bb75c14","container_name":"/docker-rb-1","source":"stdout"}
2026-01-06T22:09:52+01:00	rb	{"container_id":"fb8f997c79928f5b8fc7be289737f825c170095538201d02491d0ebc4bb75c14","container_name":"/docker-rb-1","source":"stdout","log":"Hello, this is FRRouting (version 8.1)."}
2026-01-06T22:09:52+01:00	rb	{"container_id":"fb8f997c79928f5b8fc7be289737f825c170095538201d02491d0ebc4bb75c14","container_name":"/docker-rb-1","source":"stdout","log":"Copyright 1996-2005 Kunihiro Ishiguro, et al."}
2026-01-06T22:09:52+01:00	rb	{"container_id":"fb8f997c79928f5b8fc7be289737f825c170095538201d02491d0ebc4bb75c14","container_name":"/docker-rb-1","source":"stdout","log":""}
2026-01-06T22:09:52+01:00	rb	{"log":"rb# conf t","container_id":"fb8f997c79928f5b8fc7be289737f825c170095538201d02491d0ebc4bb75c14","container_name":"/docker-rb-1","source":"stdout"}
2026-01-06T22:09:52+01:00	rb	{"source":"stdout","log":"rb(config)# log file /shared-volume/frr/frr2.log","container_id":"fb8f997c79928f5b8fc7be289737f825c170095538201d02491d0ebc4bb75c14","container_name":"/docker-rb-1"}
2026-01-06T22:09:52+01:00	rb	{"container_name":"/docker-rb-1","source":"stdout","log":"rb(config)# router ospf","container_id":"fb8f997c79928f5b8fc7be289737f825c170095538201d02491d0ebc4bb75c14"}
2026-01-06T22:09:52+01:00	rb	{"container_id":"fb8f997c79928f5b8fc7be289737f825c170095538201d02491d0ebc4bb75c14","container_name":"/docker-rb-1","source":"stdout","log":"rb(config-router)# network 10.3.0.0/29 area 0"}
2026-01-06T22:09:52+01:00	rb	{"container_id":"fb8f997c79928f5b8fc7be289737f825c170095538201d02491d0ebc4bb75c14","container_name":"/docker-rb-1","source":"stdout","log":"rb(config-router)# network 10.0.3.0/24 area 0"}
2026-01-06T22:09:52+01:00	rb	{"container_name":"/docker-rb-1","source":"stdout","log":"rb(config-router)# network 10.0.4.0/24 area 0","container_id":"fb8f997c79928f5b8fc7be289737f825c170095538201d02491d0ebc4bb75c14"}
2026-01-06T22:09:52+01:00	rb	{"container_id":"fb8f997c79928f5b8fc7be289737f825c170095538201d02491d0ebc4bb75c14","container_name":"/docker-rb-1","source":"stdout","log":"rb(config-router)# end"}
2026-01-06T22:09:52+01:00	rb	{"source":"stdout","log":"rb# ","container_id":"fb8f997c79928f5b8fc7be289737f825c170095538201d02491d0ebc4bb75c14","container_name":"/docker-rb-1"}
2026-01-06T22:09:52+01:00	ra	{"log":" * Starting system logging syslog-ng","container_id":"cc3901ef8dde5e45bf1bdef17d68c6255d6b427c2a45d89b904b6ad3e39e8271","container_name":"/docker-ra-1","source":"stdout"}
2026-01-06T22:09:52+01:00	ra	{"container_name":"/docker-ra-1","source":"stderr","log":"[2026-01-06T22:09:52.532100] WARNING: Configuration file format is too old, syslog-ng is running in compatibility mode. Please update it to use the syslog-ng 3.35 format at your time of convenience. To upgrade the configuration, please review the warnings about incompatible changes printed by syslog-ng, and once completed change the @version header at the top of the configuration file; config-version='3.27'","container_id":"cc3901ef8dde5e45bf1bdef17d68c6255d6b427c2a45d89b904b6ad3e39e8271"}
2026-01-06T22:09:52+01:00	ra	{"source":"stderr","log":"[2026-01-06T22:09:52.564956] WARNING: The internal_queue_length stat counter has been renamed to internal_source.queued. The old name will be removed in future versions; config-version='3.27'","container_id":"cc3901ef8dde5e45bf1bdef17d68c6255d6b427c2a45d89b904b6ad3e39e8271","container_name":"/docker-ra-1"}
2026-01-06T22:09:52+01:00	ra	{"source":"stdout","log":"   ...done.","container_id":"cc3901ef8dde5e45bf1bdef17d68c6255d6b427c2a45d89b904b6ad3e39e8271","container_name":"/docker-ra-1"}
2026-01-06T22:09:52+01:00	ra	{"container_name":"/docker-ra-1","source":"stdout","log":" * Started watchfrr","container_id":"cc3901ef8dde5e45bf1bdef17d68c6255d6b427c2a45d89b904b6ad3e39e8271"}
2026-01-06T22:09:52+01:00	ra	{"container_id":"cc3901ef8dde5e45bf1bdef17d68c6255d6b427c2a45d89b904b6ad3e39e8271","container_name":"/docker-ra-1","source":"stdout","log":""}
2026-01-06T22:09:52+01:00	ra	{"container_name":"/docker-ra-1","source":"stdout","log":"Hello, this is FRRouting (version 8.1).","container_id":"cc3901ef8dde5e45bf1bdef17d68c6255d6b427c2a45d89b904b6ad3e39e8271"}
2026-01-06T22:09:52+01:00	ra	{"container_id":"cc3901ef8dde5e45bf1bdef17d68c6255d6b427c2a45d89b904b6ad3e39e8271","container_name":"/docker-ra-1","source":"stdout","log":"Copyright 1996-2005 Kunihiro Ishiguro, et al."}
2026-01-06T22:09:52+01:00	ra	{"container_id":"cc3901ef8dde5e45bf1bdef17d68c6255d6b427c2a45d89b904b6ad3e39e8271","container_name":"/docker-ra-1","source":"stdout","log":""}
2026-01-06T22:09:52+01:00	ra	{"container_name":"/docker-ra-1","source":"stdout","log":"ra# conf t","container_id":"cc3901ef8dde5e45bf1bdef17d68c6255d6b427c2a45d89b904b6ad3e39e8271"}
2026-01-06T22:09:52+01:00	ra	{"container_id":"cc3901ef8dde5e45bf1bdef17d68c6255d6b427c2a45d89b904b6ad3e39e8271","container_name":"/docker-ra-1","source":"stdout","log":"ra(config)# log file /shared-volume/frr/frr1.log"}
2026-01-06T22:09:52+01:00	ra	{"container_id":"cc3901ef8dde5e45bf1bdef17d68c6255d6b427c2a45d89b904b6ad3e39e8271","container_name":"/docker-ra-1","source":"stdout","log":"ra(config)# router ospf"}
2026-01-06T22:09:52+01:00	ra	{"container_name":"/docker-ra-1","source":"stdout","log":"ra(config-router)# network 10.2.0.0/29 area 0","container_id":"cc3901ef8dde5e45bf1bdef17d68c6255d6b427c2a45d89b904b6ad3e39e8271"}
2026-01-06T22:09:52+01:00	ra	{"container_id":"cc3901ef8dde5e45bf1bdef17d68c6255d6b427c2a45d89b904b6ad3e39e8271","container_name":"/docker-ra-1","source":"stdout","log":"ra(config-router)# network 10.0.1.0/24 area 0"}
2026-01-06T22:09:52+01:00	ra	{"container_id":"cc3901ef8dde5e45bf1bdef17d68c6255d6b427c2a45d89b904b6ad3e39e8271","container_name":"/docker-ra-1","source":"stdout","log":"ra(config-router)# network 10.0.2.0/24 area 0"}
2026-01-06T22:09:52+01:00	ra	{"container_id":"cc3901ef8dde5e45bf1bdef17d68c6255d6b427c2a45d89b904b6ad3e39e8271","container_name":"/docker-ra-1","source":"stdout","log":"ra(config-router)# end"}
2026-01-06T22:09:52+01:00	ra	{"container_id":"cc3901ef8dde5e45bf1bdef17d68c6255d6b427c2a45d89b904b6ad3e39e8271","container_name":"/docker-ra-1","source":"stdout","log":"ra# "}
2026-01-06T22:09:52+01:00	rc2	{"container_name":"/docker-rc2-1","source":"stdout","log":" * Starting system logging syslog-ng","container_id":"d4950da48ab94898d28ea8368a801c4fafebce72d3c2b3fd9b3114986f05d5cd"}
2026-01-06T22:09:52+01:00	rc2	{"container_name":"/docker-rc2-1","source":"stderr","log":"[2026-01-06T22:09:52.565873] WARNING: Configuration file format is too old, syslog-ng is running in compatibility mode. Please update it to use the syslog-ng 3.35 format at your time of convenience. To upgrade the configuration, please review the warnings about incompatible changes printed by syslog-ng, and once completed change the @version header at the top of the configuration file; config-version='3.27'","container_id":"d4950da48ab94898d28ea8368a801c4fafebce72d3c2b3fd9b3114986f05d5cd"}
2026-01-06T22:09:52+01:00	rc2	{"log":"[2026-01-06T22:09:52.596073] WARNING: The internal_queue_length stat counter has been renamed to internal_source.queued. The old name will be removed in future versions; config-version='3.27'","container_id":"d4950da48ab94898d28ea8368a801c4fafebce72d3c2b3fd9b3114986f05d5cd","container_name":"/docker-rc2-1","source":"stderr"}
2026-01-06T22:09:52+01:00	rc2	{"source":"stdout","log":"   ...done.","container_id":"d4950da48ab94898d28ea8368a801c4fafebce72d3c2b3fd9b3114986f05d5cd","container_name":"/docker-rc2-1"}
2026-01-06T22:09:52+01:00	rc2	{"source":"stdout","log":" * Started watchfrr","container_id":"d4950da48ab94898d28ea8368a801c4fafebce72d3c2b3fd9b3114986f05d5cd","container_name":"/docker-rc2-1"}
2026-01-06T22:09:52+01:00	rc2	{"container_id":"d4950da48ab94898d28ea8368a801c4fafebce72d3c2b3fd9b3114986f05d5cd","container_name":"/docker-rc2-1","source":"stdout","log":""}
2026-01-06T22:09:52+01:00	rc2	{"log":"Hello, this is FRRouting (version 8.1).","container_id":"d4950da48ab94898d28ea8368a801c4fafebce72d3c2b3fd9b3114986f05d5cd","container_name":"/docker-rc2-1","source":"stdout"}
2026-01-06T22:09:52+01:00	rc2	{"container_id":"d4950da48ab94898d28ea8368a801c4fafebce72d3c2b3fd9b3114986f05d5cd","container_name":"/docker-rc2-1","source":"stdout","log":"Copyright 1996-2005 Kunihiro Ishiguro, et al."}
2026-01-06T22:09:52+01:00	rc2	{"source":"stdout","log":"","container_id":"d4950da48ab94898d28ea8368a801c4fafebce72d3c2b3fd9b3114986f05d5cd","container_name":"/docker-rc2-1"}
2026-01-06T22:09:52+01:00	rc2	{"container_id":"d4950da48ab94898d28ea8368a801c4fafebce72d3c2b3fd9b3114986f05d5cd","container_name":"/docker-rc2-1","source":"stdout","log":"rc2# conf t"}
2026-01-06T22:09:52+01:00	rc2	{"container_id":"d4950da48ab94898d28ea8368a801c4fafebce72d3c2b3fd9b3114986f05d5cd","container_name":"/docker-rc2-1","source":"stdout","log":"rc2(config)# log file /shared-volume/frr/frr4.log"}
2026-01-06T22:09:52+01:00	rc2	{"container_id":"d4950da48ab94898d28ea8368a801c4fafebce72d3c2b3fd9b3114986f05d5cd","container_name":"/docker-rc2-1","source":"stdout","log":"rc2(config)# router ospf"}
2026-01-06T22:09:52+01:00	rc2	{"log":"rc2(config-router)# network 10.1.0.0/29 area 0","container_id":"d4950da48ab94898d28ea8368a801c4fafebce72d3c2b3fd9b3114986f05d5cd","container_name":"/docker-rc2-1","source":"stdout"}
2026-01-06T22:09:52+01:00	rc2	{"container_id":"d4950da48ab94898d28ea8368a801c4fafebce72d3c2b3fd9b3114986f05d5cd","container_name":"/docker-rc2-1","source":"stdout","log":"rc2(config-router)# network 10.2.0.0/29 area 0"}
2026-01-06T22:09:52+01:00	rc2	{"log":"rc2(config-router)# network 10.3.0.0/29 area 0","container_id":"d4950da48ab94898d28ea8368a801c4fafebce72d3c2b3fd9b3114986f05d5cd","container_name":"/docker-rc2-1","source":"stdout"}
2026-01-06T22:09:52+01:00	rc2	{"log":"rc2(config-router)# end","container_id":"d4950da48ab94898d28ea8368a801c4fafebce72d3c2b3fd9b3114986f05d5cd","container_name":"/docker-rc2-1","source":"stdout"}
2026-01-06T22:09:52+01:00	rc2	{"log":"rc2# ","container_id":"d4950da48ab94898d28ea8368a801c4fafebce72d3c2b3fd9b3114986f05d5cd","container_name":"/docker-rc2-1","source":"stdout"}
2026-01-06T22:09:53+01:00	server	{"container_id":"f4a9f907ee7e79014fed7e64b92300aad4b0e29c12822e240330d42c6919c33e","container_name":"/docker-server-1","source":"stdout","log":"Reading package lists..."}
2026-01-06T22:09:54+01:00	server	{"log":"Building dependency tree...","container_id":"f4a9f907ee7e79014fed7e64b92300aad4b0e29c12822e240330d42c6919c33e","container_name":"/docker-server-1","source":"stdout"}
2026-01-06T22:09:54+01:00	server	{"container_name":"/docker-server-1","source":"stdout","log":"Reading state information...","container_id":"f4a9f907ee7e79014fed7e64b92300aad4b0e29c12822e240330d42c6919c33e"}
2026-01-06T22:09:54+01:00	server	{"container_id":"f4a9f907ee7e79014fed7e64b92300aad4b0e29c12822e240330d42c6919c33e","container_name":"/docker-server-1","source":"stderr","log":"E: Unable to locate package linux-headers-6.6.87.2-microsoft-standard-WSL2"}
2026-01-06T22:09:54+01:00	server	{"log":"E: Couldn't find any package by glob 'linux-headers-6.6.87.2-microsoft-standard-WSL2'","container_id":"f4a9f907ee7e79014fed7e64b92300aad4b0e29c12822e240330d42c6919c33e","container_name":"/docker-server-1","source":"stderr"}
2026-01-06T22:09:54+01:00	server	{"container_id":"f4a9f907ee7e79014fed7e64b92300aad4b0e29c12822e240330d42c6919c33e","container_name":"/docker-server-1","source":"stderr","log":"E: Couldn't find any package by regex 'linux-headers-6.6.87.2-microsoft-standard-WSL2'"}
2026-01-06T22:09:54+01:00	server	{"log":"","container_id":"f4a9f907ee7e79014fed7e64b92300aad4b0e29c12822e240330d42c6919c33e","container_name":"/docker-server-1","source":"stdout"}
2026-01-06T22:09:54+01:00	server	{"container_id":"f4a9f907ee7e79014fed7e64b92300aad4b0e29c12822e240330d42c6919c33e","container_name":"/docker-server-1","source":"stdout","log":"> my-test-server@1.0.0 start"}
2026-01-06T22:09:54+01:00	server	{"container_id":"f4a9f907ee7e79014fed7e64b92300aad4b0e29c12822e240330d42c6919c33e","container_name":"/docker-server-1","source":"stdout","log":"> node server.js"}
2026-01-06T22:09:54+01:00	server	{"container_id":"f4a9f907ee7e79014fed7e64b92300aad4b0e29c12822e240330d42c6919c33e","container_name":"/docker-server-1","source":"stdout","log":""}
2026-01-06T22:09:54+01:00	server	{"log":"Server is listening at http://localhost:3000","container_id":"f4a9f907ee7e79014fed7e64b92300aad4b0e29c12822e240330d42c6919c33e","container_name":"/docker-server-1","source":"stdout"}
2026-01-06T22:09:52+01:00	syslog.syslog.notice	{"host":"rc1","ident":"syslog-ng","pid":"17","message":"syslog-ng starting up; version='3.35.1'"}
2026-01-06T22:09:52+01:00	syslog.syslog.err	{"host":"rc1","ident":"syslog-ng","pid":"17","message":"Syslog connection failed; fd='15', server='AF_INET(10.100.0.3:5140)', error='Connection refused (111)', time_reopen='60'"}
2026-01-06T22:09:52+01:00	syslog.daemon.notice	{"host":"rc1","ident":"watchfrr","pid":"37","message":"[T83RR-8SM5G] watchfrr 8.1 starting: vty@0"}
2026-01-06T22:09:52+01:00	syslog.daemon.info	{"host":"rc1","ident":"watchfrr","pid":"37","message":"[ZCJ3S-SPH5S] zebra state -> down : initial connection attempt failed"}
2026-01-06T22:09:52+01:00	syslog.daemon.info	{"host":"rc1","ident":"watchfrr","pid":"37","message":"[ZCJ3S-SPH5S] bgpd state -> down : initial connection attempt failed"}
2026-01-06T22:09:52+01:00	syslog.daemon.info	{"host":"rc1","ident":"watchfrr","pid":"37","message":"[ZCJ3S-SPH5S] ospfd state -> down : initial connection attempt failed"}
2026-01-06T22:09:52+01:00	syslog.daemon.info	{"host":"rc1","ident":"watchfrr","pid":"37","message":"[ZCJ3S-SPH5S] staticd state -> down : initial connection attempt failed"}
2026-01-06T22:09:52+01:00	syslog.daemon.info	{"host":"rc1","ident":"watchfrr","pid":"37","message":"[YFT0P-5Q5YX] Forked background command [pid 38]: /usr/lib/frr/watchfrr.sh restart all"}
2026-01-06T22:09:52+01:00	syslog.kern.info	{"host":"rc1","ident":"kernel","message":"br-fc8799a6fdf0: port 2(veth8aa5e79) entered disabled state"}
2026-01-06T22:09:52+01:00	syslog.kern.info	{"host":"rc1","ident":"kernel","message":"br-0db9d1e14c76: port 1(vethcc4c112) entered blocking state"}
2026-01-06T22:09:52+01:00	syslog.kern.info	{"host":"rc1","ident":"kernel","message":"br-0db9d1e14c76: port 1(vethcc4c112) entered forwarding state"}
2026-01-06T22:09:52+01:00	syslog.kern.info	{"host":"rc1","ident":"kernel","message":"eth1: renamed from vetha643f30"}
2026-01-06T22:09:52+01:00	syslog.daemon.err	{"host":"rc1","ident":"watchfrr.sh","pid":"47","message":"Cannot stop staticd: pid file not found"}
2026-01-06T22:09:52+01:00	syslog.daemon.err	{"host":"rc1","ident":"watchfrr.sh","pid":"50","message":"Cannot stop ospfd: pid file not found"}
2026-01-06T22:09:52+01:00	syslog.daemon.err	{"host":"rc1","ident":"watchfrr.sh","pid":"52","message":"Cannot stop bgpd: pid file not found"}
2026-01-06T22:09:52+01:00	syslog.daemon.err	{"host":"rc1","ident":"watchfrr.sh","pid":"54","message":"Cannot stop zebra: pid file not found"}
2026-01-06T22:09:52+01:00	syslog.kern.info	{"host":"rc1","ident":"kernel","message":"br-ad3c37abb811: port 1(veth2441270) entered blocking state"}
2026-01-06T22:09:52+01:00	syslog.kern.info	{"host":"rc1","ident":"kernel","message":"br-ad3c37abb811: port 1(veth2441270) entered forwarding state"}
2026-01-06T22:09:52+01:00	syslog.kern.info	{"host":"rc1","ident":"kernel","message":"br-fc8799a6fdf0: port 2(veth8aa5e79) entered blocking state"}
2026-01-06T22:09:52+01:00	syslog.kern.info	{"host":"rc1","ident":"kernel","message":"br-fc8799a6fdf0: port 2(veth8aa5e79) entered forwarding state"}
2026-01-06T22:09:52+01:00	syslog.kern.info	{"host":"rc1","ident":"kernel","message":"br-847fe0149dcd: port 2(veth94a45be) entered blocking state"}
2026-01-06T22:09:52+01:00	syslog.kern.info	{"host":"rc1","ident":"kernel","message":"br-847fe0149dcd: port 2(veth94a45be) entered disabled state"}
2026-01-06T22:09:52+01:00	syslog.kern.info	{"host":"rc1","ident":"kernel","message":"veth94a45be: entered allmulticast mode"}
2026-01-06T22:09:52+01:00	syslog.kern.info	{"host":"rc1","ident":"kernel","message":"veth94a45be: entered promiscuous mode"}
2026-01-06T22:09:52+01:00	syslog.kern.info	{"host":"rc1","ident":"kernel","message":"br-847fe0149dcd: port 2(veth94a45be) entered blocking state"}
2026-01-06T22:09:52+01:00	syslog.kern.info	{"host":"rc1","ident":"kernel","message":"br-847fe0149dcd: port 2(veth94a45be) entered forwarding state"}
2026-01-06T22:09:52+01:00	syslog.kern.info	{"host":"rc1","ident":"kernel","message":"eth2: renamed from veth3d0b78f"}
2026-01-06T22:09:52+01:00	syslog.kern.info	{"host":"rc1","ident":"kernel","message":"br-3b98581e8a04: port 1(veth1c4107f) entered blocking state"}
2026-01-06T22:09:52+01:00	syslog.kern.info	{"host":"rc1","ident":"kernel","message":"br-3b98581e8a04: port 1(veth1c4107f) entered disabled state"}
2026-01-06T22:09:52+01:00	syslog.kern.info	{"host":"rc1","ident":"kernel","message":"veth1c4107f: entered allmulticast mode"}
2026-01-06T22:09:52+01:00	syslog.kern.info	{"host":"rc1","ident":"kernel","message":"veth1c4107f: entered promiscuous mode"}
2026-01-06T22:09:52+01:00	syslog.kern.info	{"host":"rc1","ident":"kernel","message":"br-3b98581e8a04: port 1(veth1c4107f) entered blocking state"}
2026-01-06T22:09:52+01:00	syslog.kern.info	{"host":"rc1","ident":"kernel","message":"br-3b98581e8a04: port 1(veth1c4107f) entered forwarding state"}
2026-01-06T22:09:52+01:00	syslog.kern.info	{"host":"rc1","ident":"kernel","message":"br-3b98581e8a04: port 1(veth1c4107f) entered disabled state"}
2026-01-06T22:09:52+01:00	syslog.kern.info	{"host":"rc1","ident":"kernel","message":"eth2: renamed from vethc0eb79d"}
2026-01-06T22:09:52+01:00	syslog.kern.info	{"host":"rc1","ident":"kernel","message":"br-3b98581e8a04: port 1(veth1c4107f) entered blocking state"}
2026-01-06T22:09:52+01:00	syslog.kern.info	{"host":"rc1","ident":"kernel","message":"br-3b98581e8a04: port 1(veth1c4107f) entered forwarding state"}
2026-01-06T22:09:52+01:00	syslog.kern.info	{"host":"rc1","ident":"kernel","message":"br-3b98581e8a04: port 2(veth715d432) entered blocking state"}
2026-01-06T22:09:52+01:00	syslog.kern.info	{"host":"rc1","ident":"kernel","message":"br-3b98581e8a04: port 2(veth715d432) entered disabled state"}
2026-01-06T22:09:52+01:00	syslog.kern.info	{"host":"rc1","ident":"kernel","message":"veth715d432: entered allmulticast mode"}
2026-01-06T22:09:52+01:00	syslog.kern.info	{"host":"rc1","ident":"kernel","message":"veth715d432: entered promiscuous mode"}
2026-01-06T22:09:52+01:00	syslog.kern.info	{"host":"rc1","ident":"kernel","message":"br-3b98581e8a04: port 2(veth715d432) entered blocking state"}
2026-01-06T22:09:52+01:00	syslog.kern.info	{"host":"rc1","ident":"kernel","message":"br-3b98581e8a04: port 2(veth715d432) entered forwarding state"}
2026-01-06T22:09:52+01:00	syslog.kern.info	{"host":"rc1","ident":"kernel","message":"eth2: renamed from vethec5aaaf"}
2026-01-06T22:09:52+01:00	syslog.daemon.info	{"host":"rc1","ident":"zebra","pid":"57","message":"[VTVCM-Y2NW3] Configuration Read in Took: 00:00:00"}
2026-01-06T22:09:52+01:00	syslog.daemon.info	{"host":"rc1","ident":"ospfd","pid":"69","message":"[VTVCM-Y2NW3] Configuration Read in Took: 00:00:00"}
2026-01-06T22:09:52+01:00	syslog.daemon.info	{"host":"rc1","ident":"bgpd","pid":"62","message":"[VTVCM-Y2NW3] Configuration Read in Took: 00:00:00"}
2026-01-06T22:09:52+01:00	syslog.daemon.info	{"host":"rc1","ident":"staticd","pid":"72","message":"[VTVCM-Y2NW3] Configuration Read in Took: 00:00:00"}
2026-01-06T22:09:52+01:00	syslog.daemon.notice	{"host":"rc1","ident":"watchfrr","pid":"37","message":"[QDG3Y-BY5TN] zebra state -> up : connect succeeded"}
2026-01-06T22:09:52+01:00	syslog.daemon.notice	{"host":"rc1","ident":"watchfrr","pid":"37","message":"[QDG3Y-BY5TN] bgpd state -> up : connect succeeded"}
2026-01-06T22:09:52+01:00	syslog.daemon.notice	{"host":"rc1","ident":"watchfrr","pid":"37","message":"[QDG3Y-BY5TN] ospfd state -> up : connect succeeded"}
2026-01-06T22:09:52+01:00	syslog.daemon.notice	{"host":"rc1","ident":"watchfrr","pid":"37","message":"[QDG3Y-BY5TN] staticd state -> up : connect succeeded"}
2026-01-06T22:09:52+01:00	syslog.daemon.notice	{"host":"rc1","ident":"watchfrr","pid":"37","message":"[KWE5Q-QNGFC] all daemons up, doing startup-complete notify"}
2026-01-06T22:09:52+01:00	syslog.kern.info	{"host":"rc1","ident":"kernel","message":"br-0db9d1e14c76: port 2(vethc50035b) entered blocking state"}
2026-01-06T22:09:52+01:00	syslog.kern.info	{"host":"rc1","ident":"kernel","message":"br-0db9d1e14c76: port 2(vethc50035b) entered disabled state"}
2026-01-06T22:09:52+01:00	syslog.kern.info	{"host":"rc1","ident":"kernel","message":"vethc50035b: entered allmulticast mode"}
2026-01-06T22:09:52+01:00	syslog.kern.info	{"host":"rc1","ident":"kernel","message":"vethc50035b: entered promiscuous mode"}
2026-01-06T22:09:52+01:00	syslog.kern.info	{"host":"rc1","ident":"kernel","message":"br-0db9d1e14c76: port 2(vethc50035b) entered blocking state"}
2026-01-06T22:09:52+01:00	syslog.kern.info	{"host":"rc1","ident":"kernel","message":"br-0db9d1e14c76: port 2(vethc50035b) entered forwarding state"}
2026-01-06T22:09:52+01:00	syslog.kern.info	{"host":"rc1","ident":"kernel","message":"br-d0884beb8ca3: port 2(veth27360b8) entered blocking state"}
2026-01-06T22:09:52+01:00	syslog.kern.info	{"host":"rc1","ident":"kernel","message":"br-d0884beb8ca3: port 2(veth27360b8) entered disabled state"}
2026-01-06T22:09:52+01:00	syslog.kern.info	{"host":"rc1","ident":"kernel","message":"veth27360b8: entered allmulticast mode"}
2026-01-06T22:09:52+01:00	syslog.kern.info	{"host":"rc1","ident":"kernel","message":"veth27360b8: entered promiscuous mode"}
2026-01-06T22:09:52+01:00	syslog.kern.info	{"host":"rc1","ident":"kernel","message":"br-d0884beb8ca3: port 2(veth27360b8) entered blocking state"}
2026-01-06T22:09:52+01:00	syslog.kern.info	{"host":"rc1","ident":"kernel","message":"br-d0884beb8ca3: port 2(veth27360b8) entered forwarding state"}
2026-01-06T22:09:52+01:00	syslog.kern.info	{"host":"rc1","ident":"kernel","message":"eth0: renamed from veth291669c"}
2026-01-06T22:09:52+01:00	syslog.kern.info	{"host":"rc1","ident":"kernel","message":"br-d0884beb8ca3: port 2(veth27360b8) entered disabled state"}
2026-01-06T22:09:52+01:00	syslog.kern.info	{"host":"rc1","ident":"kernel","message":"eth0: renamed from veth6d3e2b7"}
2026-01-06T22:09:52+01:00	syslog.kern.info	{"host":"rc1","ident":"kernel","message":"br-76dfe1fa6b44: port 2(vethb5b7a5f) entered blocking state"}
2026-01-06T22:09:52+01:00	syslog.kern.info	{"host":"rc1","ident":"kernel","message":"br-76dfe1fa6b44: port 2(vethb5b7a5f) entered disabled state"}
2026-01-06T22:09:52+01:00	syslog.kern.info	{"host":"rc1","ident":"kernel","message":"vethb5b7a5f: entered allmulticast mode"}
2026-01-06T22:09:52+01:00	syslog.kern.info	{"host":"rc1","ident":"kernel","message":"vethb5b7a5f: entered promiscuous mode"}
2026-01-06T22:09:52+01:00	syslog.kern.info	{"host":"rc1","ident":"kernel","message":"br-d0884beb8ca3: port 2(veth27360b8) entered blocking state"}
2026-01-06T22:09:52+01:00	syslog.kern.info	{"host":"rc1","ident":"kernel","message":"br-d0884beb8ca3: port 2(veth27360b8) entered forwarding state"}
2026-01-06T22:09:52+01:00	syslog.kern.info	{"host":"rc1","ident":"kernel","message":"br-ad3c37abb811: port 2(vethd061ee5) entered blocking state"}
2026-01-06T22:09:52+01:00	syslog.kern.info	{"host":"rc1","ident":"kernel","message":"br-ad3c37abb811: port 2(vethd061ee5) entered disabled state"}
2026-01-06T22:09:52+01:00	syslog.kern.info	{"host":"rc1","ident":"kernel","message":"vethd061ee5: entered allmulticast mode"}
2026-01-06T22:09:52+01:00	syslog.kern.info	{"host":"rc1","ident":"kernel","message":"vethd061ee5: entered promiscuous mode"}
2026-01-06T22:09:52+01:00	syslog.kern.info	{"host":"rc1","ident":"kernel","message":"br-76dfe1fa6b44: port 2(vethb5b7a5f) entered blocking state"}
2026-01-06T22:09:52+01:00	syslog.kern.info	{"host":"rc1","ident":"kernel","message":"br-76dfe1fa6b44: port 2(vethb5b7a5f) entered forwarding state"}
2026-01-06T22:09:52+01:00	syslog.kern.info	{"host":"rc1","ident":"kernel","message":"br-ad3c37abb811: port 2(vethd061ee5) entered blocking state"}
2026-01-06T22:09:52+01:00	syslog.kern.info	{"host":"rc1","ident":"kernel","message":"br-ad3c37abb811: port 2(vethd061ee5) entered forwarding state"}
2026-01-06T22:09:52+01:00	syslog.kern.info	{"host":"rc1","ident":"kernel","message":"eth0: renamed from vethd0a80cd"}
2026-01-06T22:09:52+01:00	syslog.kern.info	{"host":"rc1","ident":"kernel","message":"eth0: renamed from vethc3f7b99"}
2026-01-06T22:09:52+01:00	syslog.kern.info	{"host":"rc1","ident":"kernel","message":"br-ad3c37abb811: port 2(vethd061ee5) entered disabled state"}
2026-01-06T22:09:52+01:00	syslog.kern.info	{"host":"rc1","ident":"kernel","message":"br-ad3c37abb811: port 2(vethd061ee5) entered blocking state"}
2026-01-06T22:09:52+01:00	syslog.kern.info	{"host":"rc1","ident":"kernel","message":"br-ad3c37abb811: port 2(vethd061ee5) entered forwarding state"}
2026-01-06T22:10:37+01:00	syslog.daemon.info	{"host":"rc1","ident":"ospfd","pid":"69","message":"[S5PCG-77H23] Packet[DD]: Neighbor 10.3.0.3 Negotiation done (Master)."}
2026-01-06T22:10:52+01:00	syslog.syslog.notice	{"host":"rc1","ident":"syslog-ng","pid":"17","message":"Syslog connection established; fd='18', server='AF_INET(10.100.0.3:5140)', local='AF_INET(0.0.0.0:0)'"}
2026-01-06T22:09:52+01:00	syslog.syslog.notice	{"host":"rb","ident":"syslog-ng","pid":"17","message":"syslog-ng starting up; version='3.35.1'"}
2026-01-06T22:09:52+01:00	syslog.syslog.err	{"host":"rb","ident":"syslog-ng","pid":"17","message":"Syslog connection failed; fd='15', server='AF_INET(10.100.0.3:5140)', error='Connection refused (111)', time_reopen='60'"}
2026-01-06T22:09:52+01:00	syslog.daemon.notice	{"host":"rb","ident":"watchfrr","pid":"37","message":"[T83RR-8SM5G] watchfrr 8.1 starting: vty@0"}
2026-01-06T22:09:52+01:00	syslog.daemon.info	{"host":"rb","ident":"watchfrr","pid":"37","message":"[ZCJ3S-SPH5S] zebra state -> down : initial connection attempt failed"}
2026-01-06T22:09:52+01:00	syslog.daemon.info	{"host":"rb","ident":"watchfrr","pid":"37","message":"[ZCJ3S-SPH5S] bgpd state -> down : initial connection attempt failed"}
2026-01-06T22:09:52+01:00	syslog.daemon.info	{"host":"rb","ident":"watchfrr","pid":"37","message":"[ZCJ3S-SPH5S] ospfd state -> down : initial connection attempt failed"}
2026-01-06T22:09:52+01:00	syslog.daemon.info	{"host":"rb","ident":"watchfrr","pid":"37","message":"[ZCJ3S-SPH5S] staticd state -> down : initial connection attempt failed"}
2026-01-06T22:09:52+01:00	syslog.daemon.info	{"host":"rb","ident":"watchfrr","pid":"37","message":"[YFT0P-5Q5YX] Forked background command [pid 38]: /usr/lib/frr/watchfrr.sh restart all"}
2026-01-06T22:09:52+01:00	syslog.daemon.err	{"host":"rb","ident":"watchfrr.sh","pid":"50","message":"Cannot stop ospfd: pid file not found"}
2026-01-06T22:09:52+01:00	syslog.daemon.err	{"host":"rb","ident":"watchfrr.sh","pid":"47","message":"Cannot stop staticd: pid file not found"}
2026-01-06T22:09:52+01:00	syslog.daemon.err	{"host":"rb","ident":"watchfrr.sh","pid":"52","message":"Cannot stop bgpd: pid file not found"}
2026-01-06T22:09:52+01:00	syslog.daemon.err	{"host":"rb","ident":"watchfrr.sh","pid":"54","message":"Cannot stop zebra: pid file not found"}
2026-01-06T22:09:52+01:00	syslog.kern.info	{"host":"rb","ident":"kernel","message":"br-0db9d1e14c76: port 2(vethc50035b) entered blocking state"}
2026-01-06T22:09:52+01:00	syslog.kern.info	{"host":"rb","ident":"kernel","message":"br-0db9d1e14c76: port 2(vethc50035b) entered disabled state"}
2026-01-06T22:09:52+01:00	syslog.kern.info	{"host":"rb","ident":"kernel","message":"vethc50035b: entered allmulticast mode"}
2026-01-06T22:09:52+01:00	syslog.kern.info	{"host":"rb","ident":"kernel","message":"vethc50035b: entered promiscuous mode"}
2026-01-06T22:09:52+01:00	syslog.kern.info	{"host":"rb","ident":"kernel","message":"br-0db9d1e14c76: port 2(vethc50035b) entered blocking state"}
2026-01-06T22:09:52+01:00	syslog.kern.info	{"host":"rb","ident":"kernel","message":"br-0db9d1e14c76: port 2(vethc50035b) entered forwarding state"}
2026-01-06T22:09:52+01:00	syslog.kern.info	{"host":"rb","ident":"kernel","message":"br-d0884beb8ca3: port 2(veth27360b8) entered blocking state"}
2026-01-06T22:09:52+01:00	syslog.kern.info	{"host":"rb","ident":"kernel","message":"br-d0884beb8ca3: port 2(veth27360b8) entered disabled state"}
2026-01-06T22:09:52+01:00	syslog.kern.info	{"host":"rb","ident":"kernel","message":"veth27360b8: entered allmulticast mode"}
2026-01-06T22:09:52+01:00	syslog.kern.info	{"host":"rb","ident":"kernel","message":"veth27360b8: entered promiscuous mode"}
2026-01-06T22:09:52+01:00	syslog.kern.info	{"host":"rb","ident":"kernel","message":"br-d0884beb8ca3: port 2(veth27360b8) entered blocking state"}
2026-01-06T22:09:52+01:00	syslog.kern.info	{"host":"rb","ident":"kernel","message":"br-d0884beb8ca3: port 2(veth27360b8) entered forwarding state"}
2026-01-06T22:09:52+01:00	syslog.kern.info	{"host":"rb","ident":"kernel","message":"eth0: renamed from veth291669c"}
2026-01-06T22:09:52+01:00	syslog.kern.info	{"host":"rb","ident":"kernel","message":"br-d0884beb8ca3: port 2(veth27360b8) entered disabled state"}
2026-01-06T22:09:52+01:00	syslog.kern.info	{"host":"rb","ident":"kernel","message":"eth0: renamed from veth6d3e2b7"}
2026-01-06T22:09:52+01:00	syslog.kern.info	{"host":"rb","ident":"kernel","message":"br-76dfe1fa6b44: port 2(vethb5b7a5f) entered blocking state"}
2026-01-06T22:09:52+01:00	syslog.kern.info	{"host":"rb","ident":"kernel","message":"br-76dfe1fa6b44: port 2(vethb5b7a5f) entered disabled state"}
2026-01-06T22:09:52+01:00	syslog.kern.info	{"host":"rb","ident":"kernel","message":"vethb5b7a5f: entered allmulticast mode"}
2026-01-06T22:09:52+01:00	syslog.kern.info	{"host":"rb","ident":"kernel","message":"vethb5b7a5f: entered promiscuous mode"}
2026-01-06T22:09:52+01:00	syslog.kern.info	{"host":"rb","ident":"kernel","message":"br-d0884beb8ca3: port 2(veth27360b8) entered blocking state"}
2026-01-06T22:09:52+01:00	syslog.kern.info	{"host":"rb","ident":"kernel","message":"br-d0884beb8ca3: port 2(veth27360b8) entered forwarding state"}
2026-01-06T22:09:52+01:00	syslog.kern.info	{"host":"rb","ident":"kernel","message":"br-ad3c37abb811: port 2(vethd061ee5) entered blocking state"}
2026-01-06T22:09:52+01:00	syslog.kern.info	{"host":"rb","ident":"kernel","message":"br-ad3c37abb811: port 2(vethd061ee5) entered disabled state"}
2026-01-06T22:09:52+01:00	syslog.kern.info	{"host":"rb","ident":"kernel","message":"vethd061ee5: entered allmulticast mode"}
2026-01-06T22:09:52+01:00	syslog.kern.info	{"host":"rb","ident":"kernel","message":"vethd061ee5: entered promiscuous mode"}
2026-01-06T22:09:52+01:00	syslog.kern.info	{"host":"rb","ident":"kernel","message":"br-76dfe1fa6b44: port 2(vethb5b7a5f) entered blocking state"}
2026-01-06T22:09:52+01:00	syslog.kern.info	{"host":"rb","ident":"kernel","message":"br-76dfe1fa6b44: port 2(vethb5b7a5f) entered forwarding state"}
2026-01-06T22:09:52+01:00	syslog.kern.info	{"host":"rb","ident":"kernel","message":"br-ad3c37abb811: port 2(vethd061ee5) entered blocking state"}
2026-01-06T22:09:52+01:00	syslog.kern.info	{"host":"rb","ident":"kernel","message":"br-ad3c37abb811: port 2(vethd061ee5) entered forwarding state"}
2026-01-06T22:09:52+01:00	syslog.kern.info	{"host":"rb","ident":"kernel","message":"eth0: renamed from vethd0a80cd"}
2026-01-06T22:09:52+01:00	syslog.kern.info	{"host":"rb","ident":"kernel","message":"eth0: renamed from vethc3f7b99"}
2026-01-06T22:09:52+01:00	syslog.kern.info	{"host":"rb","ident":"kernel","message":"br-ad3c37abb811: port 2(vethd061ee5) entered disabled state"}
2026-01-06T22:09:52+01:00	syslog.kern.info	{"host":"rb","ident":"kernel","message":"br-ad3c37abb811: port 2(vethd061ee5) entered blocking state"}
2026-01-06T22:09:52+01:00	syslog.kern.info	{"host":"rb","ident":"kernel","message":"br-ad3c37abb811: port 2(vethd061ee5) entered forwarding state"}
2026-01-06T22:09:52+01:00	syslog.daemon.info	{"host":"rb","ident":"zebra","pid":"58","message":"[VTVCM-Y2NW3] Configuration Read in Took: 00:00:00"}
2026-01-06T22:09:52+01:00	syslog.daemon.info	{"host":"rb","ident":"ospfd","pid":"70","message":"[VTVCM-Y2NW3] Configuration Read in Took: 00:00:00"}
2026-01-06T22:09:52+01:00	syslog.daemon.info	{"host":"rb","ident":"bgpd","pid":"63","message":"[VTVCM-Y2NW3] Configuration Read in Took: 00:00:00"}
2026-01-06T22:09:52+01:00	syslog.daemon.info	{"host":"rb","ident":"staticd","pid":"73","message":"[VTVCM-Y2NW3] Configuration Read in Took: 00:00:00"}
2026-01-06T22:09:52+01:00	syslog.daemon.notice	{"host":"rb","ident":"watchfrr","pid":"37","message":"[QDG3Y-BY5TN] zebra state -> up : connect succeeded"}
2026-01-06T22:09:52+01:00	syslog.daemon.notice	{"host":"rb","ident":"watchfrr","pid":"37","message":"[QDG3Y-BY5TN] bgpd state -> up : connect succeeded"}
2026-01-06T22:09:52+01:00	syslog.daemon.notice	{"host":"rb","ident":"watchfrr","pid":"37","message":"[QDG3Y-BY5TN] ospfd state -> up : connect succeeded"}
2026-01-06T22:09:52+01:00	syslog.daemon.notice	{"host":"rb","ident":"watchfrr","pid":"37","message":"[QDG3Y-BY5TN] staticd state -> up : connect succeeded"}
2026-01-06T22:09:52+01:00	syslog.daemon.notice	{"host":"rb","ident":"watchfrr","pid":"37","message":"[KWE5Q-QNGFC] all daemons up, doing startup-complete notify"}
2026-01-06T22:10:37+01:00	syslog.daemon.info	{"host":"rb","ident":"ospfd","pid":"70","message":"[S5PCG-77H23] Packet[DD]: Neighbor 10.3.0.3 Negotiation done (Master)."}
2026-01-06T22:10:52+01:00	syslog.syslog.notice	{"host":"rb","ident":"syslog-ng","pid":"17","message":"Syslog connection established; fd='18', server='AF_INET(10.100.0.3:5140)', local='AF_INET(0.0.0.0:0)'"}
2026-01-06T22:09:52+01:00	syslog.syslog.notice	{"host":"ra","ident":"syslog-ng","pid":"17","message":"syslog-ng starting up; version='3.35.1'"}
2026-01-06T22:09:52+01:00	syslog.syslog.err	{"host":"ra","ident":"syslog-ng","pid":"17","message":"Syslog connection failed; fd='15', server='AF_INET(10.100.0.3:5140)', error='Connection refused (111)', time_reopen='60'"}
2026-01-06T22:09:52+01:00	syslog.kern.info	{"host":"ra","ident":"kernel","message":"br-0db9d1e14c76: port 2(vethc50035b) entered blocking state"}
2026-01-06T22:09:52+01:00	syslog.kern.info	{"host":"ra","ident":"kernel","message":"br-0db9d1e14c76: port 2(vethc50035b) entered disabled state"}
2026-01-06T22:09:52+01:00	syslog.kern.info	{"host":"ra","ident":"kernel","message":"vethc50035b: entered allmulticast mode"}
2026-01-06T22:09:52+01:00	syslog.kern.info	{"host":"ra","ident":"kernel","message":"vethc50035b: entered promiscuous mode"}
2026-01-06T22:09:52+01:00	syslog.kern.info	{"host":"ra","ident":"kernel","message":"br-0db9d1e14c76: port 2(vethc50035b) entered blocking state"}
2026-01-06T22:09:52+01:00	syslog.kern.info	{"host":"ra","ident":"kernel","message":"br-0db9d1e14c76: port 2(vethc50035b) entered forwarding state"}
2026-01-06T22:09:52+01:00	syslog.kern.info	{"host":"ra","ident":"kernel","message":"br-d0884beb8ca3: port 2(veth27360b8) entered blocking state"}
2026-01-06T22:09:52+01:00	syslog.kern.info	{"host":"ra","ident":"kernel","message":"br-d0884beb8ca3: port 2(veth27360b8) entered disabled state"}
2026-01-06T22:09:52+01:00	syslog.kern.info	{"host":"ra","ident":"kernel","message":"veth27360b8: entered allmulticast mode"}
2026-01-06T22:09:52+01:00	syslog.kern.info	{"host":"ra","ident":"kernel","message":"veth27360b8: entered promiscuous mode"}
2026-01-06T22:09:52+01:00	syslog.kern.info	{"host":"ra","ident":"kernel","message":"br-d0884beb8ca3: port 2(veth27360b8) entered blocking state"}
2026-01-06T22:09:52+01:00	syslog.kern.info	{"host":"ra","ident":"kernel","message":"br-d0884beb8ca3: port 2(veth27360b8) entered forwarding state"}
2026-01-06T22:09:52+01:00	syslog.daemon.notice	{"host":"ra","ident":"watchfrr","pid":"37","message":"[T83RR-8SM5G] watchfrr 8.1 starting: vty@0"}
2026-01-06T22:09:52+01:00	syslog.daemon.info	{"host":"ra","ident":"watchfrr","pid":"37","message":"[ZCJ3S-SPH5S] zebra state -> down : initial connection attempt failed"}
2026-01-06T22:09:52+01:00	syslog.daemon.info	{"host":"ra","ident":"watchfrr","pid":"37","message":"[ZCJ3S-SPH5S] bgpd state -> down : initial connection attempt failed"}
2026-01-06T22:09:52+01:00	syslog.daemon.info	{"host":"ra","ident":"watchfrr","pid":"37","message":"[ZCJ3S-SPH5S] ospfd state -> down : initial connection attempt failed"}
2026-01-06T22:09:52+01:00	syslog.daemon.info	{"host":"ra","ident":"watchfrr","pid":"37","message":"[ZCJ3S-SPH5S] staticd state -> down : initial connection attempt failed"}
2026-01-06T22:09:52+01:00	syslog.daemon.info	{"host":"ra","ident":"watchfrr","pid":"37","message":"[YFT0P-5Q5YX] Forked background command [pid 38]: /usr/lib/frr/watchfrr.sh restart all"}
2026-01-06T22:09:52+01:00	syslog.kern.info	{"host":"ra","ident":"kernel","message":"eth0: renamed from veth291669c"}
2026-01-06T22:09:52+01:00	syslog.daemon.err	{"host":"ra","ident":"watchfrr.sh","pid":"47","message":"Cannot stop staticd: pid file not found"}
2026-01-06T22:09:52+01:00	syslog.daemon.err	{"host":"ra","ident":"watchfrr.sh","pid":"50","message":"Cannot stop ospfd: pid file not found"}
2026-01-06T22:09:52+01:00	syslog.daemon.err	{"host":"ra","ident":"watchfrr.sh","pid":"52","message":"Cannot stop bgpd: pid file not found"}
2026-01-06T22:09:52+01:00	syslog.daemon.err	{"host":"ra","ident":"watchfrr.sh","pid":"54","message":"Cannot stop zebra: pid file not found"}
2026-01-06T22:09:52+01:00	syslog.kern.info	{"host":"ra","ident":"kernel","message":"br-d0884beb8ca3: port 2(veth27360b8) entered disabled state"}
2026-01-06T22:09:52+01:00	syslog.kern.info	{"host":"ra","ident":"kernel","message":"eth0: renamed from veth6d3e2b7"}
2026-01-06T22:09:52+01:00	syslog.kern.info	{"host":"ra","ident":"kernel","message":"br-76dfe1fa6b44: port 2(vethb5b7a5f) entered blocking state"}
2026-01-06T22:09:52+01:00	syslog.kern.info	{"host":"ra","ident":"kernel","message":"br-76dfe1fa6b44: port 2(vethb5b7a5f) entered disabled state"}
2026-01-06T22:09:52+01:00	syslog.kern.info	{"host":"ra","ident":"kernel","message":"vethb5b7a5f: entered allmulticast mode"}
2026-01-06T22:09:52+01:00	syslog.kern.info	{"host":"ra","ident":"kernel","message":"vethb5b7a5f: entered promiscuous mode"}
2026-01-06T22:09:52+01:00	syslog.kern.info	{"host":"ra","ident":"kernel","message":"br-d0884beb8ca3: port 2(veth27360b8) entered blocking state"}
2026-01-06T22:09:52+01:00	syslog.kern.info	{"host":"ra","ident":"kernel","message":"br-d0884beb8ca3: port 2(veth27360b8) entered forwarding state"}
2026-01-06T22:09:52+01:00	syslog.kern.info	{"host":"ra","ident":"kernel","message":"br-ad3c37abb811: port 2(vethd061ee5) entered blocking state"}
2026-01-06T22:09:52+01:00	syslog.kern.info	{"host":"ra","ident":"kernel","message":"br-ad3c37abb811: port 2(vethd061ee5) entered disabled state"}
2026-01-06T22:09:52+01:00	syslog.kern.info	{"host":"ra","ident":"kernel","message":"vethd061ee5: entered allmulticast mode"}
2026-01-06T22:09:52+01:00	syslog.kern.info	{"host":"ra","ident":"kernel","message":"vethd061ee5: entered promiscuous mode"}
2026-01-06T22:09:52+01:00	syslog.kern.info	{"host":"ra","ident":"kernel","message":"br-76dfe1fa6b44: port 2(vethb5b7a5f) entered blocking state"}
2026-01-06T22:09:52+01:00	syslog.kern.info	{"host":"ra","ident":"kernel","message":"br-76dfe1fa6b44: port 2(vethb5b7a5f) entered forwarding state"}
2026-01-06T22:09:52+01:00	syslog.kern.info	{"host":"ra","ident":"kernel","message":"br-ad3c37abb811: port 2(vethd061ee5) entered blocking state"}
2026-01-06T22:09:52+01:00	syslog.kern.info	{"host":"ra","ident":"kernel","message":"br-ad3c37abb811: port 2(vethd061ee5) entered forwarding state"}
2026-01-06T22:09:52+01:00	syslog.kern.info	{"host":"ra","ident":"kernel","message":"eth0: renamed from vethd0a80cd"}
2026-01-06T22:09:52+01:00	syslog.kern.info	{"host":"ra","ident":"kernel","message":"eth0: renamed from vethc3f7b99"}
2026-01-06T22:09:52+01:00	syslog.kern.info	{"host":"ra","ident":"kernel","message":"br-ad3c37abb811: port 2(vethd061ee5) entered disabled state"}
2026-01-06T22:09:52+01:00	syslog.kern.info	{"host":"ra","ident":"kernel","message":"br-ad3c37abb811: port 2(vethd061ee5) entered blocking state"}
2026-01-06T22:09:52+01:00	syslog.kern.info	{"host":"ra","ident":"kernel","message":"br-ad3c37abb811: port 2(vethd061ee5) entered forwarding state"}
2026-01-06T22:09:52+01:00	syslog.daemon.info	{"host":"ra","ident":"zebra","pid":"59","message":"[VTVCM-Y2NW3] Configuration Read in Took: 00:00:00"}
2026-01-06T22:09:52+01:00	syslog.daemon.info	{"host":"ra","ident":"ospfd","pid":"71","message":"[VTVCM-Y2NW3] Configuration Read in Took: 00:00:00"}
2026-01-06T22:09:52+01:00	syslog.daemon.info	{"host":"ra","ident":"bgpd","pid":"64","message":"[VTVCM-Y2NW3] Configuration Read in Took: 00:00:00"}
2026-01-06T22:09:52+01:00	syslog.daemon.info	{"host":"ra","ident":"staticd","pid":"74","message":"[VTVCM-Y2NW3] Configuration Read in Took: 00:00:00"}
2026-01-06T22:09:52+01:00	syslog.daemon.notice	{"host":"ra","ident":"watchfrr","pid":"37","message":"[QDG3Y-BY5TN] zebra state -> up : connect succeeded"}
2026-01-06T22:09:52+01:00	syslog.daemon.notice	{"host":"ra","ident":"watchfrr","pid":"37","message":"[QDG3Y-BY5TN] bgpd state -> up : connect succeeded"}
2026-01-06T22:09:52+01:00	syslog.daemon.notice	{"host":"ra","ident":"watchfrr","pid":"37","message":"[QDG3Y-BY5TN] ospfd state -> up : connect succeeded"}
2026-01-06T22:09:52+01:00	syslog.daemon.notice	{"host":"ra","ident":"watchfrr","pid":"37","message":"[QDG3Y-BY5TN] staticd state -> up : connect succeeded"}
2026-01-06T22:09:52+01:00	syslog.daemon.notice	{"host":"ra","ident":"watchfrr","pid":"37","message":"[KWE5Q-QNGFC] all daemons up, doing startup-complete notify"}
2026-01-06T22:10:52+01:00	syslog.syslog.notice	{"host":"ra","ident":"syslog-ng","pid":"17","message":"Syslog connection established; fd='18', server='AF_INET(10.100.0.3:5140)', local='AF_INET(0.0.0.0:0)'"}
2026-01-06T22:09:52+01:00	syslog.kern.info	{"host":"rc2","ident":"kernel","message":"eth0: renamed from veth291669c"}
2026-01-06T22:09:52+01:00	syslog.syslog.notice	{"host":"rc2","ident":"syslog-ng","pid":"17","message":"syslog-ng starting up; version='3.35.1'"}
2026-01-06T22:09:52+01:00	syslog.syslog.err	{"host":"rc2","ident":"syslog-ng","pid":"17","message":"Syslog connection failed; fd='15', server='AF_INET(10.100.0.3:5140)', error='Connection refused (111)', time_reopen='60'"}
2026-01-06T22:09:52+01:00	syslog.daemon.notice	{"host":"rc2","ident":"watchfrr","pid":"40","message":"[T83RR-8SM5G] watchfrr 8.1 starting: vty@0"}
2026-01-06T22:09:52+01:00	syslog.kern.info	{"host":"rc2","ident":"kernel","message":"br-d0884beb8ca3: port 2(veth27360b8) entered disabled state"}
2026-01-06T22:09:52+01:00	syslog.daemon.info	{"host":"rc2","ident":"watchfrr","pid":"40","message":"[ZCJ3S-SPH5S] zebra state -> down : initial connection attempt failed"}
2026-01-06T22:09:52+01:00	syslog.daemon.info	{"host":"rc2","ident":"watchfrr","pid":"40","message":"[ZCJ3S-SPH5S] bgpd state -> down : initial connection attempt failed"}
2026-01-06T22:09:52+01:00	syslog.daemon.info	{"host":"rc2","ident":"watchfrr","pid":"40","message":"[ZCJ3S-SPH5S] ospfd state -> down : initial connection attempt failed"}
2026-01-06T22:09:52+01:00	syslog.daemon.info	{"host":"rc2","ident":"watchfrr","pid":"40","message":"[ZCJ3S-SPH5S] staticd state -> down : initial connection attempt failed"}
2026-01-06T22:09:52+01:00	syslog.daemon.info	{"host":"rc2","ident":"watchfrr","pid":"40","message":"[YFT0P-5Q5YX] Forked background command [pid 41]: /usr/lib/frr/watchfrr.sh restart all"}
2026-01-06T22:09:52+01:00	syslog.kern.info	{"host":"rc2","ident":"kernel","message":"eth0: renamed from veth6d3e2b7"}
2026-01-06T22:09:52+01:00	syslog.daemon.err	{"host":"rc2","ident":"watchfrr.sh","pid":"51","message":"Cannot stop staticd: pid file not found"}
2026-01-06T22:09:52+01:00	syslog.daemon.err	{"host":"rc2","ident":"watchfrr.sh","pid":"54","message":"Cannot stop ospfd: pid file not found"}
2026-01-06T22:09:52+01:00	syslog.daemon.err	{"host":"rc2","ident":"watchfrr.sh","pid":"57","message":"Cannot stop zebra: pid file not found"}
2026-01-06T22:09:52+01:00	syslog.daemon.err	{"host":"rc2","ident":"watchfrr.sh","pid":"55","message":"Cannot stop bgpd: pid file not found"}
2026-01-06T22:09:52+01:00	syslog.kern.info	{"host":"rc2","ident":"kernel","message":"br-76dfe1fa6b44: port 2(vethb5b7a5f) entered blocking state"}
2026-01-06T22:09:52+01:00	syslog.kern.info	{"host":"rc2","ident":"kernel","message":"br-76dfe1fa6b44: port 2(vethb5b7a5f) entered disabled state"}
2026-01-06T22:09:52+01:00	syslog.kern.info	{"host":"rc2","ident":"kernel","message":"vethb5b7a5f: entered allmulticast mode"}
2026-01-06T22:09:52+01:00	syslog.kern.info	{"host":"rc2","ident":"kernel","message":"vethb5b7a5f: entered promiscuous mode"}
2026-01-06T22:09:52+01:00	syslog.kern.info	{"host":"rc2","ident":"kernel","message":"br-d0884beb8ca3: port 2(veth27360b8) entered blocking state"}
2026-01-06T22:09:52+01:00	syslog.kern.info	{"host":"rc2","ident":"kernel","message":"br-d0884beb8ca3: port 2(veth27360b8) entered forwarding state"}
2026-01-06T22:09:52+01:00	syslog.kern.info	{"host":"rc2","ident":"kernel","message":"br-ad3c37abb811: port 2(vethd061ee5) entered blocking state"}
2026-01-06T22:09:52+01:00	syslog.kern.info	{"host":"rc2","ident":"kernel","message":"br-ad3c37abb811: port 2(vethd061ee5) entered disabled state"}
2026-01-06T22:09:52+01:00	syslog.kern.info	{"host":"rc2","ident":"kernel","message":"vethd061ee5: entered allmulticast mode"}
2026-01-06T22:09:52+01:00	syslog.kern.info	{"host":"rc2","ident":"kernel","message":"vethd061ee5: entered promiscuous mode"}
2026-01-06T22:09:52+01:00	syslog.kern.info	{"host":"rc2","ident":"kernel","message":"br-76dfe1fa6b44: port 2(vethb5b7a5f) entered blocking state"}
2026-01-06T22:09:52+01:00	syslog.kern.info	{"host":"rc2","ident":"kernel","message":"br-76dfe1fa6b44: port 2(vethb5b7a5f) entered forwarding state"}
2026-01-06T22:09:52+01:00	syslog.kern.info	{"host":"rc2","ident":"kernel","message":"br-ad3c37abb811: port 2(vethd061ee5) entered blocking state"}
2026-01-06T22:09:52+01:00	syslog.kern.info	{"host":"rc2","ident":"kernel","message":"br-ad3c37abb811: port 2(vethd061ee5) entered forwarding state"}
2026-01-06T22:09:52+01:00	syslog.kern.info	{"host":"rc2","ident":"kernel","message":"eth0: renamed from vethd0a80cd"}
2026-01-06T22:09:52+01:00	syslog.kern.info	{"host":"rc2","ident":"kernel","message":"eth0: renamed from vethc3f7b99"}
2026-01-06T22:09:52+01:00	syslog.kern.info	{"host":"rc2","ident":"kernel","message":"br-ad3c37abb811: port 2(vethd061ee5) entered disabled state"}
2026-01-06T22:09:52+01:00	syslog.kern.info	{"host":"rc2","ident":"kernel","message":"br-ad3c37abb811: port 2(vethd061ee5) entered blocking state"}
2026-01-06T22:09:52+01:00	syslog.kern.info	{"host":"rc2","ident":"kernel","message":"br-ad3c37abb811: port 2(vethd061ee5) entered forwarding state"}
2026-01-06T22:09:52+01:00	syslog.daemon.info	{"host":"rc2","ident":"zebra","pid":"59","message":"[VTVCM-Y2NW3] Configuration Read in Took: 00:00:00"}
2026-01-06T22:09:52+01:00	syslog.daemon.info	{"host":"rc2","ident":"ospfd","pid":"71","message":"[VTVCM-Y2NW3] Configuration Read in Took: 00:00:00"}
2026-01-06T22:09:52+01:00	syslog.daemon.info	{"host":"rc2","ident":"bgpd","pid":"64","message":"[VTVCM-Y2NW3] Configuration Read in Took: 00:00:00"}
2026-01-06T22:09:52+01:00	syslog.daemon.info	{"host":"rc2","ident":"staticd","pid":"74","message":"[VTVCM-Y2NW3] Configuration Read in Took: 00:00:00"}
2026-01-06T22:09:52+01:00	syslog.daemon.notice	{"host":"rc2","ident":"watchfrr","pid":"40","message":"[QDG3Y-BY5TN] zebra state -> up : connect succeeded"}
2026-01-06T22:09:52+01:00	syslog.daemon.notice	{"host":"rc2","ident":"watchfrr","pid":"40","message":"[QDG3Y-BY5TN] bgpd state -> up : connect succeeded"}
2026-01-06T22:09:52+01:00	syslog.daemon.notice	{"host":"rc2","ident":"watchfrr","pid":"40","message":"[QDG3Y-BY5TN] ospfd state -> up : connect succeeded"}
2026-01-06T22:09:52+01:00	syslog.daemon.notice	{"host":"rc2","ident":"watchfrr","pid":"40","message":"[QDG3Y-BY5TN] staticd state -> up : connect succeeded"}
2026-01-06T22:09:52+01:00	syslog.daemon.notice	{"host":"rc2","ident":"watchfrr","pid":"40","message":"[KWE5Q-QNGFC] all daemons up, doing startup-complete notify"}
2026-01-06T22:10:32+01:00	syslog.daemon.info	{"host":"rc2","ident":"ospfd","pid":"71","message":"[S5PCG-77H23] Packet[DD]: Neighbor 10.2.0.4 Negotiation done (Master)."}
2026-01-06T22:10:52+01:00	syslog.syslog.notice	{"host":"rc2","ident":"syslog-ng","pid":"17","message":"Syslog connection established; fd='15', server='AF_INET(10.100.0.3:5140)', local='AF_INET(0.0.0.0:0)'"}
2026-01-06T22:19:17+01:00	syslog.kern.info	{"host":"rc2","ident":"kernel","message":"mini_init (246): drop_caches: 1"}
2026-01-06T22:19:17+01:00	syslog.kern.info	{"host":"rb","ident":"kernel","message":"mini_init (246): drop_caches: 1"}
2026-01-06T22:19:17+01:00	syslog.kern.info	{"host":"rc1","ident":"kernel","message":"mini_init (246): drop_caches: 1"}
2026-01-06T22:19:17+01:00	syslog.kern.info	{"host":"ra","ident":"kernel","message":"mini_init (246): drop_caches: 1"}
2026-01-06T22:45:34+01:00	syslog.kern.info	{"host":"ra","ident":"kernel","message":"br-ad3c37abb811: port 2(vethd061ee5) entered disabled state"}
2026-01-06T22:45:34+01:00	syslog.kern.info	{"host":"rb","ident":"kernel","message":"br-ad3c37abb811: port 2(vethd061ee5) entered disabled state"}
2026-01-06T22:45:34+01:00	syslog.kern.info	{"host":"rb","ident":"kernel","message":"vethc3f7b99: renamed from eth0"}
2026-01-06T22:45:34+01:00	syslog.kern.info	{"host":"ra","ident":"kernel","message":"vethc3f7b99: renamed from eth0"}
2026-01-06T22:45:34+01:00	syslog.kern.info	{"host":"ra","ident":"kernel","message":"vethd0a80cd: renamed from eth0"}
2026-01-06T23:06:05+01:00	fluent.info	{"pid":15,"ppid":9,"worker":0,"message":"starting fluentd worker pid=15 ppid=9 worker=0"}
2026-01-06T23:06:05+01:00	fluent.info	{"message":"listening syslog socket on 0.0.0.0:5140 with tcp"}
2026-01-06T23:06:05+01:00	fluent.info	{"port":24224,"bind":"0.0.0.0","message":"listening port port=24224 bind=\"0.0.0.0\""}
2026-01-06T23:06:05+01:00	fluent.info	{"worker":0,"message":"fluentd worker is now running worker=0"}
2026-01-06T23:06:05+01:00	rc1	{"container_id":"7cd5b4b7c455cbbf9bad131eecc80bd32ee915a02671044325b00952a66dd200","container_name":"/docker-rc1-1","source":"stdout","log":" * Starting system logging syslog-ng"}
2026-01-06T23:06:05+01:00	rc1	{"container_name":"/docker-rc1-1","source":"stderr","log":"[2026-01-06T23:06:05.248735] WARNING: Configuration file format is too old, syslog-ng is running in compatibility mode. Please update it to use the syslog-ng 3.35 format at your time of convenience. To upgrade the configuration, please review the warnings about incompatible changes printed by syslog-ng, and once completed change the @version header at the top of the configuration file; config-version='3.27'","container_id":"7cd5b4b7c455cbbf9bad131eecc80bd32ee915a02671044325b00952a66dd200"}
2026-01-06T23:06:05+01:00	rc1	{"container_id":"7cd5b4b7c455cbbf9bad131eecc80bd32ee915a02671044325b00952a66dd200","container_name":"/docker-rc1-1","source":"stderr","log":"[2026-01-06T23:06:05.274478] WARNING: The internal_queue_length stat counter has been renamed to internal_source.queued. The old name will be removed in future versions; config-version='3.27'"}
2026-01-06T23:06:05+01:00	rc1	{"container_id":"7cd5b4b7c455cbbf9bad131eecc80bd32ee915a02671044325b00952a66dd200","container_name":"/docker-rc1-1","source":"stdout","log":"   ...done."}
2026-01-06T23:06:05+01:00	rc1	{"source":"stdout","log":" * Started watchfrr","container_id":"7cd5b4b7c455cbbf9bad131eecc80bd32ee915a02671044325b00952a66dd200","container_name":"/docker-rc1-1"}
2026-01-06T23:06:05+01:00	rc1	{"container_id":"7cd5b4b7c455cbbf9bad131eecc80bd32ee915a02671044325b00952a66dd200","container_name":"/docker-rc1-1","source":"stdout","log":""}
2026-01-06T23:06:05+01:00	rc1	{"container_id":"7cd5b4b7c455cbbf9bad131eecc80bd32ee915a02671044325b00952a66dd200","container_name":"/docker-rc1-1","source":"stdout","log":"Hello, this is FRRouting (version 8.1)."}
2026-01-06T23:06:05+01:00	rc1	{"container_id":"7cd5b4b7c455cbbf9bad131eecc80bd32ee915a02671044325b00952a66dd200","container_name":"/docker-rc1-1","source":"stdout","log":"Copyright 1996-2005 Kunihiro Ishiguro, et al."}
2026-01-06T23:06:05+01:00	rc1	{"log":"","container_id":"7cd5b4b7c455cbbf9bad131eecc80bd32ee915a02671044325b00952a66dd200","container_name":"/docker-rc1-1","source":"stdout"}
2026-01-06T23:06:05+01:00	rc1	{"container_name":"/docker-rc1-1","source":"stdout","log":"rc1# conf t","container_id":"7cd5b4b7c455cbbf9bad131eecc80bd32ee915a02671044325b00952a66dd200"}
2026-01-06T23:06:05+01:00	rc1	{"container_id":"7cd5b4b7c455cbbf9bad131eecc80bd32ee915a02671044325b00952a66dd200","container_name":"/docker-rc1-1","source":"stdout","log":"rc1(config)# log file /shared-volume/frr/frr3.log"}
2026-01-06T23:06:05+01:00	rc1	{"container_id":"7cd5b4b7c455cbbf9bad131eecc80bd32ee915a02671044325b00952a66dd200","container_name":"/docker-rc1-1","source":"stdout","log":"rc1(config)# router ospf"}
2026-01-06T23:06:05+01:00	rc1	{"container_name":"/docker-rc1-1","source":"stdout","log":"rc1(config-router)# network 10.1.0.0/29 area 0","container_id":"7cd5b4b7c455cbbf9bad131eecc80bd32ee915a02671044325b00952a66dd200"}
2026-01-06T23:06:05+01:00	rc1	{"container_id":"7cd5b4b7c455cbbf9bad131eecc80bd32ee915a02671044325b00952a66dd200","container_name":"/docker-rc1-1","source":"stdout","log":"rc1(config-router)# network 10.100.0.0/24 area 0"}
2026-01-06T23:06:05+01:00	rc1	{"container_id":"7cd5b4b7c455cbbf9bad131eecc80bd32ee915a02671044325b00952a66dd200","container_name":"/docker-rc1-1","source":"stdout","log":"rc1(config-router)# end"}
2026-01-06T23:06:05+01:00	rc1	{"log":"rc1# ","container_id":"7cd5b4b7c455cbbf9bad131eecc80bd32ee915a02671044325b00952a66dd200","container_name":"/docker-rc1-1","source":"stdout"}
2026-01-06T23:06:05+01:00	server	{"container_id":"4dd613dac78a2ace8be193019792a13e8c4f34736be20cfd665f338ffc25e76a","container_name":"/docker-server-1","source":"stdout","log":"Hit:1 http://archive.ubuntu.com/ubuntu jammy InRelease"}
2026-01-06T23:06:05+01:00	server	{"log":"Hit:2 http://security.ubuntu.com/ubuntu jammy-security InRelease","container_id":"4dd613dac78a2ace8be193019792a13e8c4f34736be20cfd665f338ffc25e76a","container_name":"/docker-server-1","source":"stdout"}
2026-01-06T23:06:05+01:00	server	{"container_id":"4dd613dac78a2ace8be193019792a13e8c4f34736be20cfd665f338ffc25e76a","container_name":"/docker-server-1","source":"stdout","log":"Hit:3 http://archive.ubuntu.com/ubuntu jammy-updates InRelease"}
2026-01-06T23:06:05+01:00	server	{"log":"Hit:4 http://archive.ubuntu.com/ubuntu jammy-backports InRelease","container_id":"4dd613dac78a2ace8be193019792a13e8c4f34736be20cfd665f338ffc25e76a","container_name":"/docker-server-1","source":"stdout"}
2026-01-06T23:06:06+01:00	server	{"source":"stdout","log":"Reading package lists...","container_id":"4dd613dac78a2ace8be193019792a13e8c4f34736be20cfd665f338ffc25e76a","container_name":"/docker-server-1"}
2026-01-06T23:06:05+01:00	rc2	{"source":"stdout","log":" * Starting system logging syslog-ng","container_id":"ed9bcfa6e5d181ff47270df42b896a707e0eb9e86337bd739c30766a0cff2694","container_name":"/docker-rc2-1"}
2026-01-06T23:06:05+01:00	rc2	{"container_id":"ed9bcfa6e5d181ff47270df42b896a707e0eb9e86337bd739c30766a0cff2694","container_name":"/docker-rc2-1","source":"stderr","log":"[2026-01-06T23:06:05.333910] WARNING: Configuration file format is too old, syslog-ng is running in compatibility mode. Please update it to use the syslog-ng 3.35 format at your time of convenience. To upgrade the configuration, please review the warnings about incompatible changes printed by syslog-ng, and once completed change the @version header at the top of the configuration file; config-version='3.27'"}
2026-01-06T23:06:05+01:00	rc2	{"log":"[2026-01-06T23:06:05.362208] WARNING: The internal_queue_length stat counter has been renamed to internal_source.queued. The old name will be removed in future versions; config-version='3.27'","container_id":"ed9bcfa6e5d181ff47270df42b896a707e0eb9e86337bd739c30766a0cff2694","container_name":"/docker-rc2-1","source":"stderr"}
2026-01-06T23:06:05+01:00	rc2	{"container_id":"ed9bcfa6e5d181ff47270df42b896a707e0eb9e86337bd739c30766a0cff2694","container_name":"/docker-rc2-1","source":"stdout","log":"   ...done."}
2026-01-06T23:06:05+01:00	rc2	{"container_id":"ed9bcfa6e5d181ff47270df42b896a707e0eb9e86337bd739c30766a0cff2694","container_name":"/docker-rc2-1","source":"stdout","log":" * Started watchfrr"}
2026-01-06T23:06:05+01:00	rc2	{"container_id":"ed9bcfa6e5d181ff47270df42b896a707e0eb9e86337bd739c30766a0cff2694","container_name":"/docker-rc2-1","source":"stdout","log":""}
2026-01-06T23:06:05+01:00	rc2	{"container_id":"ed9bcfa6e5d181ff47270df42b896a707e0eb9e86337bd739c30766a0cff2694","container_name":"/docker-rc2-1","source":"stdout","log":"Hello, this is FRRouting (version 8.1)."}
2026-01-06T23:06:05+01:00	rc2	{"container_name":"/docker-rc2-1","source":"stdout","log":"Copyright 1996-2005 Kunihiro Ishiguro, et al.","container_id":"ed9bcfa6e5d181ff47270df42b896a707e0eb9e86337bd739c30766a0cff2694"}
2026-01-06T23:06:05+01:00	rc2	{"source":"stdout","log":"","container_id":"ed9bcfa6e5d181ff47270df42b896a707e0eb9e86337bd739c30766a0cff2694","container_name":"/docker-rc2-1"}
2026-01-06T23:06:05+01:00	rc2	{"container_id":"ed9bcfa6e5d181ff47270df42b896a707e0eb9e86337bd739c30766a0cff2694","container_name":"/docker-rc2-1","source":"stdout","log":"rc2# conf t"}
2026-01-06T23:06:05+01:00	rc2	{"log":"rc2(config)# log file /shared-volume/frr/frr4.log","container_id":"ed9bcfa6e5d181ff47270df42b896a707e0eb9e86337bd739c30766a0cff2694","container_name":"/docker-rc2-1","source":"stdout"}
2026-01-06T23:06:05+01:00	rc2	{"container_id":"ed9bcfa6e5d181ff47270df42b896a707e0eb9e86337bd739c30766a0cff2694","container_name":"/docker-rc2-1","source":"stdout","log":"rc2(config)# router ospf"}
2026-01-06T23:06:05+01:00	rc2	{"container_id":"ed9bcfa6e5d181ff47270df42b896a707e0eb9e86337bd739c30766a0cff2694","container_name":"/docker-rc2-1","source":"stdout","log":"rc2(config-router)# network 10.1.0.0/29 area 0"}
2026-01-06T23:06:05+01:00	rc2	{"source":"stdout","log":"rc2(config-router)# network 10.2.0.0/29 area 0","container_id":"ed9bcfa6e5d181ff47270df42b896a707e0eb9e86337bd739c30766a0cff2694","container_name":"/docker-rc2-1"}
2026-01-06T23:06:05+01:00	rc2	{"log":"rc2(config-router)# network 10.3.0.0/29 area 0","container_id":"ed9bcfa6e5d181ff47270df42b896a707e0eb9e86337bd739c30766a0cff2694","container_name":"/docker-rc2-1","source":"stdout"}
2026-01-06T23:06:05+01:00	rc2	{"container_name":"/docker-rc2-1","source":"stdout","log":"rc2(config-router)# end","container_id":"ed9bcfa6e5d181ff47270df42b896a707e0eb9e86337bd739c30766a0cff2694"}
2026-01-06T23:06:05+01:00	rc2	{"container_id":"ed9bcfa6e5d181ff47270df42b896a707e0eb9e86337bd739c30766a0cff2694","container_name":"/docker-rc2-1","source":"stdout","log":"rc2# "}
2026-01-06T23:06:05+01:00	ra	{"container_name":"/docker-ra-1","source":"stdout","log":" * Starting system logging syslog-ng","container_id":"948ff5deda4d6845e289baa184c7a45f0e3f74327615c080693fa86506f6731e"}
2026-01-06T23:06:05+01:00	ra	{"log":"[2026-01-06T23:06:05.366663] WARNING: Configuration file format is too old, syslog-ng is running in compatibility mode. Please update it to use the syslog-ng 3.35 format at your time of convenience. To upgrade the configuration, please review the warnings about incompatible changes printed by syslog-ng, and once completed change the @version header at the top of the configuration file; config-version='3.27'","container_id":"948ff5deda4d6845e289baa184c7a45f0e3f74327615c080693fa86506f6731e","container_name":"/docker-ra-1","source":"stderr"}
2026-01-06T23:06:05+01:00	ra	{"container_name":"/docker-ra-1","source":"stderr","log":"[2026-01-06T23:06:05.397278] WARNING: The internal_queue_length stat counter has been renamed to internal_source.queued. The old name will be removed in future versions; config-version='3.27'","container_id":"948ff5deda4d6845e289baa184c7a45f0e3f74327615c080693fa86506f6731e"}
2026-01-06T23:06:05+01:00	ra	{"container_id":"948ff5deda4d6845e289baa184c7a45f0e3f74327615c080693fa86506f6731e","container_name":"/docker-ra-1","source":"stdout","log":"   ...done."}
2026-01-06T23:06:05+01:00	ra	{"container_name":"/docker-ra-1","source":"stdout","log":" * Started watchfrr","container_id":"948ff5deda4d6845e289baa184c7a45f0e3f74327615c080693fa86506f6731e"}
2026-01-06T23:06:05+01:00	ra	{"container_id":"948ff5deda4d6845e289baa184c7a45f0e3f74327615c080693fa86506f6731e","container_name":"/docker-ra-1","source":"stdout","log":""}
2026-01-06T23:06:05+01:00	ra	{"log":"Hello, this is FRRouting (version 8.1).","container_id":"948ff5deda4d6845e289baa184c7a45f0e3f74327615c080693fa86506f6731e","container_name":"/docker-ra-1","source":"stdout"}
2026-01-06T23:06:05+01:00	ra	{"container_name":"/docker-ra-1","source":"stdout","log":"Copyright 1996-2005 Kunihiro Ishiguro, et al.","container_id":"948ff5deda4d6845e289baa184c7a45f0e3f74327615c080693fa86506f6731e"}
2026-01-06T23:06:05+01:00	ra	{"container_id":"948ff5deda4d6845e289baa184c7a45f0e3f74327615c080693fa86506f6731e","container_name":"/docker-ra-1","source":"stdout","log":""}
2026-01-06T23:06:05+01:00	ra	{"log":"ra# conf t","container_id":"948ff5deda4d6845e289baa184c7a45f0e3f74327615c080693fa86506f6731e","container_name":"/docker-ra-1","source":"stdout"}
2026-01-06T23:06:05+01:00	ra	{"container_name":"/docker-ra-1","source":"stdout","log":"ra(config)# log file /shared-volume/frr/frr1.log","container_id":"948ff5deda4d6845e289baa184c7a45f0e3f74327615c080693fa86506f6731e"}
2026-01-06T23:06:05+01:00	ra	{"container_id":"948ff5deda4d6845e289baa184c7a45f0e3f74327615c080693fa86506f6731e","container_name":"/docker-ra-1","source":"stdout","log":"ra(config)# router ospf"}
2026-01-06T23:06:05+01:00	ra	{"container_name":"/docker-ra-1","source":"stdout","log":"ra(config-router)# network 10.2.0.0/29 area 0","container_id":"948ff5deda4d6845e289baa184c7a45f0e3f74327615c080693fa86506f6731e"}
2026-01-06T23:06:05+01:00	ra	{"source":"stdout","log":"ra(config-router)# network 10.0.1.0/24 area 0","container_id":"948ff5deda4d6845e289baa184c7a45f0e3f74327615c080693fa86506f6731e","container_name":"/docker-ra-1"}
2026-01-06T23:06:05+01:00	ra	{"container_name":"/docker-ra-1","source":"stdout","log":"ra(config-router)# network 10.0.2.0/24 area 0","container_id":"948ff5deda4d6845e289baa184c7a45f0e3f74327615c080693fa86506f6731e"}
2026-01-06T23:06:05+01:00	ra	{"source":"stdout","log":"ra(config-router)# end","container_id":"948ff5deda4d6845e289baa184c7a45f0e3f74327615c080693fa86506f6731e","container_name":"/docker-ra-1"}
2026-01-06T23:06:05+01:00	ra	{"container_id":"948ff5deda4d6845e289baa184c7a45f0e3f74327615c080693fa86506f6731e","container_name":"/docker-ra-1","source":"stdout","log":"ra# "}
2026-01-06T23:06:05+01:00	rb	{"source":"stdout","log":" * Starting system logging syslog-ng","container_id":"ecff2c5c025b5dbeb11af314a5c7be2fb6d34eb7d699be4aabc94468721676df","container_name":"/docker-rb-1"}
2026-01-06T23:06:05+01:00	rb	{"container_name":"/docker-rb-1","source":"stderr","log":"[2026-01-06T23:06:05.438981] WARNING: Configuration file format is too old, syslog-ng is running in compatibility mode. Please update it to use the syslog-ng 3.35 format at your time of convenience. To upgrade the configuration, please review the warnings about incompatible changes printed by syslog-ng, and once completed change the @version header at the top of the configuration file; config-version='3.27'","container_id":"ecff2c5c025b5dbeb11af314a5c7be2fb6d34eb7d699be4aabc94468721676df"}
2026-01-06T23:06:05+01:00	rb	{"container_id":"ecff2c5c025b5dbeb11af314a5c7be2fb6d34eb7d699be4aabc94468721676df","container_name":"/docker-rb-1","source":"stderr","log":"[2026-01-06T23:06:05.471968] WARNING: The internal_queue_length stat counter has been renamed to internal_source.queued. The old name will be removed in future versions; config-version='3.27'"}
2026-01-06T23:06:05+01:00	rb	{"log":"   ...done.","container_id":"ecff2c5c025b5dbeb11af314a5c7be2fb6d34eb7d699be4aabc94468721676df","container_name":"/docker-rb-1","source":"stdout"}
2026-01-06T23:06:05+01:00	rb	{"container_id":"ecff2c5c025b5dbeb11af314a5c7be2fb6d34eb7d699be4aabc94468721676df","container_name":"/docker-rb-1","source":"stdout","log":" * Started watchfrr"}
2026-01-06T23:06:05+01:00	rb	{"log":"","container_id":"ecff2c5c025b5dbeb11af314a5c7be2fb6d34eb7d699be4aabc94468721676df","container_name":"/docker-rb-1","source":"stdout"}
2026-01-06T23:06:05+01:00	rb	{"container_id":"ecff2c5c025b5dbeb11af314a5c7be2fb6d34eb7d699be4aabc94468721676df","container_name":"/docker-rb-1","source":"stdout","log":"Hello, this is FRRouting (version 8.1)."}
2026-01-06T23:06:05+01:00	rb	{"log":"Copyright 1996-2005 Kunihiro Ishiguro, et al.","container_id":"ecff2c5c025b5dbeb11af314a5c7be2fb6d34eb7d699be4aabc94468721676df","container_name":"/docker-rb-1","source":"stdout"}
2026-01-06T23:06:05+01:00	rb	{"source":"stdout","log":"","container_id":"ecff2c5c025b5dbeb11af314a5c7be2fb6d34eb7d699be4aabc94468721676df","container_name":"/docker-rb-1"}
2026-01-06T23:06:05+01:00	rb	{"container_id":"ecff2c5c025b5dbeb11af314a5c7be2fb6d34eb7d699be4aabc94468721676df","container_name":"/docker-rb-1","source":"stdout","log":"rb# conf t"}
2026-01-06T23:06:05+01:00	rb	{"log":"rb(config)# log file /shared-volume/frr/frr2.log","container_id":"ecff2c5c025b5dbeb11af314a5c7be2fb6d34eb7d699be4aabc94468721676df","container_name":"/docker-rb-1","source":"stdout"}
2026-01-06T23:06:05+01:00	rb	{"source":"stdout","log":"rb(config)# router ospf","container_id":"ecff2c5c025b5dbeb11af314a5c7be2fb6d34eb7d699be4aabc94468721676df","container_name":"/docker-rb-1"}
2026-01-06T23:06:05+01:00	rb	{"container_id":"ecff2c5c025b5dbeb11af314a5c7be2fb6d34eb7d699be4aabc94468721676df","container_name":"/docker-rb-1","source":"stdout","log":"rb(config-router)# network 10.3.0.0/29 area 0"}
2026-01-06T23:06:05+01:00	rb	{"container_id":"ecff2c5c025b5dbeb11af314a5c7be2fb6d34eb7d699be4aabc94468721676df","container_name":"/docker-rb-1","source":"stdout","log":"rb(config-router)# network 10.0.3.0/24 area 0"}
2026-01-06T23:06:05+01:00	rb	{"container_id":"ecff2c5c025b5dbeb11af314a5c7be2fb6d34eb7d699be4aabc94468721676df","container_name":"/docker-rb-1","source":"stdout","log":"rb(config-router)# network 10.0.4.0/24 area 0"}
2026-01-06T23:06:05+01:00	rb	{"source":"stdout","log":"rb(config-router)# end","container_id":"ecff2c5c025b5dbeb11af314a5c7be2fb6d34eb7d699be4aabc94468721676df","container_name":"/docker-rb-1"}
2026-01-06T23:06:05+01:00	rb	{"container_name":"/docker-rb-1","source":"stdout","log":"rb# ","container_id":"ecff2c5c025b5dbeb11af314a5c7be2fb6d34eb7d699be4aabc94468721676df"}
2026-01-06T23:06:06+01:00	server	{"container_id":"4dd613dac78a2ace8be193019792a13e8c4f34736be20cfd665f338ffc25e76a","container_name":"/docker-server-1","source":"stdout","log":"Reading package lists..."}
2026-01-06T23:06:06+01:00	server	{"log":"Building dependency tree...","container_id":"4dd613dac78a2ace8be193019792a13e8c4f34736be20cfd665f338ffc25e76a","container_name":"/docker-server-1","source":"stdout"}
2026-01-06T23:06:06+01:00	server	{"source":"stdout","log":"Reading state information...","container_id":"4dd613dac78a2ace8be193019792a13e8c4f34736be20cfd665f338ffc25e76a","container_name":"/docker-server-1"}
2026-01-06T23:06:06+01:00	server	{"container_name":"/docker-server-1","source":"stderr","log":"E: Unable to locate package linux-headers-6.6.87.2-microsoft-standard-WSL2","container_id":"4dd613dac78a2ace8be193019792a13e8c4f34736be20cfd665f338ffc25e76a"}
2026-01-06T23:06:06+01:00	server	{"source":"stderr","log":"E: Couldn't find any package by glob 'linux-headers-6.6.87.2-microsoft-standard-WSL2'","container_id":"4dd613dac78a2ace8be193019792a13e8c4f34736be20cfd665f338ffc25e76a","container_name":"/docker-server-1"}
2026-01-06T23:06:06+01:00	server	{"log":"E: Couldn't find any package by regex 'linux-headers-6.6.87.2-microsoft-standard-WSL2'","container_id":"4dd613dac78a2ace8be193019792a13e8c4f34736be20cfd665f338ffc25e76a","container_name":"/docker-server-1","source":"stderr"}
2026-01-06T23:06:07+01:00	server	{"container_id":"4dd613dac78a2ace8be193019792a13e8c4f34736be20cfd665f338ffc25e76a","container_name":"/docker-server-1","source":"stdout","log":""}
2026-01-06T23:06:07+01:00	server	{"container_name":"/docker-server-1","source":"stdout","log":"> my-test-server@1.0.0 start","container_id":"4dd613dac78a2ace8be193019792a13e8c4f34736be20cfd665f338ffc25e76a"}
2026-01-06T23:06:07+01:00	server	{"container_id":"4dd613dac78a2ace8be193019792a13e8c4f34736be20cfd665f338ffc25e76a","container_name":"/docker-server-1","source":"stdout","log":"> node server.js"}
2026-01-06T23:06:07+01:00	server	{"log":"","container_id":"4dd613dac78a2ace8be193019792a13e8c4f34736be20cfd665f338ffc25e76a","container_name":"/docker-server-1","source":"stdout"}
2026-01-06T23:06:07+01:00	server	{"container_name":"/docker-server-1","source":"stdout","log":"Server is listening at http://localhost:3000","container_id":"4dd613dac78a2ace8be193019792a13e8c4f34736be20cfd665f338ffc25e76a"}
2026-01-06T23:06:05+01:00	syslog.syslog.notice	{"host":"rc1","ident":"syslog-ng","pid":"17","message":"syslog-ng starting up; version='3.35.1'"}
2026-01-06T23:06:05+01:00	syslog.syslog.err	{"host":"rc1","ident":"syslog-ng","pid":"17","message":"Syslog connection failed; fd='15', server='AF_INET(10.100.0.3:5140)', error='Connection refused (111)', time_reopen='60'"}
2026-01-06T23:06:05+01:00	syslog.kern.info	{"host":"rc1","ident":"kernel","message":"br-47bbc9ab98ee: port 2(veth4d1c828) entered blocking state"}
2026-01-06T23:06:05+01:00	syslog.kern.info	{"host":"rc1","ident":"kernel","message":"br-47bbc9ab98ee: port 2(veth4d1c828) entered forwarding state"}
2026-01-06T23:06:05+01:00	syslog.kern.info	{"host":"rc1","ident":"kernel","message":"br-5e3a2f840ef0: port 1(veth9aa91f3) entered blocking state"}
2026-01-06T23:06:05+01:00	syslog.kern.info	{"host":"rc1","ident":"kernel","message":"br-5e3a2f840ef0: port 1(veth9aa91f3) entered forwarding state"}
2026-01-06T23:06:05+01:00	syslog.kern.info	{"host":"rc1","ident":"kernel","message":"br-5e3a2f840ef0: port 2(vetha2f5426) entered blocking state"}
2026-01-06T23:06:05+01:00	syslog.kern.info	{"host":"rc1","ident":"kernel","message":"br-5e3a2f840ef0: port 2(vetha2f5426) entered disabled state"}
2026-01-06T23:06:05+01:00	syslog.kern.info	{"host":"rc1","ident":"kernel","message":"vetha2f5426: entered allmulticast mode"}
2026-01-06T23:06:05+01:00	syslog.kern.info	{"host":"rc1","ident":"kernel","message":"vetha2f5426: entered promiscuous mode"}
2026-01-06T23:06:05+01:00	syslog.kern.info	{"host":"rc1","ident":"kernel","message":"br-5e3a2f840ef0: port 2(vetha2f5426) entered blocking state"}
2026-01-06T23:06:05+01:00	syslog.kern.info	{"host":"rc1","ident":"kernel","message":"br-5e3a2f840ef0: port 2(vetha2f5426) entered forwarding state"}
2026-01-06T23:06:05+01:00	syslog.kern.info	{"host":"rc1","ident":"kernel","message":"eth2: renamed from veth6e4559f"}
2026-01-06T23:06:05+01:00	syslog.daemon.notice	{"host":"rc1","ident":"watchfrr","pid":"37","message":"[T83RR-8SM5G] watchfrr 8.1 starting: vty@0"}
2026-01-06T23:06:05+01:00	syslog.daemon.info	{"host":"rc1","ident":"watchfrr","pid":"37","message":"[ZCJ3S-SPH5S] zebra state -> down : initial connection attempt failed"}
2026-01-06T23:06:05+01:00	syslog.daemon.info	{"host":"rc1","ident":"watchfrr","pid":"37","message":"[ZCJ3S-SPH5S] bgpd state -> down : initial connection attempt failed"}
2026-01-06T23:06:05+01:00	syslog.daemon.info	{"host":"rc1","ident":"watchfrr","pid":"37","message":"[ZCJ3S-SPH5S] ospfd state -> down : initial connection attempt failed"}
2026-01-06T23:06:05+01:00	syslog.daemon.info	{"host":"rc1","ident":"watchfrr","pid":"37","message":"[ZCJ3S-SPH5S] staticd state -> down : initial connection attempt failed"}
2026-01-06T23:06:05+01:00	syslog.daemon.info	{"host":"rc1","ident":"watchfrr","pid":"37","message":"[YFT0P-5Q5YX] Forked background command [pid 38]: /usr/lib/frr/watchfrr.sh restart all"}
2026-01-06T23:06:05+01:00	syslog.daemon.err	{"host":"rc1","ident":"watchfrr.sh","pid":"48","message":"Cannot stop staticd: pid file not found"}
2026-01-06T23:06:05+01:00	syslog.daemon.err	{"host":"rc1","ident":"watchfrr.sh","pid":"53","message":"Cannot stop bgpd: pid file not found"}
2026-01-06T23:06:05+01:00	syslog.daemon.err	{"host":"rc1","ident":"watchfrr.sh","pid":"50","message":"Cannot stop ospfd: pid file not found"}
2026-01-06T23:06:05+01:00	syslog.daemon.err	{"host":"rc1","ident":"watchfrr.sh","pid":"54","message":"Cannot stop zebra: pid file not found"}
2026-01-06T23:06:05+01:00	syslog.kern.info	{"host":"rc1","ident":"kernel","message":"br-c38728f81248: port 1(veth962531e) entered blocking state"}
2026-01-06T23:06:05+01:00	syslog.kern.info	{"host":"rc1","ident":"kernel","message":"br-c38728f81248: port 1(veth962531e) entered disabled state"}
2026-01-06T23:06:05+01:00	syslog.kern.info	{"host":"rc1","ident":"kernel","message":"veth962531e: entered allmulticast mode"}
2026-01-06T23:06:05+01:00	syslog.kern.info	{"host":"rc1","ident":"kernel","message":"veth962531e: entered promiscuous mode"}
2026-01-06T23:06:05+01:00	syslog.kern.info	{"host":"rc1","ident":"kernel","message":"br-c38728f81248: port 1(veth962531e) entered blocking state"}
2026-01-06T23:06:05+01:00	syslog.kern.info	{"host":"rc1","ident":"kernel","message":"br-c38728f81248: port 1(veth962531e) entered forwarding state"}
2026-01-06T23:06:05+01:00	syslog.kern.info	{"host":"rc1","ident":"kernel","message":"br-c38728f81248: port 1(veth962531e) entered disabled state"}
2026-01-06T23:06:05+01:00	syslog.kern.info	{"host":"rc1","ident":"kernel","message":"eth2: renamed from veth939074f"}
2026-01-06T23:06:05+01:00	syslog.kern.info	{"host":"rc1","ident":"kernel","message":"br-c38728f81248: port 1(veth962531e) entered blocking state"}
2026-01-06T23:06:05+01:00	syslog.kern.info	{"host":"rc1","ident":"kernel","message":"br-c38728f81248: port 1(veth962531e) entered forwarding state"}
2026-01-06T23:06:05+01:00	syslog.kern.info	{"host":"rc1","ident":"kernel","message":"br-557a17bcc1e4: port 2(vethfa0ad13) entered blocking state"}
2026-01-06T23:06:05+01:00	syslog.kern.info	{"host":"rc1","ident":"kernel","message":"br-557a17bcc1e4: port 2(vethfa0ad13) entered disabled state"}
2026-01-06T23:06:05+01:00	syslog.kern.info	{"host":"rc1","ident":"kernel","message":"vethfa0ad13: entered allmulticast mode"}
2026-01-06T23:06:05+01:00	syslog.kern.info	{"host":"rc1","ident":"kernel","message":"vethfa0ad13: entered promiscuous mode"}
2026-01-06T23:06:05+01:00	syslog.kern.info	{"host":"rc1","ident":"kernel","message":"br-d2fe6b3c1cea: port 2(veth189df1b) entered blocking state"}
2026-01-06T23:06:05+01:00	syslog.kern.info	{"host":"rc1","ident":"kernel","message":"br-d2fe6b3c1cea: port 2(veth189df1b) entered disabled state"}
2026-01-06T23:06:05+01:00	syslog.kern.info	{"host":"rc1","ident":"kernel","message":"veth189df1b: entered allmulticast mode"}
2026-01-06T23:06:05+01:00	syslog.kern.info	{"host":"rc1","ident":"kernel","message":"veth189df1b: entered promiscuous mode"}
2026-01-06T23:06:05+01:00	syslog.kern.info	{"host":"rc1","ident":"kernel","message":"br-557a17bcc1e4: port 2(vethfa0ad13) entered blocking state"}
2026-01-06T23:06:05+01:00	syslog.kern.info	{"host":"rc1","ident":"kernel","message":"br-557a17bcc1e4: port 2(vethfa0ad13) entered forwarding state"}
2026-01-06T23:06:05+01:00	syslog.kern.info	{"host":"rc1","ident":"kernel","message":"br-d2fe6b3c1cea: port 2(veth189df1b) entered blocking state"}
2026-01-06T23:06:05+01:00	syslog.kern.info	{"host":"rc1","ident":"kernel","message":"br-d2fe6b3c1cea: port 2(veth189df1b) entered forwarding state"}
2026-01-06T23:06:05+01:00	syslog.kern.info	{"host":"rc1","ident":"kernel","message":"eth0: renamed from vethc491dda"}
2026-01-06T23:06:05+01:00	syslog.kern.info	{"host":"rc1","ident":"kernel","message":"eth0: renamed from vethf88b030"}
2026-01-06T23:06:05+01:00	syslog.kern.info	{"host":"rc1","ident":"kernel","message":"br-15843bfba9f4: port 2(veth6eb8db3) entered blocking state"}
2026-01-06T23:06:05+01:00	syslog.kern.info	{"host":"rc1","ident":"kernel","message":"br-15843bfba9f4: port 2(veth6eb8db3) entered disabled state"}
2026-01-06T23:06:05+01:00	syslog.kern.info	{"host":"rc1","ident":"kernel","message":"veth6eb8db3: entered allmulticast mode"}
2026-01-06T23:06:05+01:00	syslog.kern.info	{"host":"rc1","ident":"kernel","message":"veth6eb8db3: entered promiscuous mode"}
2026-01-06T23:06:05+01:00	syslog.kern.info	{"host":"rc1","ident":"kernel","message":"br-c38728f81248: port 2(vethbd77e61) entered blocking state"}
2026-01-06T23:06:05+01:00	syslog.kern.info	{"host":"rc1","ident":"kernel","message":"br-c38728f81248: port 2(vethbd77e61) entered disabled state"}
2026-01-06T23:06:05+01:00	syslog.kern.info	{"host":"rc1","ident":"kernel","message":"vethbd77e61: entered allmulticast mode"}
2026-01-06T23:06:05+01:00	syslog.kern.info	{"host":"rc1","ident":"kernel","message":"vethbd77e61: entered promiscuous mode"}
2026-01-06T23:06:05+01:00	syslog.kern.info	{"host":"rc1","ident":"kernel","message":"br-15843bfba9f4: port 2(veth6eb8db3) entered blocking state"}
2026-01-06T23:06:05+01:00	syslog.kern.info	{"host":"rc1","ident":"kernel","message":"br-15843bfba9f4: port 2(veth6eb8db3) entered forwarding state"}
2026-01-06T23:06:05+01:00	syslog.kern.info	{"host":"rc1","ident":"kernel","message":"br-c38728f81248: port 2(vethbd77e61) entered blocking state"}
2026-01-06T23:06:05+01:00	syslog.kern.info	{"host":"rc1","ident":"kernel","message":"br-c38728f81248: port 2(vethbd77e61) entered forwarding state"}
2026-01-06T23:06:05+01:00	syslog.kern.info	{"host":"rc1","ident":"kernel","message":"eth0: renamed from veth456d6cb"}
2026-01-06T23:06:05+01:00	syslog.daemon.info	{"host":"rc1","ident":"zebra","pid":"56","message":"[VTVCM-Y2NW3] Configuration Read in Took: 00:00:00"}
2026-01-06T23:06:05+01:00	syslog.daemon.info	{"host":"rc1","ident":"ospfd","pid":"68","message":"[VTVCM-Y2NW3] Configuration Read in Took: 00:00:00"}
2026-01-06T23:06:05+01:00	syslog.daemon.info	{"host":"rc1","ident":"bgpd","pid":"61","message":"[VTVCM-Y2NW3] Configuration Read in Took: 00:00:00"}
2026-01-06T23:06:05+01:00	syslog.daemon.info	{"host":"rc1","ident":"staticd","pid":"71","message":"[VTVCM-Y2NW3] Configuration Read in Took: 00:00:00"}
2026-01-06T23:06:05+01:00	syslog.daemon.notice	{"host":"rc1","ident":"watchfrr","pid":"37","message":"[QDG3Y-BY5TN] zebra state -> up : connect succeeded"}
2026-01-06T23:06:05+01:00	syslog.daemon.notice	{"host":"rc1","ident":"watchfrr","pid":"37","message":"[QDG3Y-BY5TN] bgpd state -> up : connect succeeded"}
2026-01-06T23:06:05+01:00	syslog.daemon.notice	{"host":"rc1","ident":"watchfrr","pid":"37","message":"[QDG3Y-BY5TN] ospfd state -> up : connect succeeded"}
2026-01-06T23:06:05+01:00	syslog.daemon.notice	{"host":"rc1","ident":"watchfrr","pid":"37","message":"[QDG3Y-BY5TN] staticd state -> up : connect succeeded"}
2026-01-06T23:06:05+01:00	syslog.daemon.notice	{"host":"rc1","ident":"watchfrr","pid":"37","message":"[KWE5Q-QNGFC] all daemons up, doing startup-complete notify"}
2026-01-06T23:06:05+01:00	syslog.kern.info	{"host":"rc1","ident":"kernel","message":"eth0: renamed from vethe36e67b"}
2026-01-06T23:06:50+01:00	syslog.daemon.info	{"host":"rc1","ident":"ospfd","pid":"68","message":"[S5PCG-77H23] Packet[DD]: Neighbor 10.3.0.3 Negotiation done (Master)."}
2026-01-06T23:07:05+01:00	syslog.syslog.notice	{"host":"rc1","ident":"syslog-ng","pid":"17","message":"Syslog connection established; fd='18', server='AF_INET(10.100.0.3:5140)', local='AF_INET(0.0.0.0:0)'"}
2026-01-06T23:06:05+01:00	syslog.syslog.notice	{"host":"rc2","ident":"syslog-ng","pid":"17","message":"syslog-ng starting up; version='3.35.1'"}
2026-01-06T23:06:05+01:00	syslog.syslog.err	{"host":"rc2","ident":"syslog-ng","pid":"17","message":"Syslog connection failed; fd='15', server='AF_INET(10.100.0.3:5140)', error='Connection refused (111)', time_reopen='60'"}
2026-01-06T23:06:05+01:00	syslog.kern.info	{"host":"rc2","ident":"kernel","message":"br-c38728f81248: port 1(veth962531e) entered blocking state"}
2026-01-06T23:06:05+01:00	syslog.kern.info	{"host":"rc2","ident":"kernel","message":"br-c38728f81248: port 1(veth962531e) entered forwarding state"}
2026-01-06T23:06:05+01:00	syslog.daemon.notice	{"host":"rc2","ident":"watchfrr","pid":"37","message":"[T83RR-8SM5G] watchfrr 8.1 starting: vty@0"}
2026-01-06T23:06:05+01:00	syslog.daemon.info	{"host":"rc2","ident":"watchfrr","pid":"37","message":"[ZCJ3S-SPH5S] zebra state -> down : initial connection attempt failed"}
2026-01-06T23:06:05+01:00	syslog.daemon.info	{"host":"rc2","ident":"watchfrr","pid":"37","message":"[ZCJ3S-SPH5S] bgpd state -> down : initial connection attempt failed"}
2026-01-06T23:06:05+01:00	syslog.daemon.info	{"host":"rc2","ident":"watchfrr","pid":"37","message":"[ZCJ3S-SPH5S] ospfd state -> down : initial connection attempt failed"}
2026-01-06T23:06:05+01:00	syslog.daemon.info	{"host":"rc2","ident":"watchfrr","pid":"37","message":"[ZCJ3S-SPH5S] staticd state -> down : initial connection attempt failed"}
2026-01-06T23:06:05+01:00	syslog.daemon.info	{"host":"rc2","ident":"watchfrr","pid":"37","message":"[YFT0P-5Q5YX] Forked background command [pid 38]: /usr/lib/frr/watchfrr.sh restart all"}
2026-01-06T23:06:05+01:00	syslog.daemon.err	{"host":"rc2","ident":"watchfrr.sh","pid":"50","message":"Cannot stop ospfd: pid file not found"}
2026-01-06T23:06:05+01:00	syslog.daemon.err	{"host":"rc2","ident":"watchfrr.sh","pid":"47","message":"Cannot stop staticd: pid file not found"}
2026-01-06T23:06:05+01:00	syslog.daemon.err	{"host":"rc2","ident":"watchfrr.sh","pid":"52","message":"Cannot stop zebra: pid file not found"}
2026-01-06T23:06:05+01:00	syslog.daemon.err	{"host":"rc2","ident":"watchfrr.sh","pid":"54","message":"Cannot stop bgpd: pid file not found"}
2026-01-06T23:06:05+01:00	syslog.kern.info	{"host":"rc2","ident":"kernel","message":"br-557a17bcc1e4: port 2(vethfa0ad13) entered blocking state"}
2026-01-06T23:06:05+01:00	syslog.kern.info	{"host":"rc2","ident":"kernel","message":"br-557a17bcc1e4: port 2(vethfa0ad13) entered disabled state"}
2026-01-06T23:06:05+01:00	syslog.kern.info	{"host":"rc2","ident":"kernel","message":"vethfa0ad13: entered allmulticast mode"}
2026-01-06T23:06:05+01:00	syslog.kern.info	{"host":"rc2","ident":"kernel","message":"vethfa0ad13: entered promiscuous mode"}
2026-01-06T23:06:05+01:00	syslog.kern.info	{"host":"rc2","ident":"kernel","message":"br-d2fe6b3c1cea: port 2(veth189df1b) entered blocking state"}
2026-01-06T23:06:05+01:00	syslog.kern.info	{"host":"rc2","ident":"kernel","message":"br-d2fe6b3c1cea: port 2(veth189df1b) entered disabled state"}
2026-01-06T23:06:05+01:00	syslog.kern.info	{"host":"rc2","ident":"kernel","message":"veth189df1b: entered allmulticast mode"}
2026-01-06T23:06:05+01:00	syslog.kern.info	{"host":"rc2","ident":"kernel","message":"veth189df1b: entered promiscuous mode"}
2026-01-06T23:06:05+01:00	syslog.kern.info	{"host":"rc2","ident":"kernel","message":"br-557a17bcc1e4: port 2(vethfa0ad13) entered blocking state"}
2026-01-06T23:06:05+01:00	syslog.kern.info	{"host":"rc2","ident":"kernel","message":"br-557a17bcc1e4: port 2(vethfa0ad13) entered forwarding state"}
2026-01-06T23:06:05+01:00	syslog.kern.info	{"host":"rc2","ident":"kernel","message":"br-d2fe6b3c1cea: port 2(veth189df1b) entered blocking state"}
2026-01-06T23:06:05+01:00	syslog.kern.info	{"host":"rc2","ident":"kernel","message":"br-d2fe6b3c1cea: port 2(veth189df1b) entered forwarding state"}
2026-01-06T23:06:05+01:00	syslog.kern.info	{"host":"rc2","ident":"kernel","message":"eth0: renamed from vethc491dda"}
2026-01-06T23:06:05+01:00	syslog.kern.info	{"host":"rc2","ident":"kernel","message":"eth0: renamed from vethf88b030"}
2026-01-06T23:06:05+01:00	syslog.kern.info	{"host":"rc2","ident":"kernel","message":"br-15843bfba9f4: port 2(veth6eb8db3) entered blocking state"}
2026-01-06T23:06:05+01:00	syslog.kern.info	{"host":"rc2","ident":"kernel","message":"br-15843bfba9f4: port 2(veth6eb8db3) entered disabled state"}
2026-01-06T23:06:05+01:00	syslog.kern.info	{"host":"rc2","ident":"kernel","message":"veth6eb8db3: entered allmulticast mode"}
2026-01-06T23:06:05+01:00	syslog.kern.info	{"host":"rc2","ident":"kernel","message":"veth6eb8db3: entered promiscuous mode"}
2026-01-06T23:06:05+01:00	syslog.kern.info	{"host":"rc2","ident":"kernel","message":"br-c38728f81248: port 2(vethbd77e61) entered blocking state"}
2026-01-06T23:06:05+01:00	syslog.kern.info	{"host":"rc2","ident":"kernel","message":"br-c38728f81248: port 2(vethbd77e61) entered disabled state"}
2026-01-06T23:06:05+01:00	syslog.kern.info	{"host":"rc2","ident":"kernel","message":"vethbd77e61: entered allmulticast mode"}
2026-01-06T23:06:05+01:00	syslog.kern.info	{"host":"rc2","ident":"kernel","message":"vethbd77e61: entered promiscuous mode"}
2026-01-06T23:06:05+01:00	syslog.kern.info	{"host":"rc2","ident":"kernel","message":"br-15843bfba9f4: port 2(veth6eb8db3) entered blocking state"}
2026-01-06T23:06:05+01:00	syslog.kern.info	{"host":"rc2","ident":"kernel","message":"br-15843bfba9f4: port 2(veth6eb8db3) entered forwarding state"}
2026-01-06T23:06:05+01:00	syslog.kern.info	{"host":"rc2","ident":"kernel","message":"br-c38728f81248: port 2(vethbd77e61) entered blocking state"}
2026-01-06T23:06:05+01:00	syslog.kern.info	{"host":"rc2","ident":"kernel","message":"br-c38728f81248: port 2(vethbd77e61) entered forwarding state"}
2026-01-06T23:06:05+01:00	syslog.kern.info	{"host":"rc2","ident":"kernel","message":"eth0: renamed from veth456d6cb"}
2026-01-06T23:06:05+01:00	syslog.kern.info	{"host":"rc2","ident":"kernel","message":"eth0: renamed from vethe36e67b"}
2026-01-06T23:06:05+01:00	syslog.daemon.info	{"host":"rc2","ident":"zebra","pid":"57","message":"[VTVCM-Y2NW3] Configuration Read in Took: 00:00:00"}
2026-01-06T23:06:05+01:00	syslog.daemon.info	{"host":"rc2","ident":"ospfd","pid":"69","message":"[VTVCM-Y2NW3] Configuration Read in Took: 00:00:00"}
2026-01-06T23:06:05+01:00	syslog.daemon.info	{"host":"rc2","ident":"bgpd","pid":"62","message":"[VTVCM-Y2NW3] Configuration Read in Took: 00:00:00"}
2026-01-06T23:06:05+01:00	syslog.daemon.info	{"host":"rc2","ident":"staticd","pid":"72","message":"[VTVCM-Y2NW3] Configuration Read in Took: 00:00:00"}
2026-01-06T23:06:05+01:00	syslog.daemon.notice	{"host":"rc2","ident":"watchfrr","pid":"37","message":"[QDG3Y-BY5TN] zebra state -> up : connect succeeded"}
2026-01-06T23:06:05+01:00	syslog.daemon.notice	{"host":"rc2","ident":"watchfrr","pid":"37","message":"[QDG3Y-BY5TN] bgpd state -> up : connect succeeded"}
2026-01-06T23:06:05+01:00	syslog.daemon.notice	{"host":"rc2","ident":"watchfrr","pid":"37","message":"[QDG3Y-BY5TN] ospfd state -> up : connect succeeded"}
2026-01-06T23:06:05+01:00	syslog.daemon.notice	{"host":"rc2","ident":"watchfrr","pid":"37","message":"[QDG3Y-BY5TN] staticd state -> up : connect succeeded"}
2026-01-06T23:06:05+01:00	syslog.daemon.notice	{"host":"rc2","ident":"watchfrr","pid":"37","message":"[KWE5Q-QNGFC] all daemons up, doing startup-complete notify"}
2026-01-06T23:06:50+01:00	syslog.daemon.info	{"host":"rc2","ident":"ospfd","pid":"69","message":"[S5PCG-77H23] Packet[DD]: Neighbor 10.2.0.4 Negotiation done (Master)."}
2026-01-06T23:07:05+01:00	syslog.syslog.notice	{"host":"rc2","ident":"syslog-ng","pid":"17","message":"Syslog connection established; fd='18', server='AF_INET(10.100.0.3:5140)', local='AF_INET(0.0.0.0:0)'"}
2026-01-06T23:06:05+01:00	syslog.syslog.notice	{"host":"ra","ident":"syslog-ng","pid":"17","message":"syslog-ng starting up; version='3.35.1'"}
2026-01-06T23:06:05+01:00	syslog.syslog.err	{"host":"ra","ident":"syslog-ng","pid":"17","message":"Syslog connection failed; fd='15', server='AF_INET(10.100.0.3:5140)', error='Connection refused (111)', time_reopen='60'"}
2026-01-06T23:06:05+01:00	syslog.daemon.notice	{"host":"ra","ident":"watchfrr","pid":"37","message":"[T83RR-8SM5G] watchfrr 8.1 starting: vty@0"}
2026-01-06T23:06:05+01:00	syslog.daemon.info	{"host":"ra","ident":"watchfrr","pid":"37","message":"[ZCJ3S-SPH5S] zebra state -> down : initial connection attempt failed"}
2026-01-06T23:06:05+01:00	syslog.daemon.info	{"host":"ra","ident":"watchfrr","pid":"37","message":"[ZCJ3S-SPH5S] bgpd state -> down : initial connection attempt failed"}
2026-01-06T23:06:05+01:00	syslog.daemon.info	{"host":"ra","ident":"watchfrr","pid":"37","message":"[ZCJ3S-SPH5S] ospfd state -> down : initial connection attempt failed"}
2026-01-06T23:06:05+01:00	syslog.daemon.info	{"host":"ra","ident":"watchfrr","pid":"37","message":"[ZCJ3S-SPH5S] staticd state -> down : initial connection attempt failed"}
2026-01-06T23:06:05+01:00	syslog.daemon.info	{"host":"ra","ident":"watchfrr","pid":"37","message":"[YFT0P-5Q5YX] Forked background command [pid 38]: /usr/lib/frr/watchfrr.sh restart all"}
2026-01-06T23:06:05+01:00	syslog.daemon.err	{"host":"ra","ident":"watchfrr.sh","pid":"50","message":"Cannot stop ospfd: pid file not found"}
2026-01-06T23:06:05+01:00	syslog.daemon.err	{"host":"ra","ident":"watchfrr.sh","pid":"48","message":"Cannot stop staticd: pid file not found"}
2026-01-06T23:06:05+01:00	syslog.daemon.err	{"host":"ra","ident":"watchfrr.sh","pid":"52","message":"Cannot stop bgpd: pid file not found"}
2026-01-06T23:06:05+01:00	syslog.daemon.err	{"host":"ra","ident":"watchfrr.sh","pid":"54","message":"Cannot stop zebra: pid file not found"}
2026-01-06T23:06:05+01:00	syslog.kern.info	{"host":"ra","ident":"kernel","message":"br-557a17bcc1e4: port 2(vethfa0ad13) entered blocking state"}
2026-01-06T23:06:05+01:00	syslog.kern.info	{"host":"ra","ident":"kernel","message":"br-557a17bcc1e4: port 2(vethfa0ad13) entered disabled state"}
2026-01-06T23:06:05+01:00	syslog.kern.info	{"host":"ra","ident":"kernel","message":"vethfa0ad13: entered allmulticast mode"}
2026-01-06T23:06:05+01:00	syslog.kern.info	{"host":"ra","ident":"kernel","message":"vethfa0ad13: entered promiscuous mode"}
2026-01-06T23:06:05+01:00	syslog.kern.info	{"host":"ra","ident":"kernel","message":"br-d2fe6b3c1cea: port 2(veth189df1b) entered blocking state"}
2026-01-06T23:06:05+01:00	syslog.kern.info	{"host":"ra","ident":"kernel","message":"br-d2fe6b3c1cea: port 2(veth189df1b) entered disabled state"}
2026-01-06T23:06:05+01:00	syslog.kern.info	{"host":"ra","ident":"kernel","message":"veth189df1b: entered allmulticast mode"}
2026-01-06T23:06:05+01:00	syslog.kern.info	{"host":"ra","ident":"kernel","message":"veth189df1b: entered promiscuous mode"}
2026-01-06T23:06:05+01:00	syslog.kern.info	{"host":"ra","ident":"kernel","message":"br-557a17bcc1e4: port 2(vethfa0ad13) entered blocking state"}
2026-01-06T23:06:05+01:00	syslog.kern.info	{"host":"ra","ident":"kernel","message":"br-557a17bcc1e4: port 2(vethfa0ad13) entered forwarding state"}
2026-01-06T23:06:05+01:00	syslog.kern.info	{"host":"ra","ident":"kernel","message":"br-d2fe6b3c1cea: port 2(veth189df1b) entered blocking state"}
2026-01-06T23:06:05+01:00	syslog.kern.info	{"host":"ra","ident":"kernel","message":"br-d2fe6b3c1cea: port 2(veth189df1b) entered forwarding state"}
2026-01-06T23:06:05+01:00	syslog.kern.info	{"host":"ra","ident":"kernel","message":"eth0: renamed from vethc491dda"}
2026-01-06T23:06:05+01:00	syslog.kern.info	{"host":"ra","ident":"kernel","message":"eth0: renamed from vethf88b030"}
2026-01-06T23:06:05+01:00	syslog.kern.info	{"host":"ra","ident":"kernel","message":"br-15843bfba9f4: port 2(veth6eb8db3) entered blocking state"}
2026-01-06T23:06:05+01:00	syslog.kern.info	{"host":"ra","ident":"kernel","message":"br-15843bfba9f4: port 2(veth6eb8db3) entered disabled state"}
2026-01-06T23:06:05+01:00	syslog.kern.info	{"host":"ra","ident":"kernel","message":"veth6eb8db3: entered allmulticast mode"}
2026-01-06T23:06:05+01:00	syslog.kern.info	{"host":"ra","ident":"kernel","message":"veth6eb8db3: entered promiscuous mode"}
2026-01-06T23:06:05+01:00	syslog.kern.info	{"host":"ra","ident":"kernel","message":"br-c38728f81248: port 2(vethbd77e61) entered blocking state"}
2026-01-06T23:06:05+01:00	syslog.kern.info	{"host":"ra","ident":"kernel","message":"br-c38728f81248: port 2(vethbd77e61) entered disabled state"}
2026-01-06T23:06:05+01:00	syslog.kern.info	{"host":"ra","ident":"kernel","message":"vethbd77e61: entered allmulticast mode"}
2026-01-06T23:06:05+01:00	syslog.kern.info	{"host":"ra","ident":"kernel","message":"vethbd77e61: entered promiscuous mode"}
2026-01-06T23:06:05+01:00	syslog.kern.info	{"host":"ra","ident":"kernel","message":"br-15843bfba9f4: port 2(veth6eb8db3) entered blocking state"}
2026-01-06T23:06:05+01:00	syslog.kern.info	{"host":"ra","ident":"kernel","message":"br-15843bfba9f4: port 2(veth6eb8db3) entered forwarding state"}
2026-01-06T23:06:05+01:00	syslog.kern.info	{"host":"ra","ident":"kernel","message":"br-c38728f81248: port 2(vethbd77e61) entered blocking state"}
2026-01-06T23:06:05+01:00	syslog.kern.info	{"host":"ra","ident":"kernel","message":"br-c38728f81248: port 2(vethbd77e61) entered forwarding state"}
2026-01-06T23:06:05+01:00	syslog.kern.info	{"host":"ra","ident":"kernel","message":"eth0: renamed from veth456d6cb"}
2026-01-06T23:06:05+01:00	syslog.kern.info	{"host":"ra","ident":"kernel","message":"eth0: renamed from vethe36e67b"}
2026-01-06T23:06:05+01:00	syslog.daemon.info	{"host":"ra","ident":"zebra","pid":"57","message":"[VTVCM-Y2NW3] Configuration Read in Took: 00:00:00"}
2026-01-06T23:06:05+01:00	syslog.daemon.info	{"host":"ra","ident":"ospfd","pid":"69","message":"[VTVCM-Y2NW3] Configuration Read in Took: 00:00:00"}
2026-01-06T23:06:05+01:00	syslog.daemon.info	{"host":"ra","ident":"bgpd","pid":"62","message":"[VTVCM-Y2NW3] Configuration Read in Took: 00:00:00"}
2026-01-06T23:06:05+01:00	syslog.daemon.info	{"host":"ra","ident":"staticd","pid":"72","message":"[VTVCM-Y2NW3] Configuration Read in Took: 00:00:00"}
2026-01-06T23:06:05+01:00	syslog.daemon.notice	{"host":"ra","ident":"watchfrr","pid":"37","message":"[QDG3Y-BY5TN] zebra state -> up : connect succeeded"}
2026-01-06T23:06:05+01:00	syslog.daemon.notice	{"host":"ra","ident":"watchfrr","pid":"37","message":"[QDG3Y-BY5TN] bgpd state -> up : connect succeeded"}
2026-01-06T23:06:05+01:00	syslog.daemon.notice	{"host":"ra","ident":"watchfrr","pid":"37","message":"[QDG3Y-BY5TN] ospfd state -> up : connect succeeded"}
2026-01-06T23:06:05+01:00	syslog.daemon.notice	{"host":"ra","ident":"watchfrr","pid":"37","message":"[QDG3Y-BY5TN] staticd state -> up : connect succeeded"}
2026-01-06T23:06:05+01:00	syslog.daemon.notice	{"host":"ra","ident":"watchfrr","pid":"37","message":"[KWE5Q-QNGFC] all daemons up, doing startup-complete notify"}
2026-01-06T23:07:05+01:00	syslog.syslog.notice	{"host":"ra","ident":"syslog-ng","pid":"17","message":"Syslog connection established; fd='18', server='AF_INET(10.100.0.3:5140)', local='AF_INET(0.0.0.0:0)'"}
2026-01-06T23:06:05+01:00	syslog.syslog.notice	{"host":"rb","ident":"syslog-ng","pid":"17","message":"syslog-ng starting up; version='3.35.1'"}
2026-01-06T23:06:05+01:00	syslog.kern.info	{"host":"rb","ident":"kernel","message":"br-557a17bcc1e4: port 2(vethfa0ad13) entered blocking state"}
2026-01-06T23:06:05+01:00	syslog.kern.info	{"host":"rb","ident":"kernel","message":"br-557a17bcc1e4: port 2(vethfa0ad13) entered forwarding state"}
2026-01-06T23:06:05+01:00	syslog.kern.info	{"host":"rb","ident":"kernel","message":"br-d2fe6b3c1cea: port 2(veth189df1b) entered blocking state"}
2026-01-06T23:06:05+01:00	syslog.kern.info	{"host":"rb","ident":"kernel","message":"br-d2fe6b3c1cea: port 2(veth189df1b) entered forwarding state"}
2026-01-06T23:06:05+01:00	syslog.syslog.err	{"host":"rb","ident":"syslog-ng","pid":"17","message":"Syslog connection failed; fd='15', server='AF_INET(10.100.0.3:5140)', error='Connection refused (111)', time_reopen='60'"}
2026-01-06T23:06:05+01:00	syslog.kern.info	{"host":"rb","ident":"kernel","message":"eth0: renamed from vethc491dda"}
2026-01-06T23:06:05+01:00	syslog.daemon.notice	{"host":"rb","ident":"watchfrr","pid":"38","message":"[T83RR-8SM5G] watchfrr 8.1 starting: vty@0"}
2026-01-06T23:06:05+01:00	syslog.daemon.info	{"host":"rb","ident":"watchfrr","pid":"38","message":"[ZCJ3S-SPH5S] zebra state -> down : initial connection attempt failed"}
2026-01-06T23:06:05+01:00	syslog.daemon.info	{"host":"rb","ident":"watchfrr","pid":"38","message":"[ZCJ3S-SPH5S] bgpd state -> down : initial connection attempt failed"}
2026-01-06T23:06:05+01:00	syslog.daemon.info	{"host":"rb","ident":"watchfrr","pid":"38","message":"[ZCJ3S-SPH5S] ospfd state -> down : initial connection attempt failed"}
2026-01-06T23:06:05+01:00	syslog.daemon.info	{"host":"rb","ident":"watchfrr","pid":"38","message":"[ZCJ3S-SPH5S] staticd state -> down : initial connection attempt failed"}
2026-01-06T23:06:05+01:00	syslog.daemon.info	{"host":"rb","ident":"watchfrr","pid":"38","message":"[YFT0P-5Q5YX] Forked background command [pid 39]: /usr/lib/frr/watchfrr.sh restart all"}
2026-01-06T23:06:05+01:00	syslog.daemon.err	{"host":"rb","ident":"watchfrr.sh","pid":"49","message":"Cannot stop staticd: pid file not found"}
2026-01-06T23:06:05+01:00	syslog.daemon.err	{"host":"rb","ident":"watchfrr.sh","pid":"51","message":"Cannot stop ospfd: pid file not found"}
2026-01-06T23:06:05+01:00	syslog.daemon.err	{"host":"rb","ident":"watchfrr.sh","pid":"54","message":"Cannot stop bgpd: pid file not found"}
2026-01-06T23:06:05+01:00	syslog.daemon.err	{"host":"rb","ident":"watchfrr.sh","pid":"55","message":"Cannot stop zebra: pid file not found"}
2026-01-06T23:06:05+01:00	syslog.kern.info	{"host":"rb","ident":"kernel","message":"eth0: renamed from vethf88b030"}
2026-01-06T23:06:05+01:00	syslog.kern.info	{"host":"rb","ident":"kernel","message":"br-15843bfba9f4: port 2(veth6eb8db3) entered blocking state"}
2026-01-06T23:06:05+01:00	syslog.kern.info	{"host":"rb","ident":"kernel","message":"br-15843bfba9f4: port 2(veth6eb8db3) entered disabled state"}
2026-01-06T23:06:05+01:00	syslog.kern.info	{"host":"rb","ident":"kernel","message":"veth6eb8db3: entered allmulticast mode"}
2026-01-06T23:06:05+01:00	syslog.kern.info	{"host":"rb","ident":"kernel","message":"veth6eb8db3: entered promiscuous mode"}
2026-01-06T23:06:05+01:00	syslog.kern.info	{"host":"rb","ident":"kernel","message":"br-c38728f81248: port 2(vethbd77e61) entered blocking state"}
2026-01-06T23:06:05+01:00	syslog.kern.info	{"host":"rb","ident":"kernel","message":"br-c38728f81248: port 2(vethbd77e61) entered disabled state"}
2026-01-06T23:06:05+01:00	syslog.kern.info	{"host":"rb","ident":"kernel","message":"vethbd77e61: entered allmulticast mode"}
2026-01-06T23:06:05+01:00	syslog.kern.info	{"host":"rb","ident":"kernel","message":"vethbd77e61: entered promiscuous mode"}
2026-01-06T23:06:05+01:00	syslog.kern.info	{"host":"rb","ident":"kernel","message":"br-15843bfba9f4: port 2(veth6eb8db3) entered blocking state"}
2026-01-06T23:06:05+01:00	syslog.kern.info	{"host":"rb","ident":"kernel","message":"br-15843bfba9f4: port 2(veth6eb8db3) entered forwarding state"}
2026-01-06T23:06:05+01:00	syslog.kern.info	{"host":"rb","ident":"kernel","message":"br-c38728f81248: port 2(vethbd77e61) entered blocking state"}
2026-01-06T23:06:05+01:00	syslog.kern.info	{"host":"rb","ident":"kernel","message":"br-c38728f81248: port 2(vethbd77e61) entered forwarding state"}
2026-01-06T23:06:05+01:00	syslog.kern.info	{"host":"rb","ident":"kernel","message":"eth0: renamed from veth456d6cb"}
2026-01-06T23:06:05+01:00	syslog.kern.info	{"host":"rb","ident":"kernel","message":"eth0: renamed from vethe36e67b"}
2026-01-06T23:06:05+01:00	syslog.daemon.info	{"host":"rb","ident":"zebra","pid":"57","message":"[VTVCM-Y2NW3] Configuration Read in Took: 00:00:00"}
2026-01-06T23:06:05+01:00	syslog.daemon.info	{"host":"rb","ident":"ospfd","pid":"69","message":"[VTVCM-Y2NW3] Configuration Read in Took: 00:00:00"}
2026-01-06T23:06:05+01:00	syslog.daemon.info	{"host":"rb","ident":"bgpd","pid":"62","message":"[VTVCM-Y2NW3] Configuration Read in Took: 00:00:00"}
2026-01-06T23:06:05+01:00	syslog.daemon.info	{"host":"rb","ident":"staticd","pid":"72","message":"[VTVCM-Y2NW3] Configuration Read in Took: 00:00:00"}
2026-01-06T23:06:05+01:00	syslog.daemon.notice	{"host":"rb","ident":"watchfrr","pid":"38","message":"[QDG3Y-BY5TN] zebra state -> up : connect succeeded"}
2026-01-06T23:06:05+01:00	syslog.daemon.notice	{"host":"rb","ident":"watchfrr","pid":"38","message":"[QDG3Y-BY5TN] bgpd state -> up : connect succeeded"}
2026-01-06T23:06:05+01:00	syslog.daemon.notice	{"host":"rb","ident":"watchfrr","pid":"38","message":"[QDG3Y-BY5TN] ospfd state -> up : connect succeeded"}
2026-01-06T23:06:05+01:00	syslog.daemon.notice	{"host":"rb","ident":"watchfrr","pid":"38","message":"[QDG3Y-BY5TN] staticd state -> up : connect succeeded"}
2026-01-06T23:06:05+01:00	syslog.daemon.notice	{"host":"rb","ident":"watchfrr","pid":"38","message":"[KWE5Q-QNGFC] all daemons up, doing startup-complete notify"}
2026-01-06T23:06:45+01:00	syslog.daemon.info	{"host":"rb","ident":"ospfd","pid":"69","message":"[S5PCG-77H23] Packet[DD]: Neighbor 10.3.0.3 Negotiation done (Master)."}
2026-01-06T23:07:05+01:00	syslog.syslog.notice	{"host":"rb","ident":"syslog-ng","pid":"17","message":"Syslog connection established; fd='18', server='AF_INET(10.100.0.3:5140)', local='AF_INET(0.0.0.0:0)'"}
2026-01-06T23:08:01+01:00	syslog.kern.info	{"host":"rc2","ident":"kernel","message":"docker0: port 1(veth2c3b28d) entered blocking state"}
2026-01-06T23:08:01+01:00	syslog.kern.info	{"host":"rc2","ident":"kernel","message":"docker0: port 1(veth2c3b28d) entered disabled state"}
2026-01-06T23:08:01+01:00	syslog.kern.info	{"host":"rc1","ident":"kernel","message":"docker0: port 1(veth2c3b28d) entered blocking state"}
2026-01-06T23:08:01+01:00	syslog.kern.info	{"host":"rc1","ident":"kernel","message":"docker0: port 1(veth2c3b28d) entered disabled state"}
2026-01-06T23:08:01+01:00	syslog.kern.info	{"host":"rc1","ident":"kernel","message":"veth2c3b28d: entered allmulticast mode"}
2026-01-06T23:08:01+01:00	syslog.kern.info	{"host":"rc1","ident":"kernel","message":"veth2c3b28d: entered promiscuous mode"}
2026-01-06T23:08:01+01:00	syslog.kern.info	{"host":"rb","ident":"kernel","message":"docker0: port 1(veth2c3b28d) entered blocking state"}
2026-01-06T23:08:01+01:00	syslog.kern.info	{"host":"rb","ident":"kernel","message":"docker0: port 1(veth2c3b28d) entered disabled state"}
2026-01-06T23:08:01+01:00	syslog.kern.info	{"host":"rb","ident":"kernel","message":"veth2c3b28d: entered allmulticast mode"}
2026-01-06T23:08:01+01:00	syslog.kern.info	{"host":"rb","ident":"kernel","message":"veth2c3b28d: entered promiscuous mode"}
2026-01-06T23:08:01+01:00	syslog.kern.info	{"host":"ra","ident":"kernel","message":"docker0: port 1(veth2c3b28d) entered blocking state"}
2026-01-06T23:08:01+01:00	syslog.kern.info	{"host":"ra","ident":"kernel","message":"docker0: port 1(veth2c3b28d) entered disabled state"}
2026-01-06T23:08:01+01:00	syslog.kern.info	{"host":"ra","ident":"kernel","message":"veth2c3b28d: entered allmulticast mode"}
2026-01-06T23:08:01+01:00	syslog.kern.info	{"host":"ra","ident":"kernel","message":"veth2c3b28d: entered promiscuous mode"}
2026-01-06T23:08:01+01:00	syslog.kern.info	{"host":"rc2","ident":"kernel","message":"veth2c3b28d: entered allmulticast mode"}
2026-01-06T23:08:01+01:00	syslog.kern.info	{"host":"rc2","ident":"kernel","message":"veth2c3b28d: entered promiscuous mode"}
2026-01-06T23:08:01+01:00	syslog.kern.info	{"host":"rc1","ident":"kernel","message":"docker0: port 2(veth3b4ff4f) entered blocking state"}
2026-01-06T23:08:01+01:00	syslog.kern.info	{"host":"rc1","ident":"kernel","message":"docker0: port 2(veth3b4ff4f) entered disabled state"}
2026-01-06T23:08:01+01:00	syslog.kern.info	{"host":"rc1","ident":"kernel","message":"veth3b4ff4f: entered allmulticast mode"}
2026-01-06T23:08:01+01:00	syslog.kern.info	{"host":"rc1","ident":"kernel","message":"veth3b4ff4f: entered promiscuous mode"}
2026-01-06T23:08:01+01:00	syslog.kern.info	{"host":"rc2","ident":"kernel","message":"docker0: port 2(veth3b4ff4f) entered blocking state"}
2026-01-06T23:08:01+01:00	syslog.kern.info	{"host":"rc2","ident":"kernel","message":"docker0: port 2(veth3b4ff4f) entered disabled state"}
2026-01-06T23:08:01+01:00	syslog.kern.info	{"host":"rc2","ident":"kernel","message":"veth3b4ff4f: entered allmulticast mode"}
2026-01-06T23:08:01+01:00	syslog.kern.info	{"host":"rc2","ident":"kernel","message":"veth3b4ff4f: entered promiscuous mode"}
2026-01-06T23:08:01+01:00	syslog.kern.info	{"host":"rc2","ident":"kernel","message":"docker0: port 2(veth3b4ff4f) entered blocking state"}
2026-01-06T23:08:01+01:00	syslog.kern.info	{"host":"rc2","ident":"kernel","message":"docker0: port 2(veth3b4ff4f) entered forwarding state"}
2026-01-06T23:08:01+01:00	syslog.kern.info	{"host":"rc2","ident":"kernel","message":"docker0: port 2(veth3b4ff4f) entered disabled state"}
2026-01-06T23:08:01+01:00	syslog.kern.info	{"host":"rb","ident":"kernel","message":"docker0: port 2(veth3b4ff4f) entered blocking state"}
2026-01-06T23:08:01+01:00	syslog.kern.info	{"host":"rb","ident":"kernel","message":"docker0: port 2(veth3b4ff4f) entered disabled state"}
2026-01-06T23:08:01+01:00	syslog.kern.info	{"host":"rb","ident":"kernel","message":"veth3b4ff4f: entered allmulticast mode"}
2026-01-06T23:08:01+01:00	syslog.kern.info	{"host":"rb","ident":"kernel","message":"veth3b4ff4f: entered promiscuous mode"}
2026-01-06T23:08:01+01:00	syslog.kern.info	{"host":"rb","ident":"kernel","message":"docker0: port 2(veth3b4ff4f) entered blocking state"}
2026-01-06T23:08:01+01:00	syslog.kern.info	{"host":"rb","ident":"kernel","message":"docker0: port 2(veth3b4ff4f) entered forwarding state"}
2026-01-06T23:08:01+01:00	syslog.kern.info	{"host":"rb","ident":"kernel","message":"docker0: port 2(veth3b4ff4f) entered disabled state"}
2026-01-06T23:08:01+01:00	syslog.kern.info	{"host":"ra","ident":"kernel","message":"docker0: port 2(veth3b4ff4f) entered blocking state"}
2026-01-06T23:08:01+01:00	syslog.kern.info	{"host":"ra","ident":"kernel","message":"docker0: port 2(veth3b4ff4f) entered disabled state"}
2026-01-06T23:08:01+01:00	syslog.kern.info	{"host":"ra","ident":"kernel","message":"veth3b4ff4f: entered allmulticast mode"}
2026-01-06T23:08:01+01:00	syslog.kern.info	{"host":"ra","ident":"kernel","message":"veth3b4ff4f: entered promiscuous mode"}
2026-01-06T23:08:01+01:00	syslog.kern.info	{"host":"ra","ident":"kernel","message":"docker0: port 2(veth3b4ff4f) entered blocking state"}
2026-01-06T23:08:01+01:00	syslog.kern.info	{"host":"ra","ident":"kernel","message":"docker0: port 2(veth3b4ff4f) entered forwarding state"}
2026-01-06T23:08:01+01:00	syslog.kern.info	{"host":"ra","ident":"kernel","message":"docker0: port 2(veth3b4ff4f) entered disabled state"}
2026-01-06T23:08:01+01:00	syslog.kern.info	{"host":"rc1","ident":"kernel","message":"docker0: port 2(veth3b4ff4f) entered blocking state"}
2026-01-06T23:08:01+01:00	syslog.kern.info	{"host":"rc1","ident":"kernel","message":"docker0: port 2(veth3b4ff4f) entered forwarding state"}
2026-01-06T23:08:01+01:00	syslog.kern.info	{"host":"rc1","ident":"kernel","message":"docker0: port 2(veth3b4ff4f) entered disabled state"}
2026-01-06T23:08:01+01:00	syslog.kern.info	{"host":"rc1","ident":"kernel","message":"docker0: port 3(vethb789b84) entered blocking state"}
2026-01-06T23:08:01+01:00	syslog.kern.info	{"host":"rc1","ident":"kernel","message":"docker0: port 3(vethb789b84) entered disabled state"}
2026-01-06T23:08:01+01:00	syslog.kern.info	{"host":"rc1","ident":"kernel","message":"vethb789b84: entered allmulticast mode"}
2026-01-06T23:08:01+01:00	syslog.kern.info	{"host":"rc1","ident":"kernel","message":"vethb789b84: entered promiscuous mode"}
2026-01-06T23:08:01+01:00	syslog.kern.info	{"host":"rc2","ident":"kernel","message":"docker0: port 3(vethb789b84) entered blocking state"}
2026-01-06T23:08:01+01:00	syslog.kern.info	{"host":"rc2","ident":"kernel","message":"docker0: port 3(vethb789b84) entered disabled state"}
2026-01-06T23:08:01+01:00	syslog.kern.info	{"host":"rc2","ident":"kernel","message":"vethb789b84: entered allmulticast mode"}
2026-01-06T23:08:01+01:00	syslog.kern.info	{"host":"rc2","ident":"kernel","message":"vethb789b84: entered promiscuous mode"}
2026-01-06T23:08:01+01:00	syslog.kern.info	{"host":"rb","ident":"kernel","message":"docker0: port 3(vethb789b84) entered blocking state"}
2026-01-06T23:08:01+01:00	syslog.kern.info	{"host":"rb","ident":"kernel","message":"docker0: port 3(vethb789b84) entered disabled state"}
2026-01-06T23:08:01+01:00	syslog.kern.info	{"host":"rb","ident":"kernel","message":"vethb789b84: entered allmulticast mode"}
2026-01-06T23:08:01+01:00	syslog.kern.info	{"host":"rb","ident":"kernel","message":"vethb789b84: entered promiscuous mode"}
2026-01-06T23:08:01+01:00	syslog.kern.info	{"host":"ra","ident":"kernel","message":"docker0: port 3(vethb789b84) entered blocking state"}
2026-01-06T23:08:01+01:00	syslog.kern.info	{"host":"ra","ident":"kernel","message":"docker0: port 3(vethb789b84) entered disabled state"}
2026-01-06T23:08:01+01:00	syslog.kern.info	{"host":"ra","ident":"kernel","message":"vethb789b84: entered allmulticast mode"}
2026-01-06T23:08:01+01:00	syslog.kern.info	{"host":"ra","ident":"kernel","message":"vethb789b84: entered promiscuous mode"}
2026-01-06T23:08:01+01:00	syslog.kern.info	{"host":"rb","ident":"kernel","message":"eth0: renamed from veth8b6c447"}
2026-01-06T23:08:01+01:00	syslog.kern.info	{"host":"rc1","ident":"kernel","message":"eth0: renamed from veth8b6c447"}
2026-01-06T23:08:01+01:00	syslog.kern.info	{"host":"ra","ident":"kernel","message":"eth0: renamed from veth8b6c447"}
2026-01-06T23:08:01+01:00	syslog.kern.info	{"host":"rc2","ident":"kernel","message":"eth0: renamed from veth8b6c447"}
2026-01-06T23:08:01+01:00	syslog.kern.info	{"host":"ra","ident":"kernel","message":"docker0: port 3(vethb789b84) entered blocking state"}
2026-01-06T23:08:01+01:00	syslog.kern.info	{"host":"rc1","ident":"kernel","message":"docker0: port 3(vethb789b84) entered blocking state"}
2026-01-06T23:08:01+01:00	syslog.kern.info	{"host":"rc2","ident":"kernel","message":"docker0: port 3(vethb789b84) entered blocking state"}
2026-01-06T23:08:01+01:00	syslog.kern.info	{"host":"rb","ident":"kernel","message":"docker0: port 3(vethb789b84) entered blocking state"}
2026-01-06T23:08:01+01:00	syslog.kern.info	{"host":"ra","ident":"kernel","message":"docker0: port 3(vethb789b84) entered forwarding state"}
2026-01-06T23:08:01+01:00	syslog.kern.info	{"host":"ra","ident":"kernel","message":"docker0: port 3(vethb789b84) entered disabled state"}
2026-01-06T23:08:01+01:00	syslog.kern.info	{"host":"ra","ident":"kernel","message":"docker0: port 1(veth2c3b28d) entered blocking state"}
2026-01-06T23:08:01+01:00	syslog.kern.info	{"host":"ra","ident":"kernel","message":"docker0: port 1(veth2c3b28d) entered forwarding state"}
2026-01-06T23:08:01+01:00	syslog.kern.info	{"host":"rc1","ident":"kernel","message":"docker0: port 3(vethb789b84) entered forwarding state"}
2026-01-06T23:08:01+01:00	syslog.kern.info	{"host":"rc1","ident":"kernel","message":"docker0: port 3(vethb789b84) entered disabled state"}
2026-01-06T23:08:01+01:00	syslog.kern.info	{"host":"rc1","ident":"kernel","message":"docker0: port 1(veth2c3b28d) entered blocking state"}
2026-01-06T23:08:01+01:00	syslog.kern.info	{"host":"rc1","ident":"kernel","message":"docker0: port 1(veth2c3b28d) entered forwarding state"}
2026-01-06T23:08:01+01:00	syslog.kern.info	{"host":"rc2","ident":"kernel","message":"docker0: port 3(vethb789b84) entered forwarding state"}
2026-01-06T23:08:01+01:00	syslog.kern.info	{"host":"rc2","ident":"kernel","message":"docker0: port 3(vethb789b84) entered disabled state"}
2026-01-06T23:08:01+01:00	syslog.kern.info	{"host":"rc2","ident":"kernel","message":"docker0: port 1(veth2c3b28d) entered blocking state"}
2026-01-06T23:08:01+01:00	syslog.kern.info	{"host":"rc2","ident":"kernel","message":"docker0: port 1(veth2c3b28d) entered forwarding state"}
2026-01-06T23:08:01+01:00	syslog.kern.info	{"host":"rb","ident":"kernel","message":"docker0: port 3(vethb789b84) entered forwarding state"}
2026-01-06T23:08:01+01:00	syslog.kern.info	{"host":"rb","ident":"kernel","message":"docker0: port 3(vethb789b84) entered disabled state"}
2026-01-06T23:08:01+01:00	syslog.kern.info	{"host":"rb","ident":"kernel","message":"docker0: port 1(veth2c3b28d) entered blocking state"}
2026-01-06T23:08:01+01:00	syslog.kern.info	{"host":"rb","ident":"kernel","message":"docker0: port 1(veth2c3b28d) entered forwarding state"}
2026-01-06T23:08:01+01:00	syslog.kern.info	{"host":"rc1","ident":"kernel","message":"docker0: port 4(veth176e743) entered blocking state"}
2026-01-06T23:08:01+01:00	syslog.kern.info	{"host":"rb","ident":"kernel","message":"docker0: port 4(veth176e743) entered blocking state"}
2026-01-06T23:08:01+01:00	syslog.kern.info	{"host":"rc2","ident":"kernel","message":"docker0: port 4(veth176e743) entered blocking state"}
2026-01-06T23:08:01+01:00	syslog.kern.info	{"host":"rc1","ident":"kernel","message":"docker0: port 4(veth176e743) entered disabled state"}
2026-01-06T23:08:01+01:00	syslog.kern.info	{"host":"rc1","ident":"kernel","message":"veth176e743: entered allmulticast mode"}
2026-01-06T23:08:01+01:00	syslog.kern.info	{"host":"rc1","ident":"kernel","message":"veth176e743: entered promiscuous mode"}
2026-01-06T23:08:01+01:00	syslog.kern.info	{"host":"rb","ident":"kernel","message":"docker0: port 4(veth176e743) entered disabled state"}
2026-01-06T23:08:01+01:00	syslog.kern.info	{"host":"rb","ident":"kernel","message":"veth176e743: entered allmulticast mode"}
2026-01-06T23:08:01+01:00	syslog.kern.info	{"host":"rb","ident":"kernel","message":"veth176e743: entered promiscuous mode"}
2026-01-06T23:08:01+01:00	syslog.kern.info	{"host":"rb","ident":"kernel","message":"docker0: port 4(veth176e743) entered blocking state"}
2026-01-06T23:08:01+01:00	syslog.kern.info	{"host":"rb","ident":"kernel","message":"docker0: port 4(veth176e743) entered forwarding state"}
2026-01-06T23:08:01+01:00	syslog.kern.info	{"host":"ra","ident":"kernel","message":"docker0: port 4(veth176e743) entered blocking state"}
2026-01-06T23:08:01+01:00	syslog.kern.info	{"host":"ra","ident":"kernel","message":"docker0: port 4(veth176e743) entered disabled state"}
2026-01-06T23:08:01+01:00	syslog.kern.info	{"host":"ra","ident":"kernel","message":"veth176e743: entered allmulticast mode"}
2026-01-06T23:08:01+01:00	syslog.kern.info	{"host":"ra","ident":"kernel","message":"veth176e743: entered promiscuous mode"}
2026-01-06T23:08:01+01:00	syslog.kern.info	{"host":"ra","ident":"kernel","message":"docker0: port 4(veth176e743) entered blocking state"}
2026-01-06T23:08:01+01:00	syslog.kern.info	{"host":"ra","ident":"kernel","message":"docker0: port 4(veth176e743) entered forwarding state"}
2026-01-06T23:08:01+01:00	syslog.kern.info	{"host":"rc2","ident":"kernel","message":"docker0: port 4(veth176e743) entered disabled state"}
2026-01-06T23:08:01+01:00	syslog.kern.info	{"host":"rc2","ident":"kernel","message":"veth176e743: entered allmulticast mode"}
2026-01-06T23:08:01+01:00	syslog.kern.info	{"host":"rc2","ident":"kernel","message":"veth176e743: entered promiscuous mode"}
2026-01-06T23:08:01+01:00	syslog.kern.info	{"host":"rc2","ident":"kernel","message":"docker0: port 4(veth176e743) entered blocking state"}
2026-01-06T23:08:01+01:00	syslog.kern.info	{"host":"rc2","ident":"kernel","message":"docker0: port 4(veth176e743) entered forwarding state"}
2026-01-06T23:08:01+01:00	syslog.kern.info	{"host":"rc1","ident":"kernel","message":"docker0: port 4(veth176e743) entered blocking state"}
2026-01-06T23:08:01+01:00	syslog.kern.info	{"host":"rc1","ident":"kernel","message":"docker0: port 4(veth176e743) entered forwarding state"}
2026-01-06T23:08:01+01:00	syslog.kern.info	{"host":"ra","ident":"kernel","message":"eth0: renamed from vetha0f8a43"}
2026-01-06T23:08:01+01:00	syslog.kern.info	{"host":"rb","ident":"kernel","message":"eth0: renamed from vetha0f8a43"}
2026-01-06T23:08:01+01:00	syslog.kern.info	{"host":"rc1","ident":"kernel","message":"eth0: renamed from vetha0f8a43"}
2026-01-06T23:08:01+01:00	syslog.kern.info	{"host":"rc2","ident":"kernel","message":"eth0: renamed from vetha0f8a43"}
2026-01-06T23:08:01+01:00	syslog.kern.info	{"host":"rb","ident":"kernel","message":"docker0: port 4(veth176e743) entered disabled state"}
2026-01-06T23:08:01+01:00	syslog.kern.info	{"host":"ra","ident":"kernel","message":"docker0: port 4(veth176e743) entered disabled state"}
2026-01-06T23:08:01+01:00	syslog.kern.info	{"host":"rc2","ident":"kernel","message":"docker0: port 4(veth176e743) entered disabled state"}
2026-01-06T23:08:01+01:00	syslog.kern.info	{"host":"rc1","ident":"kernel","message":"docker0: port 4(veth176e743) entered disabled state"}
2026-01-06T23:08:01+01:00	syslog.kern.info	{"host":"rb","ident":"kernel","message":"docker0: port 2(veth3b4ff4f) entered blocking state"}
2026-01-06T23:08:01+01:00	syslog.kern.info	{"host":"rb","ident":"kernel","message":"docker0: port 2(veth3b4ff4f) entered forwarding state"}
2026-01-06T23:08:01+01:00	syslog.kern.info	{"host":"ra","ident":"kernel","message":"docker0: port 2(veth3b4ff4f) entered blocking state"}
2026-01-06T23:08:01+01:00	syslog.kern.info	{"host":"ra","ident":"kernel","message":"docker0: port 2(veth3b4ff4f) entered forwarding state"}
2026-01-06T23:08:01+01:00	syslog.kern.info	{"host":"rc2","ident":"kernel","message":"docker0: port 2(veth3b4ff4f) entered blocking state"}
2026-01-06T23:08:01+01:00	syslog.kern.info	{"host":"rc2","ident":"kernel","message":"docker0: port 2(veth3b4ff4f) entered forwarding state"}
2026-01-06T23:08:01+01:00	syslog.kern.info	{"host":"rc1","ident":"kernel","message":"docker0: port 2(veth3b4ff4f) entered blocking state"}
2026-01-06T23:08:01+01:00	syslog.kern.info	{"host":"rc1","ident":"kernel","message":"docker0: port 2(veth3b4ff4f) entered forwarding state"}
2026-01-06T23:08:01+01:00	syslog.kern.info	{"host":"rc1","ident":"kernel","message":"eth0: renamed from veth481cc4f"}
2026-01-06T23:08:01+01:00	syslog.kern.info	{"host":"ra","ident":"kernel","message":"eth0: renamed from veth481cc4f"}
2026-01-06T23:08:01+01:00	syslog.kern.info	{"host":"rb","ident":"kernel","message":"eth0: renamed from veth481cc4f"}
2026-01-06T23:08:01+01:00	syslog.kern.info	{"host":"rc2","ident":"kernel","message":"eth0: renamed from veth481cc4f"}
2026-01-06T23:08:01+01:00	syslog.kern.info	{"host":"rc2","ident":"kernel","message":"eth0: renamed from veth2298b66"}
2026-01-06T23:08:01+01:00	syslog.kern.info	{"host":"ra","ident":"kernel","message":"eth0: renamed from veth2298b66"}
2026-01-06T23:08:01+01:00	syslog.kern.info	{"host":"rb","ident":"kernel","message":"eth0: renamed from veth2298b66"}
2026-01-06T23:08:01+01:00	syslog.kern.info	{"host":"rc1","ident":"kernel","message":"eth0: renamed from veth2298b66"}
2026-01-06T23:08:01+01:00	syslog.kern.info	{"host":"rc1","ident":"kernel","message":"docker0: port 3(vethb789b84) entered blocking state"}
2026-01-06T23:08:01+01:00	syslog.kern.info	{"host":"ra","ident":"kernel","message":"docker0: port 3(vethb789b84) entered blocking state"}
2026-01-06T23:08:01+01:00	syslog.kern.info	{"host":"rb","ident":"kernel","message":"docker0: port 3(vethb789b84) entered blocking state"}
2026-01-06T23:08:01+01:00	syslog.kern.info	{"host":"rc2","ident":"kernel","message":"docker0: port 3(vethb789b84) entered blocking state"}
2026-01-06T23:08:01+01:00	syslog.kern.info	{"host":"rc1","ident":"kernel","message":"docker0: port 3(vethb789b84) entered forwarding state"}
2026-01-06T23:08:01+01:00	syslog.kern.info	{"host":"rc1","ident":"kernel","message":"docker0: port 4(veth176e743) entered blocking state"}
2026-01-06T23:08:01+01:00	syslog.kern.info	{"host":"rc1","ident":"kernel","message":"docker0: port 4(veth176e743) entered forwarding state"}
2026-01-06T23:08:01+01:00	syslog.kern.info	{"host":"ra","ident":"kernel","message":"docker0: port 3(vethb789b84) entered forwarding state"}
2026-01-06T23:08:01+01:00	syslog.kern.info	{"host":"ra","ident":"kernel","message":"docker0: port 4(veth176e743) entered blocking state"}
2026-01-06T23:08:01+01:00	syslog.kern.info	{"host":"ra","ident":"kernel","message":"docker0: port 4(veth176e743) entered forwarding state"}
2026-01-06T23:08:01+01:00	syslog.kern.info	{"host":"rb","ident":"kernel","message":"docker0: port 3(vethb789b84) entered forwarding state"}
2026-01-06T23:08:01+01:00	syslog.kern.info	{"host":"rb","ident":"kernel","message":"docker0: port 4(veth176e743) entered blocking state"}
2026-01-06T23:08:01+01:00	syslog.kern.info	{"host":"rb","ident":"kernel","message":"docker0: port 4(veth176e743) entered forwarding state"}
2026-01-06T23:08:01+01:00	syslog.kern.info	{"host":"rc2","ident":"kernel","message":"docker0: port 3(vethb789b84) entered forwarding state"}
2026-01-06T23:08:01+01:00	syslog.kern.info	{"host":"rc2","ident":"kernel","message":"docker0: port 4(veth176e743) entered blocking state"}
2026-01-06T23:08:01+01:00	syslog.kern.info	{"host":"rc2","ident":"kernel","message":"docker0: port 4(veth176e743) entered forwarding state"}
2026-01-06T23:08:12+01:00	syslog.kern.info	{"host":"rc1","ident":"kernel","message":"docker0: port 1(veth2c3b28d) entered disabled state"}
2026-01-06T23:08:12+01:00	syslog.kern.info	{"host":"rc1","ident":"kernel","message":"veth8b6c447: renamed from eth0"}
2026-01-06T23:08:12+01:00	syslog.kern.info	{"host":"ra","ident":"kernel","message":"docker0: port 1(veth2c3b28d) entered disabled state"}
2026-01-06T23:08:12+01:00	syslog.kern.info	{"host":"ra","ident":"kernel","message":"veth8b6c447: renamed from eth0"}
2026-01-06T23:08:12+01:00	syslog.kern.info	{"host":"rb","ident":"kernel","message":"docker0: port 1(veth2c3b28d) entered disabled state"}
2026-01-06T23:08:12+01:00	syslog.kern.info	{"host":"rb","ident":"kernel","message":"veth8b6c447: renamed from eth0"}
2026-01-06T23:08:12+01:00	syslog.kern.info	{"host":"rc2","ident":"kernel","message":"docker0: port 1(veth2c3b28d) entered disabled state"}
2026-01-06T23:08:12+01:00	syslog.kern.info	{"host":"rc2","ident":"kernel","message":"veth8b6c447: renamed from eth0"}
2026-01-06T23:08:12+01:00	syslog.kern.info	{"host":"rb","ident":"kernel","message":"docker0: port 5(veth14bd457) entered blocking state"}
2026-01-06T23:08:12+01:00	syslog.kern.info	{"host":"rc2","ident":"kernel","message":"docker0: port 5(veth14bd457) entered blocking state"}
2026-01-06T23:08:12+01:00	syslog.kern.info	{"host":"rc2","ident":"kernel","message":"docker0: port 5(veth14bd457) entered disabled state"}
2026-01-06T23:08:12+01:00	syslog.kern.info	{"host":"rc2","ident":"kernel","message":"veth14bd457: entered allmulticast mode"}
2026-01-06T23:08:12+01:00	syslog.kern.info	{"host":"rc2","ident":"kernel","message":"veth14bd457: entered promiscuous mode"}
2026-01-06T23:08:12+01:00	syslog.kern.info	{"host":"rc1","ident":"kernel","message":"docker0: port 5(veth14bd457) entered blocking state"}
2026-01-06T23:08:12+01:00	syslog.kern.info	{"host":"rc1","ident":"kernel","message":"docker0: port 5(veth14bd457) entered disabled state"}
2026-01-06T23:08:12+01:00	syslog.kern.info	{"host":"rc1","ident":"kernel","message":"veth14bd457: entered allmulticast mode"}
2026-01-06T23:08:12+01:00	syslog.kern.info	{"host":"rc1","ident":"kernel","message":"veth14bd457: entered promiscuous mode"}
2026-01-06T23:08:12+01:00	syslog.kern.info	{"host":"ra","ident":"kernel","message":"docker0: port 5(veth14bd457) entered blocking state"}
2026-01-06T23:08:12+01:00	syslog.kern.info	{"host":"ra","ident":"kernel","message":"docker0: port 5(veth14bd457) entered disabled state"}
2026-01-06T23:08:12+01:00	syslog.kern.info	{"host":"ra","ident":"kernel","message":"veth14bd457: entered allmulticast mode"}
2026-01-06T23:08:12+01:00	syslog.kern.info	{"host":"ra","ident":"kernel","message":"veth14bd457: entered promiscuous mode"}
2026-01-06T23:08:12+01:00	syslog.kern.info	{"host":"ra","ident":"kernel","message":"docker0: port 5(veth14bd457) entered blocking state"}
2026-01-06T23:08:12+01:00	syslog.kern.info	{"host":"ra","ident":"kernel","message":"docker0: port 5(veth14bd457) entered forwarding state"}
2026-01-06T23:08:12+01:00	syslog.kern.info	{"host":"rb","ident":"kernel","message":"docker0: port 5(veth14bd457) entered disabled state"}
2026-01-06T23:08:12+01:00	syslog.kern.info	{"host":"rb","ident":"kernel","message":"veth14bd457: entered allmulticast mode"}
2026-01-06T23:08:12+01:00	syslog.kern.info	{"host":"rb","ident":"kernel","message":"veth14bd457: entered promiscuous mode"}
2026-01-06T23:08:12+01:00	syslog.kern.info	{"host":"rb","ident":"kernel","message":"docker0: port 5(veth14bd457) entered blocking state"}
2026-01-06T23:08:12+01:00	syslog.kern.info	{"host":"rb","ident":"kernel","message":"docker0: port 5(veth14bd457) entered forwarding state"}
2026-01-06T23:08:12+01:00	syslog.kern.info	{"host":"rc2","ident":"kernel","message":"docker0: port 5(veth14bd457) entered blocking state"}
2026-01-06T23:08:12+01:00	syslog.kern.info	{"host":"rc2","ident":"kernel","message":"docker0: port 5(veth14bd457) entered forwarding state"}
2026-01-06T23:08:12+01:00	syslog.kern.info	{"host":"rc1","ident":"kernel","message":"docker0: port 5(veth14bd457) entered blocking state"}
2026-01-06T23:08:12+01:00	syslog.kern.info	{"host":"rc1","ident":"kernel","message":"docker0: port 5(veth14bd457) entered forwarding state"}
2026-01-06T23:08:12+01:00	syslog.kern.info	{"host":"rb","ident":"kernel","message":"docker0: port 1(veth2c3b28d) entered disabled state"}
2026-01-06T23:08:12+01:00	syslog.kern.info	{"host":"rb","ident":"kernel","message":"veth2c3b28d (unregistering): left allmulticast mode"}
2026-01-06T23:08:12+01:00	syslog.kern.info	{"host":"rc2","ident":"kernel","message":"docker0: port 1(veth2c3b28d) entered disabled state"}
2026-01-06T23:08:12+01:00	syslog.kern.info	{"host":"rc2","ident":"kernel","message":"veth2c3b28d (unregistering): left allmulticast mode"}
2026-01-06T23:08:12+01:00	syslog.kern.info	{"host":"rc2","ident":"kernel","message":"veth2c3b28d (unregistering): left promiscuous mode"}
2026-01-06T23:08:12+01:00	syslog.kern.info	{"host":"rc2","ident":"kernel","message":"docker0: port 1(veth2c3b28d) entered disabled state"}
2026-01-06T23:08:12+01:00	syslog.kern.info	{"host":"rc1","ident":"kernel","message":"docker0: port 1(veth2c3b28d) entered disabled state"}
2026-01-06T23:08:12+01:00	syslog.kern.info	{"host":"rc1","ident":"kernel","message":"veth2c3b28d (unregistering): left allmulticast mode"}
2026-01-06T23:08:12+01:00	syslog.kern.info	{"host":"rc1","ident":"kernel","message":"veth2c3b28d (unregistering): left promiscuous mode"}
2026-01-06T23:08:12+01:00	syslog.kern.info	{"host":"rc1","ident":"kernel","message":"docker0: port 1(veth2c3b28d) entered disabled state"}
2026-01-06T23:08:12+01:00	syslog.kern.info	{"host":"ra","ident":"kernel","message":"docker0: port 1(veth2c3b28d) entered disabled state"}
2026-01-06T23:08:12+01:00	syslog.kern.info	{"host":"ra","ident":"kernel","message":"veth2c3b28d (unregistering): left allmulticast mode"}
2026-01-06T23:08:12+01:00	syslog.kern.info	{"host":"ra","ident":"kernel","message":"veth2c3b28d (unregistering): left promiscuous mode"}
2026-01-06T23:08:12+01:00	syslog.kern.info	{"host":"ra","ident":"kernel","message":"docker0: port 1(veth2c3b28d) entered disabled state"}
2026-01-06T23:08:12+01:00	syslog.kern.info	{"host":"rb","ident":"kernel","message":"veth2c3b28d (unregistering): left promiscuous mode"}
2026-01-06T23:08:12+01:00	syslog.kern.info	{"host":"rb","ident":"kernel","message":"docker0: port 1(veth2c3b28d) entered disabled state"}
2026-01-06T23:08:12+01:00	syslog.kern.info	{"host":"rb","ident":"kernel","message":"eth0: renamed from veth5800d1c"}
2026-01-06T23:08:12+01:00	syslog.kern.info	{"host":"ra","ident":"kernel","message":"eth0: renamed from veth5800d1c"}
2026-01-06T23:08:12+01:00	syslog.kern.info	{"host":"rc1","ident":"kernel","message":"eth0: renamed from veth5800d1c"}
2026-01-06T23:08:12+01:00	syslog.kern.info	{"host":"rc2","ident":"kernel","message":"eth0: renamed from veth5800d1c"}
2026-01-06T23:08:17+01:00	syslog.kern.info	{"host":"rc2","ident":"kernel","message":"docker0: port 4(veth176e743) entered disabled state"}
2026-01-06T23:08:17+01:00	syslog.kern.info	{"host":"rc2","ident":"kernel","message":"veth2298b66: renamed from eth0"}
2026-01-06T23:08:17+01:00	syslog.kern.info	{"host":"rb","ident":"kernel","message":"docker0: port 4(veth176e743) entered disabled state"}
2026-01-06T23:08:17+01:00	syslog.kern.info	{"host":"rb","ident":"kernel","message":"veth2298b66: renamed from eth0"}
2026-01-06T23:08:17+01:00	syslog.kern.info	{"host":"rc1","ident":"kernel","message":"docker0: port 4(veth176e743) entered disabled state"}
2026-01-06T23:08:17+01:00	syslog.kern.info	{"host":"rc1","ident":"kernel","message":"veth2298b66: renamed from eth0"}
2026-01-06T23:08:17+01:00	syslog.kern.info	{"host":"ra","ident":"kernel","message":"docker0: port 4(veth176e743) entered disabled state"}
2026-01-06T23:08:17+01:00	syslog.kern.info	{"host":"ra","ident":"kernel","message":"veth2298b66: renamed from eth0"}
2026-01-06T23:08:17+01:00	syslog.kern.info	{"host":"rb","ident":"kernel","message":"docker0: port 1(vetha288d1f) entered blocking state"}
2026-01-06T23:08:17+01:00	syslog.kern.info	{"host":"rb","ident":"kernel","message":"docker0: port 1(vetha288d1f) entered disabled state"}
2026-01-06T23:08:17+01:00	syslog.kern.info	{"host":"rc2","ident":"kernel","message":"docker0: port 1(vetha288d1f) entered blocking state"}
2026-01-06T23:08:17+01:00	syslog.kern.info	{"host":"rc2","ident":"kernel","message":"docker0: port 1(vetha288d1f) entered disabled state"}
2026-01-06T23:08:17+01:00	syslog.kern.info	{"host":"rc2","ident":"kernel","message":"vetha288d1f: entered allmulticast mode"}
2026-01-06T23:08:17+01:00	syslog.kern.info	{"host":"rc2","ident":"kernel","message":"vetha288d1f: entered promiscuous mode"}
2026-01-06T23:11:47+01:00	fluent.info	{"pid":15,"ppid":9,"worker":0,"message":"starting fluentd worker pid=15 ppid=9 worker=0"}
2026-01-06T23:11:47+01:00	fluent.info	{"message":"listening syslog socket on 0.0.0.0:5140 with tcp"}
2026-01-06T23:11:47+01:00	fluent.info	{"port":24224,"bind":"0.0.0.0","message":"listening port port=24224 bind=\"0.0.0.0\""}
2026-01-06T23:11:47+01:00	fluent.info	{"worker":0,"message":"fluentd worker is now running worker=0"}
2026-01-06T23:11:47+01:00	server	{"container_id":"740f5990d82677e50e01e0e8c93129fdeff079945994e23c6b7bb230618a5eb7","container_name":"/docker-server-1","source":"stdout","log":"Hit:1 http://security.ubuntu.com/ubuntu jammy-security InRelease"}
2026-01-06T23:11:47+01:00	server	{"source":"stdout","log":"Hit:2 http://archive.ubuntu.com/ubuntu jammy InRelease","container_id":"740f5990d82677e50e01e0e8c93129fdeff079945994e23c6b7bb230618a5eb7","container_name":"/docker-server-1"}
2026-01-06T23:11:47+01:00	server	{"container_name":"/docker-server-1","source":"stdout","log":"Hit:3 http://archive.ubuntu.com/ubuntu jammy-updates InRelease","container_id":"740f5990d82677e50e01e0e8c93129fdeff079945994e23c6b7bb230618a5eb7"}
2026-01-06T23:11:47+01:00	server	{"container_name":"/docker-server-1","source":"stdout","log":"Hit:4 http://archive.ubuntu.com/ubuntu jammy-backports InRelease","container_id":"740f5990d82677e50e01e0e8c93129fdeff079945994e23c6b7bb230618a5eb7"}
2026-01-06T23:11:47+01:00	rc1	{"container_id":"800d0af421281277b25be35a2684f8c249e5e0c0b47f5288ac130f286cc197a3","container_name":"/docker-rc1-1","source":"stdout","log":" * Starting system logging syslog-ng"}
2026-01-06T23:11:47+01:00	rc1	{"source":"stderr","log":"[2026-01-06T23:11:47.630768] WARNING: Configuration file format is too old, syslog-ng is running in compatibility mode. Please update it to use the syslog-ng 3.35 format at your time of convenience. To upgrade the configuration, please review the warnings about incompatible changes printed by syslog-ng, and once completed change the @version header at the top of the configuration file; config-version='3.27'","container_id":"800d0af421281277b25be35a2684f8c249e5e0c0b47f5288ac130f286cc197a3","container_name":"/docker-rc1-1"}
2026-01-06T23:11:47+01:00	rc1	{"container_id":"800d0af421281277b25be35a2684f8c249e5e0c0b47f5288ac130f286cc197a3","container_name":"/docker-rc1-1","source":"stderr","log":"[2026-01-06T23:11:47.658160] WARNING: The internal_queue_length stat counter has been renamed to internal_source.queued. The old name will be removed in future versions; config-version='3.27'"}
2026-01-06T23:11:47+01:00	rc1	{"container_id":"800d0af421281277b25be35a2684f8c249e5e0c0b47f5288ac130f286cc197a3","container_name":"/docker-rc1-1","source":"stdout","log":"   ...done."}
2026-01-06T23:11:48+01:00	rc1	{"container_id":"800d0af421281277b25be35a2684f8c249e5e0c0b47f5288ac130f286cc197a3","container_name":"/docker-rc1-1","source":"stdout","log":" * Started watchfrr"}
2026-01-06T23:11:48+01:00	rc1	{"container_id":"800d0af421281277b25be35a2684f8c249e5e0c0b47f5288ac130f286cc197a3","container_name":"/docker-rc1-1","source":"stdout","log":""}
2026-01-06T23:11:48+01:00	rc1	{"container_name":"/docker-rc1-1","source":"stdout","log":"Hello, this is FRRouting (version 8.1).","container_id":"800d0af421281277b25be35a2684f8c249e5e0c0b47f5288ac130f286cc197a3"}
2026-01-06T23:11:48+01:00	rc1	{"container_id":"800d0af421281277b25be35a2684f8c249e5e0c0b47f5288ac130f286cc197a3","container_name":"/docker-rc1-1","source":"stdout","log":"Copyright 1996-2005 Kunihiro Ishiguro, et al."}
2026-01-06T23:11:48+01:00	rc1	{"container_id":"800d0af421281277b25be35a2684f8c249e5e0c0b47f5288ac130f286cc197a3","container_name":"/docker-rc1-1","source":"stdout","log":""}
2026-01-06T23:11:48+01:00	rc1	{"log":"rc1# conf t","container_id":"800d0af421281277b25be35a2684f8c249e5e0c0b47f5288ac130f286cc197a3","container_name":"/docker-rc1-1","source":"stdout"}
2026-01-06T23:11:48+01:00	rc1	{"container_id":"800d0af421281277b25be35a2684f8c249e5e0c0b47f5288ac130f286cc197a3","container_name":"/docker-rc1-1","source":"stdout","log":"rc1(config)# log file /shared-volume/frr/frr3.log"}
2026-01-06T23:11:48+01:00	rc1	{"container_name":"/docker-rc1-1","source":"stdout","log":"rc1(config)# router ospf","container_id":"800d0af421281277b25be35a2684f8c249e5e0c0b47f5288ac130f286cc197a3"}
2026-01-06T23:11:48+01:00	rc1	{"container_id":"800d0af421281277b25be35a2684f8c249e5e0c0b47f5288ac130f286cc197a3","container_name":"/docker-rc1-1","source":"stdout","log":"rc1(config-router)# network 10.1.0.0/29 area 0"}
2026-01-06T23:11:48+01:00	rc1	{"source":"stdout","log":"rc1(config-router)# network 10.100.0.0/24 area 0","container_id":"800d0af421281277b25be35a2684f8c249e5e0c0b47f5288ac130f286cc197a3","container_name":"/docker-rc1-1"}
2026-01-06T23:11:48+01:00	rc1	{"container_id":"800d0af421281277b25be35a2684f8c249e5e0c0b47f5288ac130f286cc197a3","container_name":"/docker-rc1-1","source":"stdout","log":"rc1(config-router)# end"}
2026-01-06T23:11:48+01:00	rc1	{"container_id":"800d0af421281277b25be35a2684f8c249e5e0c0b47f5288ac130f286cc197a3","container_name":"/docker-rc1-1","source":"stdout","log":"rc1# "}
2026-01-06T23:11:47+01:00	rb	{"log":" * Starting system logging syslog-ng","container_id":"5eaed63911377fcf106594b746d614482c5d4d60fb939d1e9cd6267956baedb5","container_name":"/docker-rb-1","source":"stdout"}
2026-01-06T23:11:47+01:00	rb	{"container_name":"/docker-rb-1","source":"stderr","log":"[2026-01-06T23:11:47.675906] WARNING: Configuration file format is too old, syslog-ng is running in compatibility mode. Please update it to use the syslog-ng 3.35 format at your time of convenience. To upgrade the configuration, please review the warnings about incompatible changes printed by syslog-ng, and once completed change the @version header at the top of the configuration file; config-version='3.27'","container_id":"5eaed63911377fcf106594b746d614482c5d4d60fb939d1e9cd6267956baedb5"}
2026-01-06T23:11:47+01:00	rb	{"container_id":"5eaed63911377fcf106594b746d614482c5d4d60fb939d1e9cd6267956baedb5","container_name":"/docker-rb-1","source":"stderr","log":"[2026-01-06T23:11:47.712658] WARNING: The internal_queue_length stat counter has been renamed to internal_source.queued. The old name will be removed in future versions; config-version='3.27'"}
2026-01-06T23:11:47+01:00	rb	{"log":"   ...done.","container_id":"5eaed63911377fcf106594b746d614482c5d4d60fb939d1e9cd6267956baedb5","container_name":"/docker-rb-1","source":"stdout"}
2026-01-06T23:11:48+01:00	rb	{"source":"stdout","log":" * Started watchfrr","container_id":"5eaed63911377fcf106594b746d614482c5d4d60fb939d1e9cd6267956baedb5","container_name":"/docker-rb-1"}
2026-01-06T23:11:48+01:00	rb	{"container_id":"5eaed63911377fcf106594b746d614482c5d4d60fb939d1e9cd6267956baedb5","container_name":"/docker-rb-1","source":"stdout","log":""}
2026-01-06T23:11:48+01:00	rb	{"container_id":"5eaed63911377fcf106594b746d614482c5d4d60fb939d1e9cd6267956baedb5","container_name":"/docker-rb-1","source":"stdout","log":"Hello, this is FRRouting (version 8.1)."}
2026-01-06T23:11:48+01:00	rb	{"container_id":"5eaed63911377fcf106594b746d614482c5d4d60fb939d1e9cd6267956baedb5","container_name":"/docker-rb-1","source":"stdout","log":"Copyright 1996-2005 Kunihiro Ishiguro, et al."}
2026-01-06T23:11:48+01:00	rb	{"container_id":"5eaed63911377fcf106594b746d614482c5d4d60fb939d1e9cd6267956baedb5","container_name":"/docker-rb-1","source":"stdout","log":""}
2026-01-06T23:11:48+01:00	rb	{"source":"stdout","log":"rb# conf t","container_id":"5eaed63911377fcf106594b746d614482c5d4d60fb939d1e9cd6267956baedb5","container_name":"/docker-rb-1"}
2026-01-06T23:11:48+01:00	rb	{"source":"stdout","log":"rb(config)# log file /shared-volume/frr/frr2.log","container_id":"5eaed63911377fcf106594b746d614482c5d4d60fb939d1e9cd6267956baedb5","container_name":"/docker-rb-1"}
2026-01-06T23:11:48+01:00	rb	{"container_id":"5eaed63911377fcf106594b746d614482c5d4d60fb939d1e9cd6267956baedb5","container_name":"/docker-rb-1","source":"stdout","log":"rb(config)# router ospf"}
2026-01-06T23:11:48+01:00	rb	{"container_id":"5eaed63911377fcf106594b746d614482c5d4d60fb939d1e9cd6267956baedb5","container_name":"/docker-rb-1","source":"stdout","log":"rb(config-router)# network 10.3.0.0/29 area 0"}
2026-01-06T23:11:48+01:00	rb	{"container_name":"/docker-rb-1","source":"stdout","log":"rb(config-router)# network 10.0.3.0/24 area 0","container_id":"5eaed63911377fcf106594b746d614482c5d4d60fb939d1e9cd6267956baedb5"}
2026-01-06T23:11:48+01:00	rb	{"log":"rb(config-router)# network 10.0.4.0/24 area 0","container_id":"5eaed63911377fcf106594b746d614482c5d4d60fb939d1e9cd6267956baedb5","container_name":"/docker-rb-1","source":"stdout"}
2026-01-06T23:11:48+01:00	rb	{"source":"stdout","log":"rb(config-router)# end","container_id":"5eaed63911377fcf106594b746d614482c5d4d60fb939d1e9cd6267956baedb5","container_name":"/docker-rb-1"}
2026-01-06T23:11:48+01:00	rb	{"source":"stdout","log":"rb# ","container_id":"5eaed63911377fcf106594b746d614482c5d4d60fb939d1e9cd6267956baedb5","container_name":"/docker-rb-1"}
2026-01-06T23:11:47+01:00	ra	{"container_id":"795121ba3dcd037b6ae0235721c3d649a892a5343cf74aa02c2f92a57483a612","container_name":"/docker-ra-1","source":"stdout","log":" * Starting system logging syslog-ng"}
2026-01-06T23:11:47+01:00	ra	{"container_id":"795121ba3dcd037b6ae0235721c3d649a892a5343cf74aa02c2f92a57483a612","container_name":"/docker-ra-1","source":"stderr","log":"[2026-01-06T23:11:47.714336] WARNING: Configuration file format is too old, syslog-ng is running in compatibility mode. Please update it to use the syslog-ng 3.35 format at your time of convenience. To upgrade the configuration, please review the warnings about incompatible changes printed by syslog-ng, and once completed change the @version header at the top of the configuration file; config-version='3.27'"}
2026-01-06T23:11:47+01:00	ra	{"container_id":"795121ba3dcd037b6ae0235721c3d649a892a5343cf74aa02c2f92a57483a612","container_name":"/docker-ra-1","source":"stderr","log":"[2026-01-06T23:11:47.757371] WARNING: The internal_queue_length stat counter has been renamed to internal_source.queued. The old name will be removed in future versions; config-version='3.27'"}
2026-01-06T23:11:47+01:00	ra	{"container_id":"795121ba3dcd037b6ae0235721c3d649a892a5343cf74aa02c2f92a57483a612","container_name":"/docker-ra-1","source":"stdout","log":"   ...done."}
2026-01-06T23:11:48+01:00	ra	{"container_id":"795121ba3dcd037b6ae0235721c3d649a892a5343cf74aa02c2f92a57483a612","container_name":"/docker-ra-1","source":"stdout","log":" * Started watchfrr"}
2026-01-06T23:11:48+01:00	ra	{"container_id":"795121ba3dcd037b6ae0235721c3d649a892a5343cf74aa02c2f92a57483a612","container_name":"/docker-ra-1","source":"stdout","log":""}
2026-01-06T23:11:48+01:00	ra	{"source":"stdout","log":"Hello, this is FRRouting (version 8.1).","container_id":"795121ba3dcd037b6ae0235721c3d649a892a5343cf74aa02c2f92a57483a612","container_name":"/docker-ra-1"}
2026-01-06T23:11:48+01:00	ra	{"container_name":"/docker-ra-1","source":"stdout","log":"Copyright 1996-2005 Kunihiro Ishiguro, et al.","container_id":"795121ba3dcd037b6ae0235721c3d649a892a5343cf74aa02c2f92a57483a612"}
2026-01-06T23:11:48+01:00	ra	{"container_name":"/docker-ra-1","source":"stdout","log":"","container_id":"795121ba3dcd037b6ae0235721c3d649a892a5343cf74aa02c2f92a57483a612"}
2026-01-06T23:11:48+01:00	ra	{"source":"stdout","log":"ra# conf t","container_id":"795121ba3dcd037b6ae0235721c3d649a892a5343cf74aa02c2f92a57483a612","container_name":"/docker-ra-1"}
2026-01-06T23:11:48+01:00	ra	{"container_id":"795121ba3dcd037b6ae0235721c3d649a892a5343cf74aa02c2f92a57483a612","container_name":"/docker-ra-1","source":"stdout","log":"ra(config)# log file /shared-volume/frr/frr1.log"}
2026-01-06T23:11:48+01:00	ra	{"source":"stdout","log":"ra(config)# router ospf","container_id":"795121ba3dcd037b6ae0235721c3d649a892a5343cf74aa02c2f92a57483a612","container_name":"/docker-ra-1"}
2026-01-06T23:11:48+01:00	ra	{"container_name":"/docker-ra-1","source":"stdout","log":"ra(config-router)# network 10.2.0.0/29 area 0","container_id":"795121ba3dcd037b6ae0235721c3d649a892a5343cf74aa02c2f92a57483a612"}
2026-01-06T23:11:48+01:00	ra	{"container_name":"/docker-ra-1","source":"stdout","log":"ra(config-router)# network 10.0.1.0/24 area 0","container_id":"795121ba3dcd037b6ae0235721c3d649a892a5343cf74aa02c2f92a57483a612"}
2026-01-06T23:11:48+01:00	ra	{"container_id":"795121ba3dcd037b6ae0235721c3d649a892a5343cf74aa02c2f92a57483a612","container_name":"/docker-ra-1","source":"stdout","log":"ra(config-router)# network 10.0.2.0/24 area 0"}
2026-01-06T23:11:48+01:00	ra	{"log":"ra(config-router)# end","container_id":"795121ba3dcd037b6ae0235721c3d649a892a5343cf74aa02c2f92a57483a612","container_name":"/docker-ra-1","source":"stdout"}
2026-01-06T23:11:48+01:00	ra	{"container_id":"795121ba3dcd037b6ae0235721c3d649a892a5343cf74aa02c2f92a57483a612","container_name":"/docker-ra-1","source":"stdout","log":"ra# "}
2026-01-06T23:11:48+01:00	server	{"container_id":"740f5990d82677e50e01e0e8c93129fdeff079945994e23c6b7bb230618a5eb7","container_name":"/docker-server-1","source":"stdout","log":"Reading package lists..."}
2026-01-06T23:11:47+01:00	rc2	{"log":" * Starting system logging syslog-ng","container_id":"3d8c2e6e3741ee4369a041fe2bd6201928bc4cdd0ab48fea7be2b346db2bbd8a","container_name":"/docker-rc2-1","source":"stdout"}
2026-01-06T23:11:47+01:00	rc2	{"log":"[2026-01-06T23:11:47.757391] WARNING: Configuration file format is too old, syslog-ng is running in compatibility mode. Please update it to use the syslog-ng 3.35 format at your time of convenience. To upgrade the configuration, please review the warnings about incompatible changes printed by syslog-ng, and once completed change the @version header at the top of the configuration file; config-version='3.27'","container_id":"3d8c2e6e3741ee4369a041fe2bd6201928bc4cdd0ab48fea7be2b346db2bbd8a","container_name":"/docker-rc2-1","source":"stderr"}
2026-01-06T23:11:47+01:00	rc2	{"source":"stderr","log":"[2026-01-06T23:11:47.799869] WARNING: The internal_queue_length stat counter has been renamed to internal_source.queued. The old name will be removed in future versions; config-version='3.27'","container_id":"3d8c2e6e3741ee4369a041fe2bd6201928bc4cdd0ab48fea7be2b346db2bbd8a","container_name":"/docker-rc2-1"}
2026-01-06T23:11:47+01:00	rc2	{"source":"stdout","log":"   ...done.","container_id":"3d8c2e6e3741ee4369a041fe2bd6201928bc4cdd0ab48fea7be2b346db2bbd8a","container_name":"/docker-rc2-1"}
2026-01-06T23:11:48+01:00	rc2	{"source":"stdout","log":" * Started watchfrr","container_id":"3d8c2e6e3741ee4369a041fe2bd6201928bc4cdd0ab48fea7be2b346db2bbd8a","container_name":"/docker-rc2-1"}
2026-01-06T23:11:48+01:00	rc2	{"container_name":"/docker-rc2-1","source":"stdout","log":"","container_id":"3d8c2e6e3741ee4369a041fe2bd6201928bc4cdd0ab48fea7be2b346db2bbd8a"}
2026-01-06T23:11:48+01:00	rc2	{"source":"stdout","log":"Hello, this is FRRouting (version 8.1).","container_id":"3d8c2e6e3741ee4369a041fe2bd6201928bc4cdd0ab48fea7be2b346db2bbd8a","container_name":"/docker-rc2-1"}
2026-01-06T23:11:48+01:00	rc2	{"source":"stdout","log":"Copyright 1996-2005 Kunihiro Ishiguro, et al.","container_id":"3d8c2e6e3741ee4369a041fe2bd6201928bc4cdd0ab48fea7be2b346db2bbd8a","container_name":"/docker-rc2-1"}
2026-01-06T23:11:48+01:00	rc2	{"container_id":"3d8c2e6e3741ee4369a041fe2bd6201928bc4cdd0ab48fea7be2b346db2bbd8a","container_name":"/docker-rc2-1","source":"stdout","log":""}
2026-01-06T23:11:48+01:00	rc2	{"container_id":"3d8c2e6e3741ee4369a041fe2bd6201928bc4cdd0ab48fea7be2b346db2bbd8a","container_name":"/docker-rc2-1","source":"stdout","log":"rc2# conf t"}
2026-01-06T23:11:48+01:00	rc2	{"source":"stdout","log":"rc2(config)# log file /shared-volume/frr/frr4.log","container_id":"3d8c2e6e3741ee4369a041fe2bd6201928bc4cdd0ab48fea7be2b346db2bbd8a","container_name":"/docker-rc2-1"}
2026-01-06T23:11:48+01:00	rc2	{"container_id":"3d8c2e6e3741ee4369a041fe2bd6201928bc4cdd0ab48fea7be2b346db2bbd8a","container_name":"/docker-rc2-1","source":"stdout","log":"rc2(config)# router ospf"}
2026-01-06T23:11:48+01:00	rc2	{"container_id":"3d8c2e6e3741ee4369a041fe2bd6201928bc4cdd0ab48fea7be2b346db2bbd8a","container_name":"/docker-rc2-1","source":"stdout","log":"rc2(config-router)# network 10.1.0.0/29 area 0"}
2026-01-06T23:11:48+01:00	rc2	{"source":"stdout","log":"rc2(config-router)# network 10.2.0.0/29 area 0","container_id":"3d8c2e6e3741ee4369a041fe2bd6201928bc4cdd0ab48fea7be2b346db2bbd8a","container_name":"/docker-rc2-1"}
2026-01-06T23:11:48+01:00	rc2	{"container_id":"3d8c2e6e3741ee4369a041fe2bd6201928bc4cdd0ab48fea7be2b346db2bbd8a","container_name":"/docker-rc2-1","source":"stdout","log":"rc2(config-router)# network 10.3.0.0/29 area 0"}
2026-01-06T23:11:48+01:00	rc2	{"container_name":"/docker-rc2-1","source":"stdout","log":"rc2(config-router)# end","container_id":"3d8c2e6e3741ee4369a041fe2bd6201928bc4cdd0ab48fea7be2b346db2bbd8a"}
2026-01-06T23:11:48+01:00	rc2	{"container_id":"3d8c2e6e3741ee4369a041fe2bd6201928bc4cdd0ab48fea7be2b346db2bbd8a","container_name":"/docker-rc2-1","source":"stdout","log":"rc2# "}
2026-01-06T23:11:49+01:00	server	{"container_id":"740f5990d82677e50e01e0e8c93129fdeff079945994e23c6b7bb230618a5eb7","container_name":"/docker-server-1","source":"stdout","log":"Reading package lists..."}
2026-01-06T23:11:49+01:00	server	{"source":"stdout","log":"Building dependency tree...","container_id":"740f5990d82677e50e01e0e8c93129fdeff079945994e23c6b7bb230618a5eb7","container_name":"/docker-server-1"}
2026-01-06T23:11:49+01:00	server	{"container_id":"740f5990d82677e50e01e0e8c93129fdeff079945994e23c6b7bb230618a5eb7","container_name":"/docker-server-1","source":"stdout","log":"Reading state information..."}
2026-01-06T23:11:49+01:00	server	{"container_id":"740f5990d82677e50e01e0e8c93129fdeff079945994e23c6b7bb230618a5eb7","container_name":"/docker-server-1","source":"stderr","log":"E: Unable to locate package linux-headers-6.6.87.2-microsoft-standard-WSL2"}
2026-01-06T23:11:49+01:00	server	{"container_id":"740f5990d82677e50e01e0e8c93129fdeff079945994e23c6b7bb230618a5eb7","container_name":"/docker-server-1","source":"stderr","log":"E: Couldn't find any package by glob 'linux-headers-6.6.87.2-microsoft-standard-WSL2'"}
2026-01-06T23:11:49+01:00	server	{"container_name":"/docker-server-1","source":"stderr","log":"E: Couldn't find any package by regex 'linux-headers-6.6.87.2-microsoft-standard-WSL2'","container_id":"740f5990d82677e50e01e0e8c93129fdeff079945994e23c6b7bb230618a5eb7"}
2026-01-06T23:11:49+01:00	server	{"container_id":"740f5990d82677e50e01e0e8c93129fdeff079945994e23c6b7bb230618a5eb7","container_name":"/docker-server-1","source":"stdout","log":""}
2026-01-06T23:11:49+01:00	server	{"container_id":"740f5990d82677e50e01e0e8c93129fdeff079945994e23c6b7bb230618a5eb7","container_name":"/docker-server-1","source":"stdout","log":"> my-test-server@1.0.0 start"}
2026-01-06T23:11:49+01:00	server	{"log":"> node server.js","container_id":"740f5990d82677e50e01e0e8c93129fdeff079945994e23c6b7bb230618a5eb7","container_name":"/docker-server-1","source":"stdout"}
2026-01-06T23:11:49+01:00	server	{"log":"","container_id":"740f5990d82677e50e01e0e8c93129fdeff079945994e23c6b7bb230618a5eb7","container_name":"/docker-server-1","source":"stdout"}
2026-01-06T23:11:49+01:00	server	{"container_name":"/docker-server-1","source":"stdout","log":"Server is listening at http://localhost:3000","container_id":"740f5990d82677e50e01e0e8c93129fdeff079945994e23c6b7bb230618a5eb7"}
2026-01-06T23:11:47+01:00	syslog.syslog.notice	{"host":"rc1","ident":"syslog-ng","pid":"17","message":"syslog-ng starting up; version='3.35.1'"}
2026-01-06T23:11:47+01:00	syslog.syslog.err	{"host":"rc1","ident":"syslog-ng","pid":"17","message":"Syslog connection failed; fd='15', server='AF_INET(10.100.0.3:5140)', error='Connection refused (111)', time_reopen='60'"}
2026-01-06T23:11:47+01:00	syslog.daemon.notice	{"host":"rc1","ident":"watchfrr","pid":"38","message":"[T83RR-8SM5G] watchfrr 8.1 starting: vty@0"}
2026-01-06T23:11:47+01:00	syslog.daemon.info	{"host":"rc1","ident":"watchfrr","pid":"38","message":"[ZCJ3S-SPH5S] zebra state -> down : initial connection attempt failed"}
2026-01-06T23:11:47+01:00	syslog.daemon.info	{"host":"rc1","ident":"watchfrr","pid":"38","message":"[ZCJ3S-SPH5S] bgpd state -> down : initial connection attempt failed"}
2026-01-06T23:11:47+01:00	syslog.daemon.info	{"host":"rc1","ident":"watchfrr","pid":"38","message":"[ZCJ3S-SPH5S] ospfd state -> down : initial connection attempt failed"}
2026-01-06T23:11:47+01:00	syslog.daemon.info	{"host":"rc1","ident":"watchfrr","pid":"38","message":"[ZCJ3S-SPH5S] staticd state -> down : initial connection attempt failed"}
2026-01-06T23:11:47+01:00	syslog.daemon.info	{"host":"rc1","ident":"watchfrr","pid":"38","message":"[YFT0P-5Q5YX] Forked background command [pid 39]: /usr/lib/frr/watchfrr.sh restart all"}
2026-01-06T23:11:47+01:00	syslog.daemon.err	{"host":"rc1","ident":"watchfrr.sh","pid":"49","message":"Cannot stop staticd: pid file not found"}
2026-01-06T23:11:47+01:00	syslog.daemon.err	{"host":"rc1","ident":"watchfrr.sh","pid":"52","message":"Cannot stop bgpd: pid file not found"}
2026-01-06T23:11:47+01:00	syslog.daemon.err	{"host":"rc1","ident":"watchfrr.sh","pid":"54","message":"Cannot stop zebra: pid file not found"}
2026-01-06T23:11:47+01:00	syslog.daemon.err	{"host":"rc1","ident":"watchfrr.sh","pid":"55","message":"Cannot stop ospfd: pid file not found"}
2026-01-06T23:11:47+01:00	syslog.kern.info	{"host":"rc1","ident":"kernel","message":"br-15843bfba9f4: port 2(veth267b24e) entered blocking state"}
2026-01-06T23:11:47+01:00	syslog.kern.info	{"host":"rc1","ident":"kernel","message":"br-15843bfba9f4: port 2(veth267b24e) entered disabled state"}
2026-01-06T23:11:47+01:00	syslog.kern.info	{"host":"rc1","ident":"kernel","message":"veth267b24e: entered allmulticast mode"}
2026-01-06T23:11:47+01:00	syslog.kern.info	{"host":"rc1","ident":"kernel","message":"veth267b24e: entered promiscuous mode"}
2026-01-06T23:11:47+01:00	syslog.kern.info	{"host":"rc1","ident":"kernel","message":"br-15843bfba9f4: port 2(veth267b24e) entered blocking state"}
2026-01-06T23:11:47+01:00	syslog.kern.info	{"host":"rc1","ident":"kernel","message":"br-15843bfba9f4: port 2(veth267b24e) entered forwarding state"}
2026-01-06T23:11:47+01:00	syslog.kern.info	{"host":"rc1","ident":"kernel","message":"br-c38728f81248: port 2(veth89a1581) entered blocking state"}
2026-01-06T23:11:47+01:00	syslog.kern.info	{"host":"rc1","ident":"kernel","message":"br-c38728f81248: port 2(veth89a1581) entered disabled state"}
2026-01-06T23:11:47+01:00	syslog.kern.info	{"host":"rc1","ident":"kernel","message":"veth89a1581: entered allmulticast mode"}
2026-01-06T23:11:47+01:00	syslog.kern.info	{"host":"rc1","ident":"kernel","message":"veth89a1581: entered promiscuous mode"}
2026-01-06T23:11:47+01:00	syslog.kern.info	{"host":"rc1","ident":"kernel","message":"br-c38728f81248: port 2(veth89a1581) entered blocking state"}
2026-01-06T23:11:47+01:00	syslog.kern.info	{"host":"rc1","ident":"kernel","message":"br-c38728f81248: port 2(veth89a1581) entered forwarding state"}
2026-01-06T23:11:47+01:00	syslog.kern.info	{"host":"rc1","ident":"kernel","message":"br-15843bfba9f4: port 2(veth267b24e) entered disabled state"}
2026-01-06T23:11:47+01:00	syslog.kern.info	{"host":"rc1","ident":"kernel","message":"br-c38728f81248: port 2(veth89a1581) entered disabled state"}
2026-01-06T23:11:47+01:00	syslog.kern.info	{"host":"rc1","ident":"kernel","message":"eth0: renamed from vethd5d8a75"}
2026-01-06T23:11:47+01:00	syslog.kern.info	{"host":"rc1","ident":"kernel","message":"eth0: renamed from veth9443760"}
2026-01-06T23:11:47+01:00	syslog.kern.info	{"host":"rc1","ident":"kernel","message":"br-c38728f81248: port 2(veth89a1581) entered blocking state"}
2026-01-06T23:11:47+01:00	syslog.kern.info	{"host":"rc1","ident":"kernel","message":"br-c38728f81248: port 2(veth89a1581) entered forwarding state"}
2026-01-06T23:11:47+01:00	syslog.kern.info	{"host":"rc1","ident":"kernel","message":"br-15843bfba9f4: port 2(veth267b24e) entered blocking state"}
2026-01-06T23:11:47+01:00	syslog.kern.info	{"host":"rc1","ident":"kernel","message":"br-15843bfba9f4: port 2(veth267b24e) entered forwarding state"}
2026-01-06T23:11:47+01:00	syslog.daemon.info	{"host":"rc1","ident":"zebra","pid":"57","message":"[VTVCM-Y2NW3] Configuration Read in Took: 00:00:00"}
2026-01-06T23:11:47+01:00	syslog.daemon.info	{"host":"rc1","ident":"ospfd","pid":"69","message":"[VTVCM-Y2NW3] Configuration Read in Took: 00:00:00"}
2026-01-06T23:11:47+01:00	syslog.daemon.info	{"host":"rc1","ident":"bgpd","pid":"62","message":"[VTVCM-Y2NW3] Configuration Read in Took: 00:00:00"}
2026-01-06T23:11:47+01:00	syslog.daemon.info	{"host":"rc1","ident":"staticd","pid":"72","message":"[VTVCM-Y2NW3] Configuration Read in Took: 00:00:00"}
2026-01-06T23:11:47+01:00	syslog.daemon.notice	{"host":"rc1","ident":"watchfrr","pid":"38","message":"[QDG3Y-BY5TN] zebra state -> up : connect succeeded"}
2026-01-06T23:11:47+01:00	syslog.daemon.notice	{"host":"rc1","ident":"watchfrr","pid":"38","message":"[QDG3Y-BY5TN] bgpd state -> up : connect succeeded"}
2026-01-06T23:11:47+01:00	syslog.daemon.notice	{"host":"rc1","ident":"watchfrr","pid":"38","message":"[QDG3Y-BY5TN] ospfd state -> up : connect succeeded"}
2026-01-06T23:11:47+01:00	syslog.daemon.notice	{"host":"rc1","ident":"watchfrr","pid":"38","message":"[QDG3Y-BY5TN] staticd state -> up : connect succeeded"}
2026-01-06T23:11:47+01:00	syslog.daemon.notice	{"host":"rc1","ident":"watchfrr","pid":"38","message":"[KWE5Q-QNGFC] all daemons up, doing startup-complete notify"}
2026-01-06T23:11:48+01:00	syslog.kern.info	{"host":"rc1","ident":"kernel","message":"br-d2fe6b3c1cea: port 2(vetha1d3b5e) entered blocking state"}
2026-01-06T23:11:48+01:00	syslog.kern.info	{"host":"rc1","ident":"kernel","message":"br-d2fe6b3c1cea: port 2(vetha1d3b5e) entered disabled state"}
2026-01-06T23:11:48+01:00	syslog.kern.info	{"host":"rc1","ident":"kernel","message":"vetha1d3b5e: entered allmulticast mode"}
2026-01-06T23:11:48+01:00	syslog.kern.info	{"host":"rc1","ident":"kernel","message":"vetha1d3b5e: entered promiscuous mode"}
2026-01-06T23:11:48+01:00	syslog.kern.info	{"host":"rc1","ident":"kernel","message":"br-d2fe6b3c1cea: port 2(vetha1d3b5e) entered blocking state"}
2026-01-06T23:11:48+01:00	syslog.kern.info	{"host":"rc1","ident":"kernel","message":"br-d2fe6b3c1cea: port 2(vetha1d3b5e) entered forwarding state"}
2026-01-06T23:11:48+01:00	syslog.kern.info	{"host":"rc1","ident":"kernel","message":"br-557a17bcc1e4: port 2(vethd6ca8f4) entered blocking state"}
2026-01-06T23:11:48+01:00	syslog.kern.info	{"host":"rc1","ident":"kernel","message":"br-557a17bcc1e4: port 2(vethd6ca8f4) entered disabled state"}
2026-01-06T23:11:48+01:00	syslog.kern.info	{"host":"rc1","ident":"kernel","message":"vethd6ca8f4: entered allmulticast mode"}
2026-01-06T23:11:48+01:00	syslog.kern.info	{"host":"rc1","ident":"kernel","message":"vethd6ca8f4: entered promiscuous mode"}
2026-01-06T23:11:48+01:00	syslog.kern.info	{"host":"rc1","ident":"kernel","message":"br-557a17bcc1e4: port 2(vethd6ca8f4) entered blocking state"}
2026-01-06T23:11:48+01:00	syslog.kern.info	{"host":"rc1","ident":"kernel","message":"br-557a17bcc1e4: port 2(vethd6ca8f4) entered forwarding state"}
2026-01-06T23:11:48+01:00	syslog.kern.info	{"host":"rc1","ident":"kernel","message":"eth0: renamed from veth1305bf6"}
2026-01-06T23:11:48+01:00	syslog.kern.info	{"host":"rc1","ident":"kernel","message":"br-557a17bcc1e4: port 2(vethd6ca8f4) entered disabled state"}
2026-01-06T23:11:48+01:00	syslog.kern.info	{"host":"rc1","ident":"kernel","message":"eth0: renamed from vethffc481e"}
2026-01-06T23:11:48+01:00	syslog.kern.info	{"host":"rc1","ident":"kernel","message":"br-557a17bcc1e4: port 2(vethd6ca8f4) entered blocking state"}
2026-01-06T23:11:48+01:00	syslog.kern.info	{"host":"rc1","ident":"kernel","message":"br-557a17bcc1e4: port 2(vethd6ca8f4) entered forwarding state"}
2026-01-06T23:12:33+01:00	syslog.daemon.info	{"host":"rc1","ident":"ospfd","pid":"69","message":"[S5PCG-77H23] Packet[DD]: Neighbor 10.3.0.3 Negotiation done (Master)."}
2026-01-06T23:12:47+01:00	syslog.syslog.notice	{"host":"rc1","ident":"syslog-ng","pid":"17","message":"Syslog connection established; fd='5', server='AF_INET(10.100.0.3:5140)', local='AF_INET(0.0.0.0:0)'"}
2026-01-06T23:11:47+01:00	syslog.syslog.notice	{"host":"rb","ident":"syslog-ng","pid":"17","message":"syslog-ng starting up; version='3.35.1'"}
2026-01-06T23:11:47+01:00	syslog.syslog.err	{"host":"rb","ident":"syslog-ng","pid":"17","message":"Syslog connection failed; fd='15', server='AF_INET(10.100.0.3:5140)', error='Connection refused (111)', time_reopen='60'"}
2026-01-06T23:11:47+01:00	syslog.daemon.notice	{"host":"rb","ident":"watchfrr","pid":"37","message":"[T83RR-8SM5G] watchfrr 8.1 starting: vty@0"}
2026-01-06T23:11:47+01:00	syslog.daemon.info	{"host":"rb","ident":"watchfrr","pid":"37","message":"[ZCJ3S-SPH5S] zebra state -> down : initial connection attempt failed"}
2026-01-06T23:11:47+01:00	syslog.daemon.info	{"host":"rb","ident":"watchfrr","pid":"37","message":"[ZCJ3S-SPH5S] bgpd state -> down : initial connection attempt failed"}
2026-01-06T23:11:47+01:00	syslog.daemon.info	{"host":"rb","ident":"watchfrr","pid":"37","message":"[ZCJ3S-SPH5S] ospfd state -> down : initial connection attempt failed"}
2026-01-06T23:11:47+01:00	syslog.daemon.info	{"host":"rb","ident":"watchfrr","pid":"37","message":"[ZCJ3S-SPH5S] staticd state -> down : initial connection attempt failed"}
2026-01-06T23:11:47+01:00	syslog.daemon.info	{"host":"rb","ident":"watchfrr","pid":"37","message":"[YFT0P-5Q5YX] Forked background command [pid 38]: /usr/lib/frr/watchfrr.sh restart all"}
2026-01-06T23:11:47+01:00	syslog.daemon.err	{"host":"rb","ident":"watchfrr.sh","pid":"49","message":"Cannot stop ospfd: pid file not found"}
2026-01-06T23:11:47+01:00	syslog.daemon.err	{"host":"rb","ident":"watchfrr.sh","pid":"53","message":"Cannot stop bgpd: pid file not found"}
2026-01-06T23:11:47+01:00	syslog.daemon.err	{"host":"rb","ident":"watchfrr.sh","pid":"51","message":"Cannot stop staticd: pid file not found"}
2026-01-06T23:11:47+01:00	syslog.daemon.err	{"host":"rb","ident":"watchfrr.sh","pid":"54","message":"Cannot stop zebra: pid file not found"}
2026-01-06T23:11:47+01:00	syslog.kern.info	{"host":"rb","ident":"kernel","message":"br-15843bfba9f4: port 2(veth267b24e) entered blocking state"}
2026-01-06T23:11:47+01:00	syslog.kern.info	{"host":"rb","ident":"kernel","message":"br-15843bfba9f4: port 2(veth267b24e) entered disabled state"}
2026-01-06T23:11:47+01:00	syslog.kern.info	{"host":"rb","ident":"kernel","message":"veth267b24e: entered allmulticast mode"}
2026-01-06T23:11:47+01:00	syslog.kern.info	{"host":"rb","ident":"kernel","message":"veth267b24e: entered promiscuous mode"}
2026-01-06T23:11:47+01:00	syslog.kern.info	{"host":"rb","ident":"kernel","message":"br-15843bfba9f4: port 2(veth267b24e) entered blocking state"}
2026-01-06T23:11:47+01:00	syslog.kern.info	{"host":"rb","ident":"kernel","message":"br-15843bfba9f4: port 2(veth267b24e) entered forwarding state"}
2026-01-06T23:11:47+01:00	syslog.kern.info	{"host":"rb","ident":"kernel","message":"br-c38728f81248: port 2(veth89a1581) entered blocking state"}
2026-01-06T23:11:47+01:00	syslog.kern.info	{"host":"rb","ident":"kernel","message":"br-c38728f81248: port 2(veth89a1581) entered disabled state"}
2026-01-06T23:11:47+01:00	syslog.kern.info	{"host":"rb","ident":"kernel","message":"veth89a1581: entered allmulticast mode"}
2026-01-06T23:11:47+01:00	syslog.kern.info	{"host":"rb","ident":"kernel","message":"veth89a1581: entered promiscuous mode"}
2026-01-06T23:11:47+01:00	syslog.kern.info	{"host":"rb","ident":"kernel","message":"br-c38728f81248: port 2(veth89a1581) entered blocking state"}
2026-01-06T23:11:47+01:00	syslog.kern.info	{"host":"rb","ident":"kernel","message":"br-c38728f81248: port 2(veth89a1581) entered forwarding state"}
2026-01-06T23:11:47+01:00	syslog.kern.info	{"host":"rb","ident":"kernel","message":"br-15843bfba9f4: port 2(veth267b24e) entered disabled state"}
2026-01-06T23:11:47+01:00	syslog.kern.info	{"host":"rb","ident":"kernel","message":"br-c38728f81248: port 2(veth89a1581) entered disabled state"}
2026-01-06T23:11:47+01:00	syslog.kern.info	{"host":"rb","ident":"kernel","message":"eth0: renamed from vethd5d8a75"}
2026-01-06T23:11:47+01:00	syslog.kern.info	{"host":"rb","ident":"kernel","message":"eth0: renamed from veth9443760"}
2026-01-06T23:11:47+01:00	syslog.kern.info	{"host":"rb","ident":"kernel","message":"br-c38728f81248: port 2(veth89a1581) entered blocking state"}
2026-01-06T23:11:47+01:00	syslog.kern.info	{"host":"rb","ident":"kernel","message":"br-c38728f81248: port 2(veth89a1581) entered forwarding state"}
2026-01-06T23:11:47+01:00	syslog.kern.info	{"host":"rb","ident":"kernel","message":"br-15843bfba9f4: port 2(veth267b24e) entered blocking state"}
2026-01-06T23:11:47+01:00	syslog.kern.info	{"host":"rb","ident":"kernel","message":"br-15843bfba9f4: port 2(veth267b24e) entered forwarding state"}
2026-01-06T23:11:48+01:00	syslog.kern.info	{"host":"rb","ident":"kernel","message":"br-d2fe6b3c1cea: port 2(vetha1d3b5e) entered blocking state"}
2026-01-06T23:11:48+01:00	syslog.kern.info	{"host":"rb","ident":"kernel","message":"br-d2fe6b3c1cea: port 2(vetha1d3b5e) entered disabled state"}
2026-01-06T23:11:48+01:00	syslog.kern.info	{"host":"rb","ident":"kernel","message":"vetha1d3b5e: entered allmulticast mode"}
2026-01-06T23:11:48+01:00	syslog.kern.info	{"host":"rb","ident":"kernel","message":"vetha1d3b5e: entered promiscuous mode"}
2026-01-06T23:11:48+01:00	syslog.kern.info	{"host":"rb","ident":"kernel","message":"br-d2fe6b3c1cea: port 2(vetha1d3b5e) entered blocking state"}
2026-01-06T23:11:48+01:00	syslog.kern.info	{"host":"rb","ident":"kernel","message":"br-d2fe6b3c1cea: port 2(vetha1d3b5e) entered forwarding state"}
2026-01-06T23:11:48+01:00	syslog.kern.info	{"host":"rb","ident":"kernel","message":"br-557a17bcc1e4: port 2(vethd6ca8f4) entered blocking state"}
2026-01-06T23:11:48+01:00	syslog.kern.info	{"host":"rb","ident":"kernel","message":"br-557a17bcc1e4: port 2(vethd6ca8f4) entered disabled state"}
2026-01-06T23:11:48+01:00	syslog.kern.info	{"host":"rb","ident":"kernel","message":"vethd6ca8f4: entered allmulticast mode"}
2026-01-06T23:11:48+01:00	syslog.kern.info	{"host":"rb","ident":"kernel","message":"vethd6ca8f4: entered promiscuous mode"}
2026-01-06T23:11:48+01:00	syslog.kern.info	{"host":"rb","ident":"kernel","message":"br-557a17bcc1e4: port 2(vethd6ca8f4) entered blocking state"}
2026-01-06T23:11:48+01:00	syslog.kern.info	{"host":"rb","ident":"kernel","message":"br-557a17bcc1e4: port 2(vethd6ca8f4) entered forwarding state"}
2026-01-06T23:11:48+01:00	syslog.kern.info	{"host":"rb","ident":"kernel","message":"eth0: renamed from veth1305bf6"}
2026-01-06T23:11:48+01:00	syslog.kern.info	{"host":"rb","ident":"kernel","message":"br-557a17bcc1e4: port 2(vethd6ca8f4) entered disabled state"}
2026-01-06T23:11:48+01:00	syslog.kern.info	{"host":"rb","ident":"kernel","message":"eth0: renamed from vethffc481e"}
2026-01-06T23:11:48+01:00	syslog.daemon.info	{"host":"rb","ident":"zebra","pid":"57","message":"[VTVCM-Y2NW3] Configuration Read in Took: 00:00:00"}
2026-01-06T23:11:48+01:00	syslog.daemon.info	{"host":"rb","ident":"ospfd","pid":"69","message":"[VTVCM-Y2NW3] Configuration Read in Took: 00:00:00"}
2026-01-06T23:11:48+01:00	syslog.daemon.info	{"host":"rb","ident":"bgpd","pid":"62","message":"[VTVCM-Y2NW3] Configuration Read in Took: 00:00:00"}
2026-01-06T23:11:48+01:00	syslog.daemon.info	{"host":"rb","ident":"staticd","pid":"72","message":"[VTVCM-Y2NW3] Configuration Read in Took: 00:00:00"}
2026-01-06T23:11:48+01:00	syslog.daemon.notice	{"host":"rb","ident":"watchfrr","pid":"37","message":"[QDG3Y-BY5TN] zebra state -> up : connect succeeded"}
2026-01-06T23:11:48+01:00	syslog.daemon.notice	{"host":"rb","ident":"watchfrr","pid":"37","message":"[QDG3Y-BY5TN] bgpd state -> up : connect succeeded"}
2026-01-06T23:11:48+01:00	syslog.daemon.notice	{"host":"rb","ident":"watchfrr","pid":"37","message":"[QDG3Y-BY5TN] ospfd state -> up : connect succeeded"}
2026-01-06T23:11:48+01:00	syslog.daemon.notice	{"host":"rb","ident":"watchfrr","pid":"37","message":"[QDG3Y-BY5TN] staticd state -> up : connect succeeded"}
2026-01-06T23:11:48+01:00	syslog.daemon.notice	{"host":"rb","ident":"watchfrr","pid":"37","message":"[KWE5Q-QNGFC] all daemons up, doing startup-complete notify"}
2026-01-06T23:11:48+01:00	syslog.kern.info	{"host":"rb","ident":"kernel","message":"br-557a17bcc1e4: port 2(vethd6ca8f4) entered blocking state"}
2026-01-06T23:11:48+01:00	syslog.kern.info	{"host":"rb","ident":"kernel","message":"br-557a17bcc1e4: port 2(vethd6ca8f4) entered forwarding state"}
2026-01-06T23:12:33+01:00	syslog.daemon.info	{"host":"rb","ident":"ospfd","pid":"69","message":"[S5PCG-77H23] Packet[DD]: Neighbor 10.3.0.3 Negotiation done (Master)."}
2026-01-06T23:12:47+01:00	syslog.syslog.notice	{"host":"rb","ident":"syslog-ng","pid":"17","message":"Syslog connection established; fd='5', server='AF_INET(10.100.0.3:5140)', local='AF_INET(0.0.0.0:0)'"}
2026-01-06T23:11:47+01:00	syslog.syslog.notice	{"host":"ra","ident":"syslog-ng","pid":"17","message":"syslog-ng starting up; version='3.35.1'"}
2026-01-06T23:11:47+01:00	syslog.syslog.err	{"host":"ra","ident":"syslog-ng","pid":"17","message":"Syslog connection failed; fd='15', server='AF_INET(10.100.0.3:5140)', error='Connection refused (111)', time_reopen='60'"}
2026-01-06T23:11:47+01:00	syslog.kern.info	{"host":"ra","ident":"kernel","message":"br-15843bfba9f4: port 2(veth267b24e) entered blocking state"}
2026-01-06T23:11:47+01:00	syslog.kern.info	{"host":"ra","ident":"kernel","message":"br-15843bfba9f4: port 2(veth267b24e) entered disabled state"}
2026-01-06T23:11:47+01:00	syslog.kern.info	{"host":"ra","ident":"kernel","message":"veth267b24e: entered allmulticast mode"}
2026-01-06T23:11:47+01:00	syslog.kern.info	{"host":"ra","ident":"kernel","message":"veth267b24e: entered promiscuous mode"}
2026-01-06T23:11:47+01:00	syslog.daemon.notice	{"host":"ra","ident":"watchfrr","pid":"38","message":"[T83RR-8SM5G] watchfrr 8.1 starting: vty@0"}
2026-01-06T23:11:47+01:00	syslog.daemon.info	{"host":"ra","ident":"watchfrr","pid":"38","message":"[ZCJ3S-SPH5S] zebra state -> down : initial connection attempt failed"}
2026-01-06T23:11:47+01:00	syslog.daemon.info	{"host":"ra","ident":"watchfrr","pid":"38","message":"[ZCJ3S-SPH5S] bgpd state -> down : initial connection attempt failed"}
2026-01-06T23:11:47+01:00	syslog.daemon.info	{"host":"ra","ident":"watchfrr","pid":"38","message":"[ZCJ3S-SPH5S] ospfd state -> down : initial connection attempt failed"}
2026-01-06T23:11:47+01:00	syslog.daemon.info	{"host":"ra","ident":"watchfrr","pid":"38","message":"[ZCJ3S-SPH5S] staticd state -> down : initial connection attempt failed"}
2026-01-06T23:11:47+01:00	syslog.daemon.info	{"host":"ra","ident":"watchfrr","pid":"38","message":"[YFT0P-5Q5YX] Forked background command [pid 39]: /usr/lib/frr/watchfrr.sh restart all"}
2026-01-06T23:11:47+01:00	syslog.kern.info	{"host":"ra","ident":"kernel","message":"br-15843bfba9f4: port 2(veth267b24e) entered blocking state"}
2026-01-06T23:11:47+01:00	syslog.kern.info	{"host":"ra","ident":"kernel","message":"br-15843bfba9f4: port 2(veth267b24e) entered forwarding state"}
2026-01-06T23:11:47+01:00	syslog.kern.info	{"host":"ra","ident":"kernel","message":"br-c38728f81248: port 2(veth89a1581) entered blocking state"}
2026-01-06T23:11:47+01:00	syslog.kern.info	{"host":"ra","ident":"kernel","message":"br-c38728f81248: port 2(veth89a1581) entered disabled state"}
2026-01-06T23:11:47+01:00	syslog.kern.info	{"host":"ra","ident":"kernel","message":"veth89a1581: entered allmulticast mode"}
2026-01-06T23:11:47+01:00	syslog.kern.info	{"host":"ra","ident":"kernel","message":"veth89a1581: entered promiscuous mode"}
2026-01-06T23:11:47+01:00	syslog.kern.info	{"host":"ra","ident":"kernel","message":"br-c38728f81248: port 2(veth89a1581) entered blocking state"}
2026-01-06T23:11:47+01:00	syslog.kern.info	{"host":"ra","ident":"kernel","message":"br-c38728f81248: port 2(veth89a1581) entered forwarding state"}
2026-01-06T23:11:47+01:00	syslog.daemon.err	{"host":"ra","ident":"watchfrr.sh","pid":"53","message":"Cannot stop ospfd: pid file not found"}
2026-01-06T23:11:47+01:00	syslog.daemon.err	{"host":"ra","ident":"watchfrr.sh","pid":"54","message":"Cannot stop bgpd: pid file not found"}
2026-01-06T23:11:47+01:00	syslog.daemon.err	{"host":"ra","ident":"watchfrr.sh","pid":"50","message":"Cannot stop staticd: pid file not found"}
2026-01-06T23:11:47+01:00	syslog.daemon.err	{"host":"ra","ident":"watchfrr.sh","pid":"56","message":"Cannot stop zebra: pid file not found"}
2026-01-06T23:11:47+01:00	syslog.kern.info	{"host":"ra","ident":"kernel","message":"br-15843bfba9f4: port 2(veth267b24e) entered disabled state"}
2026-01-06T23:11:47+01:00	syslog.kern.info	{"host":"ra","ident":"kernel","message":"br-c38728f81248: port 2(veth89a1581) entered disabled state"}
2026-01-06T23:11:47+01:00	syslog.kern.info	{"host":"ra","ident":"kernel","message":"eth0: renamed from vethd5d8a75"}
2026-01-06T23:11:47+01:00	syslog.kern.info	{"host":"ra","ident":"kernel","message":"eth0: renamed from veth9443760"}
2026-01-06T23:11:47+01:00	syslog.kern.info	{"host":"ra","ident":"kernel","message":"br-c38728f81248: port 2(veth89a1581) entered blocking state"}
2026-01-06T23:11:47+01:00	syslog.kern.info	{"host":"ra","ident":"kernel","message":"br-c38728f81248: port 2(veth89a1581) entered forwarding state"}
2026-01-06T23:11:47+01:00	syslog.kern.info	{"host":"ra","ident":"kernel","message":"br-15843bfba9f4: port 2(veth267b24e) entered blocking state"}
2026-01-06T23:11:47+01:00	syslog.kern.info	{"host":"ra","ident":"kernel","message":"br-15843bfba9f4: port 2(veth267b24e) entered forwarding state"}
2026-01-06T23:11:48+01:00	syslog.kern.info	{"host":"ra","ident":"kernel","message":"br-d2fe6b3c1cea: port 2(vetha1d3b5e) entered blocking state"}
2026-01-06T23:11:48+01:00	syslog.kern.info	{"host":"ra","ident":"kernel","message":"br-d2fe6b3c1cea: port 2(vetha1d3b5e) entered disabled state"}
2026-01-06T23:11:48+01:00	syslog.kern.info	{"host":"ra","ident":"kernel","message":"vetha1d3b5e: entered allmulticast mode"}
2026-01-06T23:11:48+01:00	syslog.kern.info	{"host":"ra","ident":"kernel","message":"vetha1d3b5e: entered promiscuous mode"}
2026-01-06T23:11:48+01:00	syslog.kern.info	{"host":"ra","ident":"kernel","message":"br-d2fe6b3c1cea: port 2(vetha1d3b5e) entered blocking state"}
2026-01-06T23:11:48+01:00	syslog.kern.info	{"host":"ra","ident":"kernel","message":"br-d2fe6b3c1cea: port 2(vetha1d3b5e) entered forwarding state"}
2026-01-06T23:11:48+01:00	syslog.kern.info	{"host":"ra","ident":"kernel","message":"br-557a17bcc1e4: port 2(vethd6ca8f4) entered blocking state"}
2026-01-06T23:11:48+01:00	syslog.kern.info	{"host":"ra","ident":"kernel","message":"br-557a17bcc1e4: port 2(vethd6ca8f4) entered disabled state"}
2026-01-06T23:11:48+01:00	syslog.kern.info	{"host":"ra","ident":"kernel","message":"vethd6ca8f4: entered allmulticast mode"}
2026-01-06T23:11:48+01:00	syslog.kern.info	{"host":"ra","ident":"kernel","message":"vethd6ca8f4: entered promiscuous mode"}
2026-01-06T23:11:48+01:00	syslog.kern.info	{"host":"ra","ident":"kernel","message":"br-557a17bcc1e4: port 2(vethd6ca8f4) entered blocking state"}
2026-01-06T23:11:48+01:00	syslog.kern.info	{"host":"ra","ident":"kernel","message":"br-557a17bcc1e4: port 2(vethd6ca8f4) entered forwarding state"}
2026-01-06T23:11:48+01:00	syslog.kern.info	{"host":"ra","ident":"kernel","message":"eth0: renamed from veth1305bf6"}
2026-01-06T23:11:48+01:00	syslog.kern.info	{"host":"ra","ident":"kernel","message":"br-557a17bcc1e4: port 2(vethd6ca8f4) entered disabled state"}
2026-01-06T23:11:48+01:00	syslog.kern.info	{"host":"ra","ident":"kernel","message":"eth0: renamed from vethffc481e"}
2026-01-06T23:11:48+01:00	syslog.daemon.info	{"host":"ra","ident":"zebra","pid":"58","message":"[VTVCM-Y2NW3] Configuration Read in Took: 00:00:00"}
2026-01-06T23:11:48+01:00	syslog.daemon.info	{"host":"ra","ident":"ospfd","pid":"70","message":"[VTVCM-Y2NW3] Configuration Read in Took: 00:00:00"}
2026-01-06T23:11:48+01:00	syslog.daemon.info	{"host":"ra","ident":"bgpd","pid":"63","message":"[VTVCM-Y2NW3] Configuration Read in Took: 00:00:00"}
2026-01-06T23:11:48+01:00	syslog.daemon.info	{"host":"ra","ident":"staticd","pid":"73","message":"[VTVCM-Y2NW3] Configuration Read in Took: 00:00:00"}
2026-01-06T23:11:48+01:00	syslog.daemon.notice	{"host":"ra","ident":"watchfrr","pid":"38","message":"[QDG3Y-BY5TN] zebra state -> up : connect succeeded"}
2026-01-06T23:11:48+01:00	syslog.daemon.notice	{"host":"ra","ident":"watchfrr","pid":"38","message":"[QDG3Y-BY5TN] bgpd state -> up : connect succeeded"}
2026-01-06T23:11:48+01:00	syslog.daemon.notice	{"host":"ra","ident":"watchfrr","pid":"38","message":"[QDG3Y-BY5TN] ospfd state -> up : connect succeeded"}
2026-01-06T23:11:48+01:00	syslog.daemon.notice	{"host":"ra","ident":"watchfrr","pid":"38","message":"[QDG3Y-BY5TN] staticd state -> up : connect succeeded"}
2026-01-06T23:11:48+01:00	syslog.daemon.notice	{"host":"ra","ident":"watchfrr","pid":"38","message":"[KWE5Q-QNGFC] all daemons up, doing startup-complete notify"}
2026-01-06T23:11:48+01:00	syslog.kern.info	{"host":"ra","ident":"kernel","message":"br-557a17bcc1e4: port 2(vethd6ca8f4) entered blocking state"}
2026-01-06T23:11:48+01:00	syslog.kern.info	{"host":"ra","ident":"kernel","message":"br-557a17bcc1e4: port 2(vethd6ca8f4) entered forwarding state"}
2026-01-06T23:12:47+01:00	syslog.syslog.notice	{"host":"ra","ident":"syslog-ng","pid":"17","message":"Syslog connection established; fd='18', server='AF_INET(10.100.0.3:5140)', local='AF_INET(0.0.0.0:0)'"}
2026-01-06T23:11:47+01:00	syslog.syslog.notice	{"host":"rc2","ident":"syslog-ng","pid":"17","message":"syslog-ng starting up; version='3.35.1'"}
2026-01-06T23:11:47+01:00	syslog.syslog.err	{"host":"rc2","ident":"syslog-ng","pid":"17","message":"Syslog connection failed; fd='15', server='AF_INET(10.100.0.3:5140)', error='Connection refused (111)', time_reopen='60'"}
2026-01-06T23:11:47+01:00	syslog.kern.info	{"host":"rc2","ident":"kernel","message":"br-15843bfba9f4: port 2(veth267b24e) entered blocking state"}
2026-01-06T23:11:47+01:00	syslog.kern.info	{"host":"rc2","ident":"kernel","message":"br-15843bfba9f4: port 2(veth267b24e) entered disabled state"}
2026-01-06T23:11:47+01:00	syslog.kern.info	{"host":"rc2","ident":"kernel","message":"veth267b24e: entered allmulticast mode"}
2026-01-06T23:11:47+01:00	syslog.kern.info	{"host":"rc2","ident":"kernel","message":"veth267b24e: entered promiscuous mode"}
2026-01-06T23:11:47+01:00	syslog.kern.info	{"host":"rc2","ident":"kernel","message":"br-15843bfba9f4: port 2(veth267b24e) entered blocking state"}
2026-01-06T23:11:47+01:00	syslog.kern.info	{"host":"rc2","ident":"kernel","message":"br-15843bfba9f4: port 2(veth267b24e) entered forwarding state"}
2026-01-06T23:11:47+01:00	syslog.kern.info	{"host":"rc2","ident":"kernel","message":"br-c38728f81248: port 2(veth89a1581) entered blocking state"}
2026-01-06T23:11:47+01:00	syslog.kern.info	{"host":"rc2","ident":"kernel","message":"br-c38728f81248: port 2(veth89a1581) entered disabled state"}
2026-01-06T23:11:47+01:00	syslog.kern.info	{"host":"rc2","ident":"kernel","message":"veth89a1581: entered allmulticast mode"}
2026-01-06T23:11:47+01:00	syslog.kern.info	{"host":"rc2","ident":"kernel","message":"veth89a1581: entered promiscuous mode"}
2026-01-06T23:11:47+01:00	syslog.kern.info	{"host":"rc2","ident":"kernel","message":"br-c38728f81248: port 2(veth89a1581) entered blocking state"}
2026-01-06T23:11:47+01:00	syslog.kern.info	{"host":"rc2","ident":"kernel","message":"br-c38728f81248: port 2(veth89a1581) entered forwarding state"}
2026-01-06T23:11:47+01:00	syslog.daemon.notice	{"host":"rc2","ident":"watchfrr","pid":"38","message":"[T83RR-8SM5G] watchfrr 8.1 starting: vty@0"}
2026-01-06T23:11:47+01:00	syslog.daemon.info	{"host":"rc2","ident":"watchfrr","pid":"38","message":"[ZCJ3S-SPH5S] zebra state -> down : initial connection attempt failed"}
2026-01-06T23:11:47+01:00	syslog.daemon.info	{"host":"rc2","ident":"watchfrr","pid":"38","message":"[ZCJ3S-SPH5S] bgpd state -> down : initial connection attempt failed"}
2026-01-06T23:11:47+01:00	syslog.daemon.info	{"host":"rc2","ident":"watchfrr","pid":"38","message":"[ZCJ3S-SPH5S] ospfd state -> down : initial connection attempt failed"}
2026-01-06T23:11:47+01:00	syslog.daemon.info	{"host":"rc2","ident":"watchfrr","pid":"38","message":"[ZCJ3S-SPH5S] staticd state -> down : initial connection attempt failed"}
2026-01-06T23:11:47+01:00	syslog.daemon.info	{"host":"rc2","ident":"watchfrr","pid":"38","message":"[YFT0P-5Q5YX] Forked background command [pid 39]: /usr/lib/frr/watchfrr.sh restart all"}
2026-01-06T23:11:47+01:00	syslog.kern.info	{"host":"rc2","ident":"kernel","message":"br-15843bfba9f4: port 2(veth267b24e) entered disabled state"}
2026-01-06T23:11:47+01:00	syslog.kern.info	{"host":"rc2","ident":"kernel","message":"br-c38728f81248: port 2(veth89a1581) entered disabled state"}
2026-01-06T23:11:47+01:00	syslog.daemon.err	{"host":"rc2","ident":"watchfrr.sh","pid":"51","message":"Cannot stop ospfd: pid file not found"}
2026-01-06T23:11:47+01:00	syslog.daemon.err	{"host":"rc2","ident":"watchfrr.sh","pid":"48","message":"Cannot stop staticd: pid file not found"}
2026-01-06T23:11:47+01:00	syslog.daemon.err	{"host":"rc2","ident":"watchfrr.sh","pid":"54","message":"Cannot stop zebra: pid file not found"}
2026-01-06T23:11:47+01:00	syslog.daemon.err	{"host":"rc2","ident":"watchfrr.sh","pid":"55","message":"Cannot stop bgpd: pid file not found"}
2026-01-06T23:11:47+01:00	syslog.kern.info	{"host":"rc2","ident":"kernel","message":"eth0: renamed from vethd5d8a75"}
2026-01-06T23:11:47+01:00	syslog.kern.info	{"host":"rc2","ident":"kernel","message":"eth0: renamed from veth9443760"}
2026-01-06T23:11:47+01:00	syslog.kern.info	{"host":"rc2","ident":"kernel","message":"br-c38728f81248: port 2(veth89a1581) entered blocking state"}
2026-01-06T23:11:47+01:00	syslog.kern.info	{"host":"rc2","ident":"kernel","message":"br-c38728f81248: port 2(veth89a1581) entered forwarding state"}
2026-01-06T23:11:47+01:00	syslog.kern.info	{"host":"rc2","ident":"kernel","message":"br-15843bfba9f4: port 2(veth267b24e) entered blocking state"}
2026-01-06T23:11:47+01:00	syslog.kern.info	{"host":"rc2","ident":"kernel","message":"br-15843bfba9f4: port 2(veth267b24e) entered forwarding state"}
2026-01-06T23:11:48+01:00	syslog.kern.info	{"host":"rc2","ident":"kernel","message":"br-d2fe6b3c1cea: port 2(vetha1d3b5e) entered blocking state"}
2026-01-06T23:11:48+01:00	syslog.kern.info	{"host":"rc2","ident":"kernel","message":"br-d2fe6b3c1cea: port 2(vetha1d3b5e) entered disabled state"}
2026-01-06T23:11:48+01:00	syslog.kern.info	{"host":"rc2","ident":"kernel","message":"vetha1d3b5e: entered allmulticast mode"}
2026-01-06T23:11:48+01:00	syslog.kern.info	{"host":"rc2","ident":"kernel","message":"vetha1d3b5e: entered promiscuous mode"}
2026-01-06T23:11:48+01:00	syslog.kern.info	{"host":"rc2","ident":"kernel","message":"br-d2fe6b3c1cea: port 2(vetha1d3b5e) entered blocking state"}
2026-01-06T23:11:48+01:00	syslog.kern.info	{"host":"rc2","ident":"kernel","message":"br-d2fe6b3c1cea: port 2(vetha1d3b5e) entered forwarding state"}
2026-01-06T23:11:48+01:00	syslog.kern.info	{"host":"rc2","ident":"kernel","message":"br-557a17bcc1e4: port 2(vethd6ca8f4) entered blocking state"}
2026-01-06T23:11:48+01:00	syslog.kern.info	{"host":"rc2","ident":"kernel","message":"br-557a17bcc1e4: port 2(vethd6ca8f4) entered disabled state"}
2026-01-06T23:11:48+01:00	syslog.kern.info	{"host":"rc2","ident":"kernel","message":"vethd6ca8f4: entered allmulticast mode"}
2026-01-06T23:11:48+01:00	syslog.kern.info	{"host":"rc2","ident":"kernel","message":"vethd6ca8f4: entered promiscuous mode"}
2026-01-06T23:11:48+01:00	syslog.kern.info	{"host":"rc2","ident":"kernel","message":"br-557a17bcc1e4: port 2(vethd6ca8f4) entered blocking state"}
2026-01-06T23:11:48+01:00	syslog.kern.info	{"host":"rc2","ident":"kernel","message":"br-557a17bcc1e4: port 2(vethd6ca8f4) entered forwarding state"}
2026-01-06T23:11:48+01:00	syslog.kern.info	{"host":"rc2","ident":"kernel","message":"eth0: renamed from veth1305bf6"}
2026-01-06T23:11:48+01:00	syslog.kern.info	{"host":"rc2","ident":"kernel","message":"br-557a17bcc1e4: port 2(vethd6ca8f4) entered disabled state"}
2026-01-06T23:11:48+01:00	syslog.kern.info	{"host":"rc2","ident":"kernel","message":"eth0: renamed from vethffc481e"}
2026-01-06T23:11:48+01:00	syslog.kern.info	{"host":"rc2","ident":"kernel","message":"br-557a17bcc1e4: port 2(vethd6ca8f4) entered blocking state"}
2026-01-06T23:11:48+01:00	syslog.kern.info	{"host":"rc2","ident":"kernel","message":"br-557a17bcc1e4: port 2(vethd6ca8f4) entered forwarding state"}
2026-01-06T23:11:48+01:00	syslog.daemon.info	{"host":"rc2","ident":"zebra","pid":"57","message":"[VTVCM-Y2NW3] Configuration Read in Took: 00:00:00"}
2026-01-06T23:11:48+01:00	syslog.daemon.info	{"host":"rc2","ident":"ospfd","pid":"69","message":"[VTVCM-Y2NW3] Configuration Read in Took: 00:00:00"}
2026-01-06T23:11:48+01:00	syslog.daemon.info	{"host":"rc2","ident":"bgpd","pid":"62","message":"[VTVCM-Y2NW3] Configuration Read in Took: 00:00:00"}
2026-01-06T23:11:48+01:00	syslog.daemon.info	{"host":"rc2","ident":"staticd","pid":"72","message":"[VTVCM-Y2NW3] Configuration Read in Took: 00:00:00"}
2026-01-06T23:11:48+01:00	syslog.daemon.notice	{"host":"rc2","ident":"watchfrr","pid":"38","message":"[QDG3Y-BY5TN] zebra state -> up : connect succeeded"}
2026-01-06T23:11:48+01:00	syslog.daemon.notice	{"host":"rc2","ident":"watchfrr","pid":"38","message":"[QDG3Y-BY5TN] bgpd state -> up : connect succeeded"}
2026-01-06T23:11:48+01:00	syslog.daemon.notice	{"host":"rc2","ident":"watchfrr","pid":"38","message":"[QDG3Y-BY5TN] ospfd state -> up : connect succeeded"}
2026-01-06T23:11:48+01:00	syslog.daemon.notice	{"host":"rc2","ident":"watchfrr","pid":"38","message":"[QDG3Y-BY5TN] staticd state -> up : connect succeeded"}
2026-01-06T23:11:48+01:00	syslog.daemon.notice	{"host":"rc2","ident":"watchfrr","pid":"38","message":"[KWE5Q-QNGFC] all daemons up, doing startup-complete notify"}
2026-01-06T23:12:28+01:00	syslog.daemon.info	{"host":"rc2","ident":"ospfd","pid":"69","message":"[S5PCG-77H23] Packet[DD]: Neighbor 10.2.0.4 Negotiation done (Master)."}
2026-01-06T23:12:47+01:00	syslog.syslog.notice	{"host":"rc2","ident":"syslog-ng","pid":"17","message":"Syslog connection established; fd='5', server='AF_INET(10.100.0.3:5140)', local='AF_INET(0.0.0.0:0)'"}
2026-01-06T23:17:25+01:00	syslog.kern.info	{"host":"rb","ident":"kernel","message":"docker0: port 1(veth288b354) entered blocking state"}
2026-01-06T23:17:25+01:00	syslog.kern.info	{"host":"rb","ident":"kernel","message":"docker0: port 1(veth288b354) entered disabled state"}
2026-01-06T23:17:25+01:00	syslog.kern.info	{"host":"ra","ident":"kernel","message":"docker0: port 1(veth288b354) entered blocking state"}
2026-01-06T23:17:25+01:00	syslog.kern.info	{"host":"ra","ident":"kernel","message":"docker0: port 1(veth288b354) entered disabled state"}
2026-01-06T23:17:25+01:00	syslog.kern.info	{"host":"ra","ident":"kernel","message":"veth288b354: entered allmulticast mode"}
2026-01-06T23:17:25+01:00	syslog.kern.info	{"host":"ra","ident":"kernel","message":"veth288b354: entered promiscuous mode"}
2026-01-06T23:17:25+01:00	syslog.kern.info	{"host":"rc1","ident":"kernel","message":"docker0: port 1(veth288b354) entered blocking state"}
2026-01-06T23:17:25+01:00	syslog.kern.info	{"host":"rc1","ident":"kernel","message":"docker0: port 1(veth288b354) entered disabled state"}
2026-01-06T23:17:25+01:00	syslog.kern.info	{"host":"rc1","ident":"kernel","message":"veth288b354: entered allmulticast mode"}
2026-01-06T23:17:25+01:00	syslog.kern.info	{"host":"rc1","ident":"kernel","message":"veth288b354: entered promiscuous mode"}
2026-01-06T23:17:25+01:00	syslog.kern.info	{"host":"rc2","ident":"kernel","message":"docker0: port 1(veth288b354) entered blocking state"}
2026-01-06T23:17:25+01:00	syslog.kern.info	{"host":"rc2","ident":"kernel","message":"docker0: port 1(veth288b354) entered disabled state"}
2026-01-06T23:17:25+01:00	syslog.kern.info	{"host":"rc2","ident":"kernel","message":"veth288b354: entered allmulticast mode"}
2026-01-06T23:17:25+01:00	syslog.kern.info	{"host":"rc2","ident":"kernel","message":"veth288b354: entered promiscuous mode"}
2026-01-06T23:17:25+01:00	syslog.kern.info	{"host":"rb","ident":"kernel","message":"veth288b354: entered allmulticast mode"}
2026-01-06T23:17:25+01:00	syslog.kern.info	{"host":"rb","ident":"kernel","message":"veth288b354: entered promiscuous mode"}
2026-01-06T23:17:25+01:00	syslog.kern.info	{"host":"ra","ident":"kernel","message":"docker0: port 2(veth90902c1) entered blocking state"}
2026-01-06T23:17:25+01:00	syslog.kern.info	{"host":"rc1","ident":"kernel","message":"docker0: port 2(veth90902c1) entered blocking state"}
2026-01-06T23:17:25+01:00	syslog.kern.info	{"host":"rc1","ident":"kernel","message":"docker0: port 2(veth90902c1) entered disabled state"}
2026-01-06T23:17:25+01:00	syslog.kern.info	{"host":"rc1","ident":"kernel","message":"veth90902c1: entered allmulticast mode"}
2026-01-06T23:17:25+01:00	syslog.kern.info	{"host":"rc1","ident":"kernel","message":"veth90902c1: entered promiscuous mode"}
2026-01-06T23:17:25+01:00	syslog.kern.info	{"host":"rb","ident":"kernel","message":"docker0: port 2(veth90902c1) entered blocking state"}
2026-01-06T23:17:25+01:00	syslog.kern.info	{"host":"rb","ident":"kernel","message":"docker0: port 2(veth90902c1) entered disabled state"}
2026-01-06T23:17:25+01:00	syslog.kern.info	{"host":"rb","ident":"kernel","message":"veth90902c1: entered allmulticast mode"}
2026-01-06T23:17:25+01:00	syslog.kern.info	{"host":"rb","ident":"kernel","message":"veth90902c1: entered promiscuous mode"}
2026-01-06T23:17:25+01:00	syslog.kern.info	{"host":"rc2","ident":"kernel","message":"docker0: port 2(veth90902c1) entered blocking state"}
2026-01-06T23:17:25+01:00	syslog.kern.info	{"host":"rc2","ident":"kernel","message":"docker0: port 2(veth90902c1) entered disabled state"}
2026-01-06T23:17:25+01:00	syslog.kern.info	{"host":"rc2","ident":"kernel","message":"veth90902c1: entered allmulticast mode"}
2026-01-06T23:17:25+01:00	syslog.kern.info	{"host":"rc2","ident":"kernel","message":"veth90902c1: entered promiscuous mode"}
2026-01-06T23:17:25+01:00	syslog.kern.info	{"host":"ra","ident":"kernel","message":"docker0: port 2(veth90902c1) entered disabled state"}
2026-01-06T23:17:25+01:00	syslog.kern.info	{"host":"ra","ident":"kernel","message":"veth90902c1: entered allmulticast mode"}
2026-01-06T23:17:25+01:00	syslog.kern.info	{"host":"ra","ident":"kernel","message":"veth90902c1: entered promiscuous mode"}
2026-01-06T23:17:25+01:00	syslog.kern.info	{"host":"ra","ident":"kernel","message":"docker0: port 2(veth90902c1) entered blocking state"}
2026-01-06T23:17:25+01:00	syslog.kern.info	{"host":"ra","ident":"kernel","message":"docker0: port 2(veth90902c1) entered forwarding state"}
2026-01-06T23:17:25+01:00	syslog.kern.info	{"host":"ra","ident":"kernel","message":"docker0: port 2(veth90902c1) entered disabled state"}
2026-01-06T23:17:25+01:00	syslog.kern.info	{"host":"rc1","ident":"kernel","message":"docker0: port 2(veth90902c1) entered blocking state"}
2026-01-06T23:17:25+01:00	syslog.kern.info	{"host":"rc1","ident":"kernel","message":"docker0: port 2(veth90902c1) entered forwarding state"}
2026-01-06T23:17:25+01:00	syslog.kern.info	{"host":"rc1","ident":"kernel","message":"docker0: port 2(veth90902c1) entered disabled state"}
2026-01-06T23:17:25+01:00	syslog.kern.info	{"host":"rb","ident":"kernel","message":"docker0: port 2(veth90902c1) entered blocking state"}
2026-01-06T23:17:25+01:00	syslog.kern.info	{"host":"rb","ident":"kernel","message":"docker0: port 2(veth90902c1) entered forwarding state"}
2026-01-06T23:17:25+01:00	syslog.kern.info	{"host":"rb","ident":"kernel","message":"docker0: port 2(veth90902c1) entered disabled state"}
2026-01-06T23:17:25+01:00	syslog.kern.info	{"host":"rb","ident":"kernel","message":"docker0: port 3(vethaf467a1) entered blocking state"}
2026-01-06T23:17:25+01:00	syslog.kern.info	{"host":"rb","ident":"kernel","message":"docker0: port 3(vethaf467a1) entered disabled state"}
2026-01-06T23:17:25+01:00	syslog.kern.info	{"host":"rb","ident":"kernel","message":"vethaf467a1: entered allmulticast mode"}
2026-01-06T23:17:25+01:00	syslog.kern.info	{"host":"rb","ident":"kernel","message":"vethaf467a1: entered promiscuous mode"}
2026-01-06T23:17:25+01:00	syslog.kern.info	{"host":"rc2","ident":"kernel","message":"docker0: port 2(veth90902c1) entered blocking state"}
2026-01-06T23:17:25+01:00	syslog.kern.info	{"host":"rc2","ident":"kernel","message":"docker0: port 2(veth90902c1) entered forwarding state"}
2026-01-06T23:17:25+01:00	syslog.kern.info	{"host":"rc2","ident":"kernel","message":"docker0: port 2(veth90902c1) entered disabled state"}
2026-01-06T23:17:25+01:00	syslog.kern.info	{"host":"rc2","ident":"kernel","message":"docker0: port 3(vethaf467a1) entered blocking state"}
2026-01-06T23:17:25+01:00	syslog.kern.info	{"host":"rc2","ident":"kernel","message":"docker0: port 3(vethaf467a1) entered disabled state"}
2026-01-06T23:17:25+01:00	syslog.kern.info	{"host":"rc2","ident":"kernel","message":"vethaf467a1: entered allmulticast mode"}
2026-01-06T23:17:25+01:00	syslog.kern.info	{"host":"rc2","ident":"kernel","message":"vethaf467a1: entered promiscuous mode"}
2026-01-06T23:17:25+01:00	syslog.kern.info	{"host":"ra","ident":"kernel","message":"docker0: port 3(vethaf467a1) entered blocking state"}
2026-01-06T23:17:25+01:00	syslog.kern.info	{"host":"ra","ident":"kernel","message":"docker0: port 3(vethaf467a1) entered disabled state"}
2026-01-06T23:17:25+01:00	syslog.kern.info	{"host":"ra","ident":"kernel","message":"vethaf467a1: entered allmulticast mode"}
2026-01-06T23:17:25+01:00	syslog.kern.info	{"host":"ra","ident":"kernel","message":"vethaf467a1: entered promiscuous mode"}
2026-01-06T23:17:25+01:00	syslog.kern.info	{"host":"ra","ident":"kernel","message":"docker0: port 3(vethaf467a1) entered blocking state"}
2026-01-06T23:17:25+01:00	syslog.kern.info	{"host":"ra","ident":"kernel","message":"docker0: port 3(vethaf467a1) entered forwarding state"}
2026-01-06T23:17:25+01:00	syslog.kern.info	{"host":"rc1","ident":"kernel","message":"docker0: port 3(vethaf467a1) entered blocking state"}
2026-01-06T23:17:25+01:00	syslog.kern.info	{"host":"rc1","ident":"kernel","message":"docker0: port 3(vethaf467a1) entered disabled state"}
2026-01-06T23:17:25+01:00	syslog.kern.info	{"host":"rc1","ident":"kernel","message":"vethaf467a1: entered allmulticast mode"}
2026-01-06T23:17:25+01:00	syslog.kern.info	{"host":"rc1","ident":"kernel","message":"vethaf467a1: entered promiscuous mode"}
2026-01-06T23:17:25+01:00	syslog.kern.info	{"host":"rc1","ident":"kernel","message":"docker0: port 3(vethaf467a1) entered blocking state"}
2026-01-06T23:17:25+01:00	syslog.kern.info	{"host":"rc1","ident":"kernel","message":"docker0: port 3(vethaf467a1) entered forwarding state"}
2026-01-06T23:17:25+01:00	syslog.kern.info	{"host":"rb","ident":"kernel","message":"docker0: port 3(vethaf467a1) entered blocking state"}
2026-01-06T23:17:25+01:00	syslog.kern.info	{"host":"rb","ident":"kernel","message":"docker0: port 3(vethaf467a1) entered forwarding state"}
2026-01-06T23:17:25+01:00	syslog.kern.info	{"host":"rc2","ident":"kernel","message":"docker0: port 3(vethaf467a1) entered blocking state"}
2026-01-06T23:17:25+01:00	syslog.kern.info	{"host":"rc2","ident":"kernel","message":"docker0: port 3(vethaf467a1) entered forwarding state"}
2026-01-06T23:17:25+01:00	syslog.kern.info	{"host":"ra","ident":"kernel","message":"docker0: port 3(vethaf467a1) entered disabled state"}
2026-01-06T23:17:25+01:00	syslog.kern.info	{"host":"rc1","ident":"kernel","message":"docker0: port 3(vethaf467a1) entered disabled state"}
2026-01-06T23:17:25+01:00	syslog.kern.info	{"host":"rb","ident":"kernel","message":"docker0: port 3(vethaf467a1) entered disabled state"}
2026-01-06T23:17:25+01:00	syslog.kern.info	{"host":"rc2","ident":"kernel","message":"docker0: port 3(vethaf467a1) entered disabled state"}
2026-01-06T23:17:26+01:00	syslog.kern.info	{"host":"ra","ident":"kernel","message":"eth0: renamed from veth369a488"}
2026-01-06T23:17:26+01:00	syslog.kern.info	{"host":"rc1","ident":"kernel","message":"eth0: renamed from veth369a488"}
2026-01-06T23:17:26+01:00	syslog.kern.info	{"host":"rc2","ident":"kernel","message":"eth0: renamed from veth369a488"}
2026-01-06T23:17:26+01:00	syslog.kern.info	{"host":"rb","ident":"kernel","message":"eth0: renamed from veth369a488"}
2026-01-06T23:17:26+01:00	syslog.kern.info	{"host":"ra","ident":"kernel","message":"docker0: port 3(vethaf467a1) entered blocking state"}
2026-01-06T23:17:26+01:00	syslog.kern.info	{"host":"rc1","ident":"kernel","message":"docker0: port 3(vethaf467a1) entered blocking state"}
2026-01-06T23:17:26+01:00	syslog.kern.info	{"host":"rc2","ident":"kernel","message":"docker0: port 3(vethaf467a1) entered blocking state"}
2026-01-06T23:17:26+01:00	syslog.kern.info	{"host":"rb","ident":"kernel","message":"docker0: port 3(vethaf467a1) entered blocking state"}
2026-01-06T23:17:26+01:00	syslog.kern.info	{"host":"ra","ident":"kernel","message":"docker0: port 3(vethaf467a1) entered forwarding state"}
2026-01-06T23:17:26+01:00	syslog.kern.info	{"host":"ra","ident":"kernel","message":"eth0: renamed from veth9df9360"}
2026-01-06T23:17:26+01:00	syslog.kern.info	{"host":"rc1","ident":"kernel","message":"docker0: port 3(vethaf467a1) entered forwarding state"}
2026-01-06T23:17:26+01:00	syslog.kern.info	{"host":"rc1","ident":"kernel","message":"eth0: renamed from veth9df9360"}
2026-01-06T23:17:26+01:00	syslog.kern.info	{"host":"rc2","ident":"kernel","message":"docker0: port 3(vethaf467a1) entered forwarding state"}
2026-01-06T23:17:26+01:00	syslog.kern.info	{"host":"rc2","ident":"kernel","message":"eth0: renamed from veth9df9360"}
2026-01-06T23:17:26+01:00	syslog.kern.info	{"host":"rb","ident":"kernel","message":"docker0: port 3(vethaf467a1) entered forwarding state"}
2026-01-06T23:17:26+01:00	syslog.kern.info	{"host":"rb","ident":"kernel","message":"eth0: renamed from veth9df9360"}
2026-01-06T23:17:26+01:00	syslog.kern.info	{"host":"rc1","ident":"kernel","message":"eth0: renamed from vethb30d857"}
2026-01-06T23:17:26+01:00	syslog.kern.info	{"host":"ra","ident":"kernel","message":"eth0: renamed from vethb30d857"}
2026-01-06T23:17:26+01:00	syslog.kern.info	{"host":"rb","ident":"kernel","message":"eth0: renamed from vethb30d857"}
2026-01-06T23:17:26+01:00	syslog.kern.info	{"host":"rc2","ident":"kernel","message":"eth0: renamed from vethb30d857"}
2026-01-06T23:17:26+01:00	syslog.kern.info	{"host":"rb","ident":"kernel","message":"docker0: port 2(veth90902c1) entered blocking state"}
2026-01-06T23:17:26+01:00	syslog.kern.info	{"host":"rc1","ident":"kernel","message":"docker0: port 2(veth90902c1) entered blocking state"}
2026-01-06T23:17:26+01:00	syslog.kern.info	{"host":"ra","ident":"kernel","message":"docker0: port 2(veth90902c1) entered blocking state"}
2026-01-06T23:17:26+01:00	syslog.kern.info	{"host":"rc2","ident":"kernel","message":"docker0: port 2(veth90902c1) entered blocking state"}
2026-01-06T23:17:26+01:00	syslog.kern.info	{"host":"rb","ident":"kernel","message":"docker0: port 2(veth90902c1) entered forwarding state"}
2026-01-06T23:17:26+01:00	syslog.kern.info	{"host":"rb","ident":"kernel","message":"docker0: port 1(veth288b354) entered blocking state"}
2026-01-06T23:17:26+01:00	syslog.kern.info	{"host":"rb","ident":"kernel","message":"docker0: port 1(veth288b354) entered forwarding state"}
2026-01-06T23:17:26+01:00	syslog.kern.info	{"host":"rb","ident":"kernel","message":"docker0: port 4(vethbee8f91) entered blocking state"}
2026-01-06T23:17:26+01:00	syslog.kern.info	{"host":"rb","ident":"kernel","message":"docker0: port 4(vethbee8f91) entered disabled state"}
2026-01-06T23:17:26+01:00	syslog.kern.info	{"host":"rb","ident":"kernel","message":"vethbee8f91: entered allmulticast mode"}
2026-01-06T23:17:26+01:00	syslog.kern.info	{"host":"rb","ident":"kernel","message":"vethbee8f91: entered promiscuous mode"}
2026-01-06T23:17:26+01:00	syslog.kern.info	{"host":"rc1","ident":"kernel","message":"docker0: port 2(veth90902c1) entered forwarding state"}
2026-01-06T23:17:26+01:00	syslog.kern.info	{"host":"rc1","ident":"kernel","message":"docker0: port 1(veth288b354) entered blocking state"}
2026-01-06T23:17:26+01:00	syslog.kern.info	{"host":"rc1","ident":"kernel","message":"docker0: port 1(veth288b354) entered forwarding state"}
2026-01-06T23:17:26+01:00	syslog.kern.info	{"host":"rc1","ident":"kernel","message":"docker0: port 4(vethbee8f91) entered blocking state"}
2026-01-06T23:17:26+01:00	syslog.kern.info	{"host":"rc1","ident":"kernel","message":"docker0: port 4(vethbee8f91) entered disabled state"}
2026-01-06T23:17:26+01:00	syslog.kern.info	{"host":"rc1","ident":"kernel","message":"vethbee8f91: entered allmulticast mode"}
2026-01-06T23:17:26+01:00	syslog.kern.info	{"host":"rc1","ident":"kernel","message":"vethbee8f91: entered promiscuous mode"}
2026-01-06T23:17:26+01:00	syslog.kern.info	{"host":"rc1","ident":"kernel","message":"docker0: port 4(vethbee8f91) entered blocking state"}
2026-01-06T23:17:26+01:00	syslog.kern.info	{"host":"ra","ident":"kernel","message":"docker0: port 2(veth90902c1) entered forwarding state"}
2026-01-06T23:17:26+01:00	syslog.kern.info	{"host":"ra","ident":"kernel","message":"docker0: port 1(veth288b354) entered blocking state"}
2026-01-06T23:17:26+01:00	syslog.kern.info	{"host":"ra","ident":"kernel","message":"docker0: port 1(veth288b354) entered forwarding state"}
2026-01-06T23:17:26+01:00	syslog.kern.info	{"host":"ra","ident":"kernel","message":"docker0: port 4(vethbee8f91) entered blocking state"}
2026-01-06T23:17:26+01:00	syslog.kern.info	{"host":"ra","ident":"kernel","message":"docker0: port 4(vethbee8f91) entered disabled state"}
2026-01-06T23:17:26+01:00	syslog.kern.info	{"host":"ra","ident":"kernel","message":"vethbee8f91: entered allmulticast mode"}
2026-01-06T23:17:26+01:00	syslog.kern.info	{"host":"ra","ident":"kernel","message":"vethbee8f91: entered promiscuous mode"}
2026-01-06T23:17:26+01:00	syslog.kern.info	{"host":"ra","ident":"kernel","message":"docker0: port 4(vethbee8f91) entered blocking state"}
2026-01-06T23:17:26+01:00	syslog.kern.info	{"host":"rc2","ident":"kernel","message":"docker0: port 2(veth90902c1) entered forwarding state"}
2026-01-06T23:17:26+01:00	syslog.kern.info	{"host":"rc2","ident":"kernel","message":"docker0: port 1(veth288b354) entered blocking state"}
2026-01-06T23:17:26+01:00	syslog.kern.info	{"host":"rc2","ident":"kernel","message":"docker0: port 1(veth288b354) entered forwarding state"}
2026-01-06T23:17:26+01:00	syslog.kern.info	{"host":"rc2","ident":"kernel","message":"docker0: port 4(vethbee8f91) entered blocking state"}
2026-01-06T23:17:26+01:00	syslog.kern.info	{"host":"rc2","ident":"kernel","message":"docker0: port 4(vethbee8f91) entered disabled state"}
2026-01-06T23:17:26+01:00	syslog.kern.info	{"host":"rc2","ident":"kernel","message":"vethbee8f91: entered allmulticast mode"}
2026-01-06T23:17:26+01:00	syslog.kern.info	{"host":"rc2","ident":"kernel","message":"vethbee8f91: entered promiscuous mode"}
2026-01-06T23:17:26+01:00	syslog.kern.info	{"host":"rc2","ident":"kernel","message":"docker0: port 4(vethbee8f91) entered blocking state"}
2026-01-06T23:17:26+01:00	syslog.kern.info	{"host":"rb","ident":"kernel","message":"docker0: port 4(vethbee8f91) entered blocking state"}
2026-01-06T23:17:26+01:00	syslog.kern.info	{"host":"rc1","ident":"kernel","message":"docker0: port 4(vethbee8f91) entered forwarding state"}
2026-01-06T23:17:26+01:00	syslog.kern.info	{"host":"ra","ident":"kernel","message":"docker0: port 4(vethbee8f91) entered forwarding state"}
2026-01-06T23:17:26+01:00	syslog.kern.info	{"host":"rc2","ident":"kernel","message":"docker0: port 4(vethbee8f91) entered forwarding state"}
2026-01-06T23:17:26+01:00	syslog.kern.info	{"host":"rb","ident":"kernel","message":"docker0: port 4(vethbee8f91) entered forwarding state"}
2026-01-06T23:17:26+01:00	syslog.kern.info	{"host":"rc2","ident":"kernel","message":"eth0: renamed from veth0ba68eb"}
2026-01-06T23:17:26+01:00	syslog.kern.info	{"host":"rb","ident":"kernel","message":"eth0: renamed from veth0ba68eb"}
2026-01-06T23:17:26+01:00	syslog.kern.info	{"host":"ra","ident":"kernel","message":"eth0: renamed from veth0ba68eb"}
2026-01-06T23:17:26+01:00	syslog.kern.info	{"host":"rc1","ident":"kernel","message":"eth0: renamed from veth0ba68eb"}
2026-01-06T23:17:27+01:00	syslog.kern.info	{"host":"rb","ident":"kernel","message":"docker0: port 3(vethaf467a1) entered disabled state"}
2026-01-06T23:17:27+01:00	syslog.kern.info	{"host":"rb","ident":"kernel","message":"veth369a488: renamed from eth0"}
2026-01-06T23:17:27+01:00	syslog.kern.info	{"host":"rc2","ident":"kernel","message":"docker0: port 3(vethaf467a1) entered disabled state"}
2026-01-06T23:17:27+01:00	syslog.kern.info	{"host":"rc2","ident":"kernel","message":"veth369a488: renamed from eth0"}
2026-01-06T23:17:27+01:00	syslog.kern.info	{"host":"ra","ident":"kernel","message":"docker0: port 3(vethaf467a1) entered disabled state"}
2026-01-06T23:17:27+01:00	syslog.kern.info	{"host":"ra","ident":"kernel","message":"veth369a488: renamed from eth0"}
2026-01-06T23:17:27+01:00	syslog.kern.info	{"host":"rc1","ident":"kernel","message":"docker0: port 3(vethaf467a1) entered disabled state"}
2026-01-06T23:17:27+01:00	syslog.kern.info	{"host":"rc1","ident":"kernel","message":"veth369a488: renamed from eth0"}
2026-01-06T23:17:27+01:00	syslog.kern.info	{"host":"rc1","ident":"kernel","message":"docker0: port 2(veth90902c1) entered disabled state"}
2026-01-06T23:17:27+01:00	syslog.kern.info	{"host":"rc1","ident":"kernel","message":"vethb30d857: renamed from eth0"}
2026-01-06T23:17:27+01:00	syslog.kern.info	{"host":"ra","ident":"kernel","message":"docker0: port 2(veth90902c1) entered disabled state"}
2026-01-06T23:17:27+01:00	syslog.kern.info	{"host":"ra","ident":"kernel","message":"vethb30d857: renamed from eth0"}
2026-01-06T23:17:27+01:00	syslog.kern.info	{"host":"rc2","ident":"kernel","message":"docker0: port 2(veth90902c1) entered disabled state"}
2026-01-06T23:17:27+01:00	syslog.kern.info	{"host":"rc2","ident":"kernel","message":"vethb30d857: renamed from eth0"}
2026-01-06T23:17:27+01:00	syslog.kern.info	{"host":"rb","ident":"kernel","message":"docker0: port 2(veth90902c1) entered disabled state"}
2026-01-06T23:17:27+01:00	syslog.kern.info	{"host":"rb","ident":"kernel","message":"vethb30d857: renamed from eth0"}
2026-01-06T23:17:27+01:00	syslog.kern.info	{"host":"rc2","ident":"kernel","message":"veth9df9360: renamed from eth0"}
2026-01-06T23:17:27+01:00	syslog.kern.info	{"host":"ra","ident":"kernel","message":"veth9df9360: renamed from eth0"}
2026-01-06T23:17:27+01:00	syslog.kern.info	{"host":"rb","ident":"kernel","message":"veth9df9360: renamed from eth0"}
2026-01-06T23:17:27+01:00	syslog.kern.info	{"host":"rc1","ident":"kernel","message":"veth9df9360: renamed from eth0"}
2026-01-06T23:17:28+01:00	syslog.kern.info	{"host":"ra","ident":"kernel","message":"docker0: port 1(veth288b354) entered disabled state"}
2026-01-06T23:17:28+01:00	syslog.kern.info	{"host":"rc1","ident":"kernel","message":"docker0: port 1(veth288b354) entered disabled state"}
2026-01-06T23:17:28+01:00	syslog.kern.info	{"host":"rc1","ident":"kernel","message":"docker0: port 4(vethbee8f91) entered disabled state"}
2026-01-06T23:17:28+01:00	syslog.kern.info	{"host":"rc1","ident":"kernel","message":"veth0ba68eb: renamed from eth0"}
2026-01-06T23:17:28+01:00	syslog.kern.info	{"host":"rb","ident":"kernel","message":"docker0: port 1(veth288b354) entered disabled state"}
2026-01-06T23:17:28+01:00	syslog.kern.info	{"host":"rb","ident":"kernel","message":"docker0: port 4(vethbee8f91) entered disabled state"}
2026-01-06T23:17:28+01:00	syslog.kern.info	{"host":"rb","ident":"kernel","message":"veth0ba68eb: renamed from eth0"}
2026-01-06T23:17:28+01:00	syslog.kern.info	{"host":"rc2","ident":"kernel","message":"docker0: port 1(veth288b354) entered disabled state"}
2026-01-06T23:17:28+01:00	syslog.kern.info	{"host":"rc2","ident":"kernel","message":"docker0: port 4(vethbee8f91) entered disabled state"}
2026-01-06T23:17:28+01:00	syslog.kern.info	{"host":"rc2","ident":"kernel","message":"veth0ba68eb: renamed from eth0"}
2026-01-06T23:17:28+01:00	syslog.kern.info	{"host":"ra","ident":"kernel","message":"docker0: port 4(vethbee8f91) entered disabled state"}
2026-01-06T23:17:28+01:00	syslog.kern.info	{"host":"ra","ident":"kernel","message":"veth0ba68eb: renamed from eth0"}
2026-01-06T23:17:28+01:00	syslog.kern.info	{"host":"rc1","ident":"kernel","message":"docker0: port 3(vethaf467a1) entered disabled state"}
2026-01-06T23:17:28+01:00	syslog.kern.info	{"host":"rc1","ident":"kernel","message":"vethaf467a1 (unregistering): left allmulticast mode"}
2026-01-06T23:17:28+01:00	syslog.kern.info	{"host":"rc1","ident":"kernel","message":"vethaf467a1 (unregistering): left promiscuous mode"}
2026-01-06T23:17:28+01:00	syslog.kern.info	{"host":"ra","ident":"kernel","message":"docker0: port 3(vethaf467a1) entered disabled state"}
2026-01-06T23:17:28+01:00	syslog.kern.info	{"host":"ra","ident":"kernel","message":"vethaf467a1 (unregistering): left allmulticast mode"}
2026-01-06T23:17:28+01:00	syslog.kern.info	{"host":"ra","ident":"kernel","message":"vethaf467a1 (unregistering): left promiscuous mode"}
2026-01-06T23:17:28+01:00	syslog.kern.info	{"host":"ra","ident":"kernel","message":"docker0: port 3(vethaf467a1) entered disabled state"}
2026-01-06T23:17:28+01:00	syslog.kern.info	{"host":"rb","ident":"kernel","message":"docker0: port 3(vethaf467a1) entered disabled state"}
2026-01-06T23:17:28+01:00	syslog.kern.info	{"host":"rb","ident":"kernel","message":"vethaf467a1 (unregistering): left allmulticast mode"}
2026-01-06T23:17:28+01:00	syslog.kern.info	{"host":"rb","ident":"kernel","message":"vethaf467a1 (unregistering): left promiscuous mode"}
2026-01-06T23:17:28+01:00	syslog.kern.info	{"host":"rb","ident":"kernel","message":"docker0: port 3(vethaf467a1) entered disabled state"}
2026-01-06T23:17:28+01:00	syslog.kern.info	{"host":"rc2","ident":"kernel","message":"docker0: port 3(vethaf467a1) entered disabled state"}
2026-01-06T23:17:28+01:00	syslog.kern.info	{"host":"rc2","ident":"kernel","message":"vethaf467a1 (unregistering): left allmulticast mode"}
2026-01-06T23:17:28+01:00	syslog.kern.info	{"host":"rc2","ident":"kernel","message":"vethaf467a1 (unregistering): left promiscuous mode"}
2026-01-06T23:17:28+01:00	syslog.kern.info	{"host":"rc2","ident":"kernel","message":"docker0: port 3(vethaf467a1) entered disabled state"}
2026-01-06T23:17:28+01:00	syslog.kern.info	{"host":"rc1","ident":"kernel","message":"docker0: port 3(vethaf467a1) entered disabled state"}
2026-01-06T23:17:28+01:00	syslog.kern.info	{"host":"rc1","ident":"kernel","message":"docker0: port 4(vethbee8f91) entered disabled state"}
2026-01-06T23:17:28+01:00	syslog.kern.info	{"host":"rc1","ident":"kernel","message":"vethbee8f91 (unregistering): left allmulticast mode"}
2026-01-06T23:17:28+01:00	syslog.kern.info	{"host":"rc1","ident":"kernel","message":"vethbee8f91 (unregistering): left promiscuous mode"}
2026-01-06T23:17:28+01:00	syslog.kern.info	{"host":"ra","ident":"kernel","message":"docker0: port 4(vethbee8f91) entered disabled state"}
2026-01-06T23:17:28+01:00	syslog.kern.info	{"host":"ra","ident":"kernel","message":"vethbee8f91 (unregistering): left allmulticast mode"}
2026-01-06T23:17:28+01:00	syslog.kern.info	{"host":"ra","ident":"kernel","message":"vethbee8f91 (unregistering): left promiscuous mode"}
2026-01-06T23:17:28+01:00	syslog.kern.info	{"host":"ra","ident":"kernel","message":"docker0: port 4(vethbee8f91) entered disabled state"}
2026-01-06T23:17:28+01:00	syslog.kern.info	{"host":"rb","ident":"kernel","message":"docker0: port 4(vethbee8f91) entered disabled state"}
2026-01-06T23:17:28+01:00	syslog.kern.info	{"host":"rb","ident":"kernel","message":"vethbee8f91 (unregistering): left allmulticast mode"}
2026-01-06T23:17:28+01:00	syslog.kern.info	{"host":"rb","ident":"kernel","message":"vethbee8f91 (unregistering): left promiscuous mode"}
2026-01-06T23:17:28+01:00	syslog.kern.info	{"host":"rb","ident":"kernel","message":"docker0: port 4(vethbee8f91) entered disabled state"}
2026-01-06T23:17:28+01:00	syslog.kern.info	{"host":"rc2","ident":"kernel","message":"docker0: port 4(vethbee8f91) entered disabled state"}
2026-01-06T23:17:28+01:00	syslog.kern.info	{"host":"rc2","ident":"kernel","message":"vethbee8f91 (unregistering): left allmulticast mode"}
2026-01-06T23:17:28+01:00	syslog.kern.info	{"host":"rc2","ident":"kernel","message":"vethbee8f91 (unregistering): left promiscuous mode"}
2026-01-06T23:17:28+01:00	syslog.kern.info	{"host":"rc2","ident":"kernel","message":"docker0: port 4(vethbee8f91) entered disabled state"}
2026-01-06T23:17:28+01:00	syslog.kern.info	{"host":"rc1","ident":"kernel","message":"docker0: port 4(vethbee8f91) entered disabled state"}
2026-01-06T23:17:28+01:00	syslog.kern.info	{"host":"ra","ident":"kernel","message":"docker0: port 2(veth90902c1) entered disabled state"}
2026-01-06T23:17:28+01:00	syslog.kern.info	{"host":"rc1","ident":"kernel","message":"docker0: port 2(veth90902c1) entered disabled state"}
2026-01-06T23:17:28+01:00	syslog.kern.info	{"host":"rc2","ident":"kernel","message":"docker0: port 2(veth90902c1) entered disabled state"}
2026-01-06T23:17:28+01:00	syslog.kern.info	{"host":"rb","ident":"kernel","message":"docker0: port 2(veth90902c1) entered disabled state"}
2026-01-06T23:17:28+01:00	syslog.kern.info	{"host":"ra","ident":"kernel","message":"veth90902c1 (unregistering): left allmulticast mode"}
2026-01-06T23:17:28+01:00	syslog.kern.info	{"host":"ra","ident":"kernel","message":"veth90902c1 (unregistering): left promiscuous mode"}
2026-01-06T23:17:28+01:00	syslog.kern.info	{"host":"ra","ident":"kernel","message":"docker0: port 2(veth90902c1) entered disabled state"}
2026-01-06T23:17:28+01:00	syslog.kern.info	{"host":"rc1","ident":"kernel","message":"veth90902c1 (unregistering): left allmulticast mode"}
2026-01-06T23:17:28+01:00	syslog.kern.info	{"host":"rc1","ident":"kernel","message":"veth90902c1 (unregistering): left promiscuous mode"}
2026-01-06T23:17:28+01:00	syslog.kern.info	{"host":"rc1","ident":"kernel","message":"docker0: port 2(veth90902c1) entered disabled state"}
2026-01-06T23:17:28+01:00	syslog.kern.info	{"host":"rc2","ident":"kernel","message":"veth90902c1 (unregistering): left allmulticast mode"}
2026-01-06T23:17:28+01:00	syslog.kern.info	{"host":"rc2","ident":"kernel","message":"veth90902c1 (unregistering): left promiscuous mode"}
2026-01-06T23:17:28+01:00	syslog.kern.info	{"host":"rc2","ident":"kernel","message":"docker0: port 2(veth90902c1) entered disabled state"}
2026-01-06T23:17:28+01:00	syslog.kern.info	{"host":"rb","ident":"kernel","message":"veth90902c1 (unregistering): left allmulticast mode"}
2026-01-06T23:17:28+01:00	syslog.kern.info	{"host":"rb","ident":"kernel","message":"veth90902c1 (unregistering): left promiscuous mode"}
2026-01-06T23:17:28+01:00	syslog.kern.info	{"host":"rb","ident":"kernel","message":"docker0: port 2(veth90902c1) entered disabled state"}
2026-01-06T23:17:28+01:00	syslog.kern.info	{"host":"rb","ident":"kernel","message":"docker0: port 1(veth288b354) entered disabled state"}
2026-01-06T23:17:28+01:00	syslog.kern.info	{"host":"rc2","ident":"kernel","message":"docker0: port 1(veth288b354) entered disabled state"}
2026-01-06T23:17:28+01:00	syslog.kern.info	{"host":"ra","ident":"kernel","message":"docker0: port 1(veth288b354) entered disabled state"}
2026-01-06T23:17:28+01:00	syslog.kern.info	{"host":"rc1","ident":"kernel","message":"docker0: port 1(veth288b354) entered disabled state"}
2026-01-06T23:17:28+01:00	syslog.kern.info	{"host":"rb","ident":"kernel","message":"veth288b354 (unregistering): left allmulticast mode"}
2026-01-06T23:17:28+01:00	syslog.kern.info	{"host":"rb","ident":"kernel","message":"veth288b354 (unregistering): left promiscuous mode"}
2026-01-06T23:17:28+01:00	syslog.kern.info	{"host":"rb","ident":"kernel","message":"docker0: port 1(veth288b354) entered disabled state"}
2026-01-06T23:17:28+01:00	syslog.kern.info	{"host":"rc2","ident":"kernel","message":"veth288b354 (unregistering): left allmulticast mode"}
2026-01-06T23:17:28+01:00	syslog.kern.info	{"host":"rc2","ident":"kernel","message":"veth288b354 (unregistering): left promiscuous mode"}
2026-01-06T23:17:28+01:00	syslog.kern.info	{"host":"rc2","ident":"kernel","message":"docker0: port 1(veth288b354) entered disabled state"}
2026-01-06T23:17:28+01:00	syslog.kern.info	{"host":"ra","ident":"kernel","message":"veth288b354 (unregistering): left allmulticast mode"}
2026-01-06T23:17:28+01:00	syslog.kern.info	{"host":"ra","ident":"kernel","message":"veth288b354 (unregistering): left promiscuous mode"}
2026-01-06T23:17:28+01:00	syslog.kern.info	{"host":"ra","ident":"kernel","message":"docker0: port 1(veth288b354) entered disabled state"}
2026-01-06T23:17:28+01:00	syslog.kern.info	{"host":"rc1","ident":"kernel","message":"veth288b354 (unregistering): left allmulticast mode"}
2026-01-06T23:17:28+01:00	syslog.kern.info	{"host":"rc1","ident":"kernel","message":"veth288b354 (unregistering): left promiscuous mode"}
2026-01-06T23:17:28+01:00	syslog.kern.info	{"host":"rc1","ident":"kernel","message":"docker0: port 1(veth288b354) entered disabled state"}
2026-01-06T23:17:39+01:00	syslog.kern.info	{"host":"rc1","ident":"kernel","message":"docker0: port 1(veth7a1d879) entered blocking state"}
2026-01-06T23:17:39+01:00	syslog.kern.info	{"host":"rc1","ident":"kernel","message":"docker0: port 1(veth7a1d879) entered disabled state"}
2026-01-06T23:17:39+01:00	syslog.kern.info	{"host":"rc1","ident":"kernel","message":"veth7a1d879: entered allmulticast mode"}
2026-01-06T23:17:39+01:00	syslog.kern.info	{"host":"rc2","ident":"kernel","message":"docker0: port 1(veth7a1d879) entered blocking state"}
2026-01-06T23:17:39+01:00	syslog.kern.info	{"host":"rc2","ident":"kernel","message":"docker0: port 1(veth7a1d879) entered disabled state"}
2026-01-06T23:17:39+01:00	syslog.kern.info	{"host":"rc2","ident":"kernel","message":"veth7a1d879: entered allmulticast mode"}
2026-01-06T23:17:39+01:00	syslog.kern.info	{"host":"rc2","ident":"kernel","message":"veth7a1d879: entered promiscuous mode"}
2026-01-06T23:17:39+01:00	syslog.kern.info	{"host":"ra","ident":"kernel","message":"docker0: port 1(veth7a1d879) entered blocking state"}
2026-01-06T23:17:39+01:00	syslog.kern.info	{"host":"ra","ident":"kernel","message":"docker0: port 1(veth7a1d879) entered disabled state"}
2026-01-06T23:17:39+01:00	syslog.kern.info	{"host":"ra","ident":"kernel","message":"veth7a1d879: entered allmulticast mode"}
2026-01-06T23:17:39+01:00	syslog.kern.info	{"host":"ra","ident":"kernel","message":"veth7a1d879: entered promiscuous mode"}
2026-01-06T23:17:39+01:00	syslog.kern.info	{"host":"rb","ident":"kernel","message":"docker0: port 1(veth7a1d879) entered blocking state"}
2026-01-06T23:17:39+01:00	syslog.kern.info	{"host":"rb","ident":"kernel","message":"docker0: port 1(veth7a1d879) entered disabled state"}
2026-01-06T23:17:39+01:00	syslog.kern.info	{"host":"rb","ident":"kernel","message":"veth7a1d879: entered allmulticast mode"}
2026-01-06T23:17:39+01:00	syslog.kern.info	{"host":"rb","ident":"kernel","message":"veth7a1d879: entered promiscuous mode"}
2026-01-06T23:17:39+01:00	syslog.kern.info	{"host":"rc1","ident":"kernel","message":"veth7a1d879: entered promiscuous mode"}
2026-01-06T23:17:39+01:00	syslog.kern.info	{"host":"rc2","ident":"kernel","message":"docker0: port 2(vethc3f335a) entered blocking state"}
2026-01-06T23:17:39+01:00	syslog.kern.info	{"host":"ra","ident":"kernel","message":"docker0: port 2(vethc3f335a) entered blocking state"}
2026-01-06T23:17:39+01:00	syslog.kern.info	{"host":"ra","ident":"kernel","message":"docker0: port 2(vethc3f335a) entered disabled state"}
2026-01-06T23:17:39+01:00	syslog.kern.info	{"host":"ra","ident":"kernel","message":"vethc3f335a: entered allmulticast mode"}
2026-01-06T23:17:39+01:00	syslog.kern.info	{"host":"ra","ident":"kernel","message":"vethc3f335a: entered promiscuous mode"}
2026-01-06T23:17:39+01:00	syslog.kern.info	{"host":"ra","ident":"kernel","message":"docker0: port 2(vethc3f335a) entered blocking state"}
2026-01-06T23:17:39+01:00	syslog.kern.info	{"host":"ra","ident":"kernel","message":"docker0: port 2(vethc3f335a) entered forwarding state"}
2026-01-06T23:17:39+01:00	syslog.kern.info	{"host":"ra","ident":"kernel","message":"docker0: port 2(vethc3f335a) entered disabled state"}
2026-01-06T23:17:39+01:00	syslog.kern.info	{"host":"rc1","ident":"kernel","message":"docker0: port 2(vethc3f335a) entered blocking state"}
2026-01-06T23:17:39+01:00	syslog.kern.info	{"host":"rc1","ident":"kernel","message":"docker0: port 2(vethc3f335a) entered disabled state"}
2026-01-06T23:17:39+01:00	syslog.kern.info	{"host":"rc1","ident":"kernel","message":"vethc3f335a: entered allmulticast mode"}
2026-01-06T23:17:39+01:00	syslog.kern.info	{"host":"rc1","ident":"kernel","message":"vethc3f335a: entered promiscuous mode"}
2026-01-06T23:17:39+01:00	syslog.kern.info	{"host":"rc1","ident":"kernel","message":"docker0: port 2(vethc3f335a) entered blocking state"}
2026-01-06T23:17:39+01:00	syslog.kern.info	{"host":"rc1","ident":"kernel","message":"docker0: port 2(vethc3f335a) entered forwarding state"}
2026-01-06T23:17:39+01:00	syslog.kern.info	{"host":"rc1","ident":"kernel","message":"docker0: port 2(vethc3f335a) entered disabled state"}
2026-01-06T23:17:39+01:00	syslog.kern.info	{"host":"rb","ident":"kernel","message":"docker0: port 2(vethc3f335a) entered blocking state"}
2026-01-06T23:17:39+01:00	syslog.kern.info	{"host":"rb","ident":"kernel","message":"docker0: port 2(vethc3f335a) entered disabled state"}
2026-01-06T23:17:39+01:00	syslog.kern.info	{"host":"rb","ident":"kernel","message":"vethc3f335a: entered allmulticast mode"}
2026-01-06T23:17:39+01:00	syslog.kern.info	{"host":"rb","ident":"kernel","message":"vethc3f335a: entered promiscuous mode"}
2026-01-06T23:17:39+01:00	syslog.kern.info	{"host":"rb","ident":"kernel","message":"docker0: port 2(vethc3f335a) entered blocking state"}
2026-01-06T23:17:39+01:00	syslog.kern.info	{"host":"rb","ident":"kernel","message":"docker0: port 2(vethc3f335a) entered forwarding state"}
2026-01-06T23:17:39+01:00	syslog.kern.info	{"host":"rb","ident":"kernel","message":"docker0: port 2(vethc3f335a) entered disabled state"}
2026-01-06T23:17:39+01:00	syslog.kern.info	{"host":"rc2","ident":"kernel","message":"docker0: port 2(vethc3f335a) entered disabled state"}
2026-01-06T23:17:39+01:00	syslog.kern.info	{"host":"rc2","ident":"kernel","message":"vethc3f335a: entered allmulticast mode"}
2026-01-06T23:17:39+01:00	syslog.kern.info	{"host":"rc2","ident":"kernel","message":"vethc3f335a: entered promiscuous mode"}
2026-01-06T23:17:39+01:00	syslog.kern.info	{"host":"rc2","ident":"kernel","message":"docker0: port 2(vethc3f335a) entered blocking state"}
2026-01-06T23:17:39+01:00	syslog.kern.info	{"host":"rc2","ident":"kernel","message":"docker0: port 2(vethc3f335a) entered forwarding state"}
2026-01-06T23:17:39+01:00	syslog.kern.info	{"host":"rc2","ident":"kernel","message":"docker0: port 2(vethc3f335a) entered disabled state"}
2026-01-06T23:17:39+01:00	syslog.kern.info	{"host":"rc2","ident":"kernel","message":"docker0: port 3(vethf7fadfe) entered blocking state"}
2026-01-06T23:17:39+01:00	syslog.kern.info	{"host":"rc2","ident":"kernel","message":"docker0: port 3(vethf7fadfe) entered disabled state"}
2026-01-06T23:17:39+01:00	syslog.kern.info	{"host":"rc2","ident":"kernel","message":"vethf7fadfe: entered allmulticast mode"}
2026-01-06T23:17:39+01:00	syslog.kern.info	{"host":"rc2","ident":"kernel","message":"vethf7fadfe: entered promiscuous mode"}
2026-01-06T23:17:39+01:00	syslog.kern.info	{"host":"ra","ident":"kernel","message":"docker0: port 3(vethf7fadfe) entered blocking state"}
2026-01-06T23:17:39+01:00	syslog.kern.info	{"host":"ra","ident":"kernel","message":"docker0: port 3(vethf7fadfe) entered disabled state"}
2026-01-06T23:17:39+01:00	syslog.kern.info	{"host":"ra","ident":"kernel","message":"vethf7fadfe: entered allmulticast mode"}
2026-01-06T23:17:39+01:00	syslog.kern.info	{"host":"ra","ident":"kernel","message":"vethf7fadfe: entered promiscuous mode"}
2026-01-06T23:17:39+01:00	syslog.kern.info	{"host":"ra","ident":"kernel","message":"docker0: port 3(vethf7fadfe) entered blocking state"}
2026-01-06T23:17:39+01:00	syslog.kern.info	{"host":"ra","ident":"kernel","message":"docker0: port 3(vethf7fadfe) entered forwarding state"}
2026-01-06T23:17:39+01:00	syslog.kern.info	{"host":"rc1","ident":"kernel","message":"docker0: port 3(vethf7fadfe) entered blocking state"}
2026-01-06T23:17:39+01:00	syslog.kern.info	{"host":"rc1","ident":"kernel","message":"docker0: port 3(vethf7fadfe) entered disabled state"}
2026-01-06T23:17:39+01:00	syslog.kern.info	{"host":"rc1","ident":"kernel","message":"vethf7fadfe: entered allmulticast mode"}
2026-01-06T23:17:39+01:00	syslog.kern.info	{"host":"rc1","ident":"kernel","message":"vethf7fadfe: entered promiscuous mode"}
2026-01-06T23:17:39+01:00	syslog.kern.info	{"host":"rc1","ident":"kernel","message":"docker0: port 3(vethf7fadfe) entered blocking state"}
2026-01-06T23:17:39+01:00	syslog.kern.info	{"host":"rc1","ident":"kernel","message":"docker0: port 3(vethf7fadfe) entered forwarding state"}
2026-01-06T23:17:39+01:00	syslog.kern.info	{"host":"rb","ident":"kernel","message":"docker0: port 3(vethf7fadfe) entered blocking state"}
2026-01-06T23:17:39+01:00	syslog.kern.info	{"host":"rb","ident":"kernel","message":"docker0: port 3(vethf7fadfe) entered disabled state"}
2026-01-06T23:17:39+01:00	syslog.kern.info	{"host":"rb","ident":"kernel","message":"vethf7fadfe: entered allmulticast mode"}
2026-01-06T23:17:39+01:00	syslog.kern.info	{"host":"rb","ident":"kernel","message":"vethf7fadfe: entered promiscuous mode"}
2026-01-06T23:17:39+01:00	syslog.kern.info	{"host":"rb","ident":"kernel","message":"docker0: port 3(vethf7fadfe) entered blocking state"}
2026-01-06T23:17:39+01:00	syslog.kern.info	{"host":"rb","ident":"kernel","message":"docker0: port 3(vethf7fadfe) entered forwarding state"}
2026-01-06T23:17:39+01:00	syslog.kern.info	{"host":"rc2","ident":"kernel","message":"docker0: port 3(vethf7fadfe) entered blocking state"}
2026-01-06T23:17:39+01:00	syslog.kern.info	{"host":"rc2","ident":"kernel","message":"docker0: port 3(vethf7fadfe) entered forwarding state"}
2026-01-06T23:17:39+01:00	syslog.kern.info	{"host":"rc2","ident":"kernel","message":"docker0: port 3(vethf7fadfe) entered disabled state"}
2026-01-06T23:17:39+01:00	syslog.kern.info	{"host":"rc2","ident":"kernel","message":"docker0: port 4(vethf4b12f2) entered blocking state"}
2026-01-06T23:17:39+01:00	syslog.kern.info	{"host":"rc2","ident":"kernel","message":"docker0: port 4(vethf4b12f2) entered disabled state"}
2026-01-06T23:17:39+01:00	syslog.kern.info	{"host":"rc2","ident":"kernel","message":"vethf4b12f2: entered allmulticast mode"}
2026-01-06T23:17:39+01:00	syslog.kern.info	{"host":"ra","ident":"kernel","message":"docker0: port 3(vethf7fadfe) entered disabled state"}
2026-01-06T23:17:39+01:00	syslog.kern.info	{"host":"rc1","ident":"kernel","message":"docker0: port 3(vethf7fadfe) entered disabled state"}
2026-01-06T23:17:39+01:00	syslog.kern.info	{"host":"rb","ident":"kernel","message":"docker0: port 3(vethf7fadfe) entered disabled state"}
2026-01-06T23:17:39+01:00	syslog.kern.info	{"host":"rb","ident":"kernel","message":"docker0: port 4(vethf4b12f2) entered blocking state"}
2026-01-06T23:17:39+01:00	syslog.kern.info	{"host":"rb","ident":"kernel","message":"docker0: port 4(vethf4b12f2) entered disabled state"}
2026-01-06T23:17:39+01:00	syslog.kern.info	{"host":"rb","ident":"kernel","message":"vethf4b12f2: entered allmulticast mode"}
2026-01-06T23:17:39+01:00	syslog.kern.info	{"host":"rb","ident":"kernel","message":"vethf4b12f2: entered promiscuous mode"}
2026-01-06T23:17:39+01:00	syslog.kern.info	{"host":"rb","ident":"kernel","message":"docker0: port 4(vethf4b12f2) entered blocking state"}
2026-01-06T23:17:39+01:00	syslog.kern.info	{"host":"rb","ident":"kernel","message":"docker0: port 4(vethf4b12f2) entered forwarding state"}
2026-01-06T23:17:39+01:00	syslog.kern.info	{"host":"rc2","ident":"kernel","message":"vethf4b12f2: entered promiscuous mode"}
2026-01-06T23:17:39+01:00	syslog.kern.info	{"host":"rc2","ident":"kernel","message":"docker0: port 4(vethf4b12f2) entered blocking state"}
2026-01-06T23:17:39+01:00	syslog.kern.info	{"host":"rc2","ident":"kernel","message":"docker0: port 4(vethf4b12f2) entered forwarding state"}
2026-01-06T23:17:39+01:00	syslog.kern.info	{"host":"ra","ident":"kernel","message":"docker0: port 4(vethf4b12f2) entered blocking state"}
2026-01-06T23:17:39+01:00	syslog.kern.info	{"host":"ra","ident":"kernel","message":"docker0: port 4(vethf4b12f2) entered disabled state"}
2026-01-06T23:17:39+01:00	syslog.kern.info	{"host":"ra","ident":"kernel","message":"vethf4b12f2: entered allmulticast mode"}
2026-01-06T23:17:39+01:00	syslog.kern.info	{"host":"ra","ident":"kernel","message":"vethf4b12f2: entered promiscuous mode"}
2026-01-06T23:17:39+01:00	syslog.kern.info	{"host":"ra","ident":"kernel","message":"docker0: port 4(vethf4b12f2) entered blocking state"}
2026-01-06T23:17:39+01:00	syslog.kern.info	{"host":"ra","ident":"kernel","message":"docker0: port 4(vethf4b12f2) entered forwarding state"}
2026-01-06T23:17:39+01:00	syslog.kern.info	{"host":"rc1","ident":"kernel","message":"docker0: port 4(vethf4b12f2) entered blocking state"}
2026-01-06T23:17:39+01:00	syslog.kern.info	{"host":"rc1","ident":"kernel","message":"docker0: port 4(vethf4b12f2) entered disabled state"}
2026-01-06T23:17:39+01:00	syslog.kern.info	{"host":"rc1","ident":"kernel","message":"vethf4b12f2: entered allmulticast mode"}
2026-01-06T23:17:39+01:00	syslog.kern.info	{"host":"rc1","ident":"kernel","message":"vethf4b12f2: entered promiscuous mode"}
2026-01-06T23:17:39+01:00	syslog.kern.info	{"host":"rc1","ident":"kernel","message":"docker0: port 4(vethf4b12f2) entered blocking state"}
2026-01-06T23:17:39+01:00	syslog.kern.info	{"host":"rc1","ident":"kernel","message":"docker0: port 4(vethf4b12f2) entered forwarding state"}
2026-01-06T23:17:39+01:00	syslog.kern.info	{"host":"ra","ident":"kernel","message":"eth0: renamed from veth6695ef1"}
2026-01-06T23:17:39+01:00	syslog.kern.info	{"host":"rb","ident":"kernel","message":"eth0: renamed from veth6695ef1"}
2026-01-06T23:17:39+01:00	syslog.kern.info	{"host":"rc2","ident":"kernel","message":"eth0: renamed from veth6695ef1"}
2026-01-06T23:17:39+01:00	syslog.kern.info	{"host":"rc1","ident":"kernel","message":"eth0: renamed from veth6695ef1"}
2026-01-06T23:17:39+01:00	syslog.kern.info	{"host":"rc1","ident":"kernel","message":"docker0: port 4(vethf4b12f2) entered disabled state"}
2026-01-06T23:17:39+01:00	syslog.kern.info	{"host":"rc2","ident":"kernel","message":"docker0: port 4(vethf4b12f2) entered disabled state"}
2026-01-06T23:17:39+01:00	syslog.kern.info	{"host":"ra","ident":"kernel","message":"docker0: port 4(vethf4b12f2) entered disabled state"}
2026-01-06T23:17:39+01:00	syslog.kern.info	{"host":"rb","ident":"kernel","message":"docker0: port 4(vethf4b12f2) entered disabled state"}
2026-01-06T23:17:39+01:00	syslog.kern.info	{"host":"rc1","ident":"kernel","message":"docker0: port 1(veth7a1d879) entered blocking state"}
2026-01-06T23:17:39+01:00	syslog.kern.info	{"host":"rc1","ident":"kernel","message":"docker0: port 1(veth7a1d879) entered forwarding state"}
2026-01-06T23:17:39+01:00	syslog.kern.info	{"host":"rc2","ident":"kernel","message":"docker0: port 1(veth7a1d879) entered blocking state"}
2026-01-06T23:17:39+01:00	syslog.kern.info	{"host":"rc2","ident":"kernel","message":"docker0: port 1(veth7a1d879) entered forwarding state"}
2026-01-06T23:17:39+01:00	syslog.kern.info	{"host":"ra","ident":"kernel","message":"docker0: port 1(veth7a1d879) entered blocking state"}
2026-01-06T23:17:39+01:00	syslog.kern.info	{"host":"ra","ident":"kernel","message":"docker0: port 1(veth7a1d879) entered forwarding state"}
2026-01-06T23:17:39+01:00	syslog.kern.info	{"host":"rb","ident":"kernel","message":"docker0: port 1(veth7a1d879) entered blocking state"}
2026-01-06T23:17:39+01:00	syslog.kern.info	{"host":"rb","ident":"kernel","message":"docker0: port 1(veth7a1d879) entered forwarding state"}
2026-01-06T23:17:39+01:00	syslog.kern.info	{"host":"rb","ident":"kernel","message":"eth0: renamed from vethe79ffab"}
2026-01-06T23:17:39+01:00	syslog.kern.info	{"host":"rc1","ident":"kernel","message":"eth0: renamed from vethe79ffab"}
2026-01-06T23:17:39+01:00	syslog.kern.info	{"host":"rc2","ident":"kernel","message":"eth0: renamed from vethe79ffab"}
2026-01-06T23:17:39+01:00	syslog.kern.info	{"host":"ra","ident":"kernel","message":"eth0: renamed from vethe79ffab"}
2026-01-06T23:17:39+01:00	syslog.kern.info	{"host":"ra","ident":"kernel","message":"eth0: renamed from vethfc8823c"}
2026-01-06T23:17:39+01:00	syslog.kern.info	{"host":"rb","ident":"kernel","message":"eth0: renamed from vethfc8823c"}
2026-01-06T23:17:39+01:00	syslog.kern.info	{"host":"rc1","ident":"kernel","message":"eth0: renamed from vethfc8823c"}
2026-01-06T23:17:39+01:00	syslog.kern.info	{"host":"rc2","ident":"kernel","message":"eth0: renamed from vethfc8823c"}
2026-01-06T23:17:39+01:00	syslog.kern.info	{"host":"rb","ident":"kernel","message":"eth0: renamed from vethd7588c3"}
2026-01-06T23:17:39+01:00	syslog.kern.info	{"host":"rc1","ident":"kernel","message":"eth0: renamed from vethd7588c3"}
2026-01-06T23:17:39+01:00	syslog.kern.info	{"host":"rc2","ident":"kernel","message":"eth0: renamed from vethd7588c3"}
2026-01-06T23:17:39+01:00	syslog.kern.info	{"host":"ra","ident":"kernel","message":"eth0: renamed from vethd7588c3"}
2026-01-06T23:17:39+01:00	syslog.kern.info	{"host":"rc1","ident":"kernel","message":"docker0: port 2(vethc3f335a) entered blocking state"}
2026-01-06T23:17:39+01:00	syslog.kern.info	{"host":"rb","ident":"kernel","message":"docker0: port 2(vethc3f335a) entered blocking state"}
2026-01-06T23:17:39+01:00	syslog.kern.info	{"host":"ra","ident":"kernel","message":"docker0: port 2(vethc3f335a) entered blocking state"}
2026-01-06T23:17:39+01:00	syslog.kern.info	{"host":"rc2","ident":"kernel","message":"docker0: port 2(vethc3f335a) entered blocking state"}
2026-01-06T23:17:39+01:00	syslog.kern.info	{"host":"rc1","ident":"kernel","message":"docker0: port 2(vethc3f335a) entered forwarding state"}
2026-01-06T23:17:39+01:00	syslog.kern.info	{"host":"rc1","ident":"kernel","message":"docker0: port 4(vethf4b12f2) entered blocking state"}
2026-01-06T23:17:39+01:00	syslog.kern.info	{"host":"rc1","ident":"kernel","message":"docker0: port 4(vethf4b12f2) entered forwarding state"}
2026-01-06T23:17:39+01:00	syslog.kern.info	{"host":"rc1","ident":"kernel","message":"docker0: port 3(vethf7fadfe) entered blocking state"}
2026-01-06T23:17:39+01:00	syslog.kern.info	{"host":"rc1","ident":"kernel","message":"docker0: port 3(vethf7fadfe) entered forwarding state"}
2026-01-06T23:17:39+01:00	syslog.kern.info	{"host":"rb","ident":"kernel","message":"docker0: port 2(vethc3f335a) entered forwarding state"}
2026-01-06T23:17:39+01:00	syslog.kern.info	{"host":"rb","ident":"kernel","message":"docker0: port 4(vethf4b12f2) entered blocking state"}
2026-01-06T23:17:39+01:00	syslog.kern.info	{"host":"rb","ident":"kernel","message":"docker0: port 4(vethf4b12f2) entered forwarding state"}
2026-01-06T23:17:39+01:00	syslog.kern.info	{"host":"rb","ident":"kernel","message":"docker0: port 3(vethf7fadfe) entered blocking state"}
2026-01-06T23:17:39+01:00	syslog.kern.info	{"host":"rb","ident":"kernel","message":"docker0: port 3(vethf7fadfe) entered forwarding state"}
2026-01-06T23:17:39+01:00	syslog.kern.info	{"host":"ra","ident":"kernel","message":"docker0: port 2(vethc3f335a) entered forwarding state"}
2026-01-06T23:17:39+01:00	syslog.kern.info	{"host":"ra","ident":"kernel","message":"docker0: port 4(vethf4b12f2) entered blocking state"}
2026-01-06T23:17:39+01:00	syslog.kern.info	{"host":"ra","ident":"kernel","message":"docker0: port 4(vethf4b12f2) entered forwarding state"}
2026-01-06T23:17:39+01:00	syslog.kern.info	{"host":"ra","ident":"kernel","message":"docker0: port 3(vethf7fadfe) entered blocking state"}
2026-01-06T23:17:39+01:00	syslog.kern.info	{"host":"ra","ident":"kernel","message":"docker0: port 3(vethf7fadfe) entered forwarding state"}
2026-01-06T23:17:39+01:00	syslog.kern.info	{"host":"rc2","ident":"kernel","message":"docker0: port 2(vethc3f335a) entered forwarding state"}
2026-01-06T23:17:39+01:00	syslog.kern.info	{"host":"rc2","ident":"kernel","message":"docker0: port 4(vethf4b12f2) entered blocking state"}
2026-01-06T23:17:39+01:00	syslog.kern.info	{"host":"rc2","ident":"kernel","message":"docker0: port 4(vethf4b12f2) entered forwarding state"}
2026-01-06T23:17:39+01:00	syslog.kern.info	{"host":"rc2","ident":"kernel","message":"docker0: port 3(vethf7fadfe) entered blocking state"}
2026-01-06T23:17:39+01:00	syslog.kern.info	{"host":"rc2","ident":"kernel","message":"docker0: port 3(vethf7fadfe) entered forwarding state"}
2026-01-06T23:17:46+01:00	syslog.kern.info	{"host":"rb","ident":"kernel","message":"docker0: port 1(veth7a1d879) entered disabled state"}
2026-01-06T23:17:46+01:00	syslog.kern.info	{"host":"rb","ident":"kernel","message":"veth6695ef1: renamed from eth0"}
2026-01-06T23:17:46+01:00	syslog.kern.info	{"host":"rc2","ident":"kernel","message":"docker0: port 1(veth7a1d879) entered disabled state"}
2026-01-06T23:17:46+01:00	syslog.kern.info	{"host":"rc2","ident":"kernel","message":"veth6695ef1: renamed from eth0"}
2026-01-06T23:17:46+01:00	syslog.kern.info	{"host":"rc1","ident":"kernel","message":"docker0: port 1(veth7a1d879) entered disabled state"}
2026-01-06T23:17:46+01:00	syslog.kern.info	{"host":"rc1","ident":"kernel","message":"veth6695ef1: renamed from eth0"}
2026-01-06T23:17:46+01:00	syslog.kern.info	{"host":"ra","ident":"kernel","message":"docker0: port 1(veth7a1d879) entered disabled state"}
2026-01-06T23:17:46+01:00	syslog.kern.info	{"host":"ra","ident":"kernel","message":"veth6695ef1: renamed from eth0"}
2026-01-06T23:17:46+01:00	syslog.kern.info	{"host":"rc2","ident":"kernel","message":"docker0: port 1(veth7a1d879) entered disabled state"}
2026-01-06T23:17:46+01:00	syslog.kern.info	{"host":"rc2","ident":"kernel","message":"veth7a1d879 (unregistering): left allmulticast mode"}
2026-01-06T23:17:46+01:00	syslog.kern.info	{"host":"rb","ident":"kernel","message":"docker0: port 1(veth7a1d879) entered disabled state"}
2026-01-06T23:17:46+01:00	syslog.kern.info	{"host":"rb","ident":"kernel","message":"veth7a1d879 (unregistering): left allmulticast mode"}
2026-01-06T23:17:46+01:00	syslog.kern.info	{"host":"rb","ident":"kernel","message":"veth7a1d879 (unregistering): left promiscuous mode"}
2026-01-06T23:17:46+01:00	syslog.kern.info	{"host":"rb","ident":"kernel","message":"docker0: port 1(veth7a1d879) entered disabled state"}
2026-01-06T23:17:46+01:00	syslog.kern.info	{"host":"rc1","ident":"kernel","message":"docker0: port 1(veth7a1d879) entered disabled state"}
2026-01-06T23:17:46+01:00	syslog.kern.info	{"host":"rc1","ident":"kernel","message":"veth7a1d879 (unregistering): left allmulticast mode"}
2026-01-06T23:17:46+01:00	syslog.kern.info	{"host":"rc1","ident":"kernel","message":"veth7a1d879 (unregistering): left promiscuous mode"}
2026-01-06T23:17:46+01:00	syslog.kern.info	{"host":"rc1","ident":"kernel","message":"docker0: port 1(veth7a1d879) entered disabled state"}
2026-01-06T23:17:46+01:00	syslog.kern.info	{"host":"rc2","ident":"kernel","message":"veth7a1d879 (unregistering): left promiscuous mode"}
2026-01-06T23:17:46+01:00	syslog.kern.info	{"host":"rc2","ident":"kernel","message":"docker0: port 1(veth7a1d879) entered disabled state"}
2026-01-06T23:17:46+01:00	syslog.kern.info	{"host":"ra","ident":"kernel","message":"docker0: port 1(veth7a1d879) entered disabled state"}
2026-01-06T23:17:46+01:00	syslog.kern.info	{"host":"ra","ident":"kernel","message":"veth7a1d879 (unregistering): left allmulticast mode"}
2026-01-06T23:17:46+01:00	syslog.kern.info	{"host":"ra","ident":"kernel","message":"veth7a1d879 (unregistering): left promiscuous mode"}
2026-01-06T23:17:46+01:00	syslog.kern.info	{"host":"ra","ident":"kernel","message":"docker0: port 1(veth7a1d879) entered disabled state"}
2026-01-06T23:17:46+01:00	syslog.kern.info	{"host":"rc1","ident":"kernel","message":"docker0: port 1(veth5a6caf0) entered blocking state"}
2026-01-06T23:17:46+01:00	syslog.kern.info	{"host":"rc1","ident":"kernel","message":"docker0: port 1(veth5a6caf0) entered disabled state"}
2026-01-06T23:17:46+01:00	syslog.kern.info	{"host":"rb","ident":"kernel","message":"docker0: port 1(veth5a6caf0) entered blocking state"}
2026-01-06T23:17:46+01:00	syslog.kern.info	{"host":"rb","ident":"kernel","message":"docker0: port 1(veth5a6caf0) entered disabled state"}
2026-01-06T23:17:46+01:00	syslog.kern.info	{"host":"rb","ident":"kernel","message":"veth5a6caf0: entered allmulticast mode"}
2026-01-06T23:17:46+01:00	syslog.kern.info	{"host":"rb","ident":"kernel","message":"veth5a6caf0: entered promiscuous mode"}
2026-01-06T23:17:46+01:00	syslog.kern.info	{"host":"ra","ident":"kernel","message":"docker0: port 1(veth5a6caf0) entered blocking state"}
2026-01-06T23:17:46+01:00	syslog.kern.info	{"host":"ra","ident":"kernel","message":"docker0: port 1(veth5a6caf0) entered disabled state"}
2026-01-06T23:17:46+01:00	syslog.kern.info	{"host":"ra","ident":"kernel","message":"veth5a6caf0: entered allmulticast mode"}
2026-01-06T23:17:46+01:00	syslog.kern.info	{"host":"ra","ident":"kernel","message":"veth5a6caf0: entered promiscuous mode"}
2026-01-06T23:17:46+01:00	syslog.kern.info	{"host":"rc2","ident":"kernel","message":"docker0: port 1(veth5a6caf0) entered blocking state"}
2026-01-06T23:17:46+01:00	syslog.kern.info	{"host":"rc2","ident":"kernel","message":"docker0: port 1(veth5a6caf0) entered disabled state"}
2026-01-06T23:17:46+01:00	syslog.kern.info	{"host":"rc2","ident":"kernel","message":"veth5a6caf0: entered allmulticast mode"}
2026-01-06T23:17:46+01:00	syslog.kern.info	{"host":"rc2","ident":"kernel","message":"veth5a6caf0: entered promiscuous mode"}
2026-01-06T23:17:46+01:00	syslog.kern.info	{"host":"rc1","ident":"kernel","message":"veth5a6caf0: entered allmulticast mode"}
2026-01-06T23:17:46+01:00	syslog.kern.info	{"host":"rc1","ident":"kernel","message":"veth5a6caf0: entered promiscuous mode"}
2026-01-06T23:17:46+01:00	syslog.kern.info	{"host":"rc1","ident":"kernel","message":"docker0: port 1(veth5a6caf0) entered blocking state"}
2026-01-06T23:17:46+01:00	syslog.kern.info	{"host":"rc1","ident":"kernel","message":"docker0: port 1(veth5a6caf0) entered forwarding state"}
2026-01-06T23:17:46+01:00	syslog.kern.info	{"host":"rb","ident":"kernel","message":"docker0: port 1(veth5a6caf0) entered blocking state"}
2026-01-06T23:17:46+01:00	syslog.kern.info	{"host":"rb","ident":"kernel","message":"docker0: port 1(veth5a6caf0) entered forwarding state"}
2026-01-06T23:17:46+01:00	syslog.kern.info	{"host":"ra","ident":"kernel","message":"docker0: port 1(veth5a6caf0) entered blocking state"}
2026-01-06T23:17:46+01:00	syslog.kern.info	{"host":"ra","ident":"kernel","message":"docker0: port 1(veth5a6caf0) entered forwarding state"}
2026-01-06T23:17:46+01:00	syslog.kern.info	{"host":"rc2","ident":"kernel","message":"docker0: port 1(veth5a6caf0) entered blocking state"}
2026-01-06T23:17:46+01:00	syslog.kern.info	{"host":"rc2","ident":"kernel","message":"docker0: port 1(veth5a6caf0) entered forwarding state"}
2026-01-06T23:17:46+01:00	syslog.kern.info	{"host":"rc1","ident":"kernel","message":"eth0: renamed from veth2690914"}
2026-01-06T23:17:46+01:00	syslog.kern.info	{"host":"ra","ident":"kernel","message":"eth0: renamed from veth2690914"}
2026-01-06T23:17:46+01:00	syslog.kern.info	{"host":"rc2","ident":"kernel","message":"eth0: renamed from veth2690914"}
2026-01-06T23:17:46+01:00	syslog.kern.info	{"host":"rb","ident":"kernel","message":"eth0: renamed from veth2690914"}
2026-01-06T23:17:52+01:00	syslog.kern.info	{"host":"ra","ident":"kernel","message":"docker0: port 1(veth5a6caf0) entered disabled state"}
2026-01-06T23:17:52+01:00	syslog.kern.info	{"host":"rc1","ident":"kernel","message":"docker0: port 1(veth5a6caf0) entered disabled state"}
2026-01-06T23:17:52+01:00	syslog.kern.info	{"host":"rc1","ident":"kernel","message":"veth2690914: renamed from eth0"}
2026-01-06T23:17:52+01:00	syslog.kern.info	{"host":"rb","ident":"kernel","message":"docker0: port 1(veth5a6caf0) entered disabled state"}
2026-01-06T23:17:52+01:00	syslog.kern.info	{"host":"rb","ident":"kernel","message":"veth2690914: renamed from eth0"}
2026-01-06T23:17:52+01:00	syslog.kern.info	{"host":"rc2","ident":"kernel","message":"docker0: port 1(veth5a6caf0) entered disabled state"}
2026-01-06T23:17:52+01:00	syslog.kern.info	{"host":"rc2","ident":"kernel","message":"veth2690914: renamed from eth0"}
2026-01-06T23:17:52+01:00	syslog.kern.info	{"host":"ra","ident":"kernel","message":"veth2690914: renamed from eth0"}
2026-01-06T23:17:52+01:00	syslog.kern.info	{"host":"rb","ident":"kernel","message":"docker0: port 5(vethcc23864) entered blocking state"}
2026-01-06T23:17:52+01:00	syslog.kern.info	{"host":"ra","ident":"kernel","message":"docker0: port 5(vethcc23864) entered blocking state"}
2026-01-06T23:17:52+01:00	syslog.kern.info	{"host":"ra","ident":"kernel","message":"docker0: port 5(vethcc23864) entered disabled state"}
2026-01-06T23:17:52+01:00	syslog.kern.info	{"host":"ra","ident":"kernel","message":"vethcc23864: entered allmulticast mode"}
2026-01-06T23:17:52+01:00	syslog.kern.info	{"host":"ra","ident":"kernel","message":"vethcc23864: entered promiscuous mode"}
2026-01-06T23:17:52+01:00	syslog.kern.info	{"host":"rc1","ident":"kernel","message":"docker0: port 5(vethcc23864) entered blocking state"}
2026-01-06T23:17:52+01:00	syslog.kern.info	{"host":"rc1","ident":"kernel","message":"docker0: port 5(vethcc23864) entered disabled state"}
2026-01-06T23:17:52+01:00	syslog.kern.info	{"host":"rc1","ident":"kernel","message":"vethcc23864: entered allmulticast mode"}
2026-01-06T23:17:52+01:00	syslog.kern.info	{"host":"rc1","ident":"kernel","message":"vethcc23864: entered promiscuous mode"}
2026-01-06T23:17:52+01:00	syslog.kern.info	{"host":"rc2","ident":"kernel","message":"docker0: port 5(vethcc23864) entered blocking state"}
2026-01-06T23:17:52+01:00	syslog.kern.info	{"host":"rc2","ident":"kernel","message":"docker0: port 5(vethcc23864) entered disabled state"}
2026-01-06T23:17:52+01:00	syslog.kern.info	{"host":"rc2","ident":"kernel","message":"vethcc23864: entered allmulticast mode"}
2026-01-06T23:17:52+01:00	syslog.kern.info	{"host":"rc2","ident":"kernel","message":"vethcc23864: entered promiscuous mode"}
2026-01-06T23:17:52+01:00	syslog.kern.info	{"host":"rc2","ident":"kernel","message":"docker0: port 1(veth5a6caf0) entered disabled state"}
2026-01-06T23:17:52+01:00	syslog.kern.info	{"host":"rc2","ident":"kernel","message":"veth5a6caf0 (unregistering): left allmulticast mode"}
2026-01-06T23:17:52+01:00	syslog.kern.info	{"host":"rb","ident":"kernel","message":"docker0: port 5(vethcc23864) entered disabled state"}
2026-01-06T23:17:52+01:00	syslog.kern.info	{"host":"rb","ident":"kernel","message":"vethcc23864: entered allmulticast mode"}
2026-01-06T23:17:52+01:00	syslog.kern.info	{"host":"rb","ident":"kernel","message":"vethcc23864: entered promiscuous mode"}
2026-01-06T23:17:52+01:00	syslog.kern.info	{"host":"rb","ident":"kernel","message":"docker0: port 1(veth5a6caf0) entered disabled state"}
2026-01-06T23:17:52+01:00	syslog.kern.info	{"host":"rb","ident":"kernel","message":"veth5a6caf0 (unregistering): left allmulticast mode"}
2026-01-06T23:17:52+01:00	syslog.kern.info	{"host":"rb","ident":"kernel","message":"veth5a6caf0 (unregistering): left promiscuous mode"}
2026-01-06T23:17:52+01:00	syslog.kern.info	{"host":"rb","ident":"kernel","message":"docker0: port 1(veth5a6caf0) entered disabled state"}
2026-01-06T23:17:52+01:00	syslog.kern.info	{"host":"ra","ident":"kernel","message":"docker0: port 1(veth5a6caf0) entered disabled state"}
2026-01-06T23:17:52+01:00	syslog.kern.info	{"host":"ra","ident":"kernel","message":"veth5a6caf0 (unregistering): left allmulticast mode"}
2026-01-06T23:17:52+01:00	syslog.kern.info	{"host":"ra","ident":"kernel","message":"veth5a6caf0 (unregistering): left promiscuous mode"}
2026-01-06T23:17:52+01:00	syslog.kern.info	{"host":"ra","ident":"kernel","message":"docker0: port 1(veth5a6caf0) entered disabled state"}
2026-01-06T23:17:52+01:00	syslog.kern.info	{"host":"rc1","ident":"kernel","message":"docker0: port 1(veth5a6caf0) entered disabled state"}
2026-01-06T23:17:52+01:00	syslog.kern.info	{"host":"rc1","ident":"kernel","message":"veth5a6caf0 (unregistering): left allmulticast mode"}
2026-01-06T23:17:52+01:00	syslog.kern.info	{"host":"rc1","ident":"kernel","message":"veth5a6caf0 (unregistering): left promiscuous mode"}
2026-01-06T23:17:52+01:00	syslog.kern.info	{"host":"rc1","ident":"kernel","message":"docker0: port 1(veth5a6caf0) entered disabled state"}
2026-01-06T23:17:52+01:00	syslog.kern.info	{"host":"rc2","ident":"kernel","message":"veth5a6caf0 (unregistering): left promiscuous mode"}
2026-01-06T23:17:52+01:00	syslog.kern.info	{"host":"rc2","ident":"kernel","message":"docker0: port 1(veth5a6caf0) entered disabled state"}
2026-01-06T23:17:52+01:00	syslog.kern.info	{"host":"rc2","ident":"kernel","message":"docker0: port 5(vethcc23864) entered blocking state"}
2026-01-06T23:17:52+01:00	syslog.kern.info	{"host":"rc2","ident":"kernel","message":"docker0: port 5(vethcc23864) entered forwarding state"}
2026-01-06T23:17:52+01:00	syslog.kern.info	{"host":"rc1","ident":"kernel","message":"docker0: port 5(vethcc23864) entered blocking state"}
2026-01-06T23:17:52+01:00	syslog.kern.info	{"host":"rc1","ident":"kernel","message":"docker0: port 5(vethcc23864) entered forwarding state"}
2026-01-06T23:17:52+01:00	syslog.kern.info	{"host":"rb","ident":"kernel","message":"docker0: port 5(vethcc23864) entered blocking state"}
2026-01-06T23:17:52+01:00	syslog.kern.info	{"host":"rb","ident":"kernel","message":"docker0: port 5(vethcc23864) entered forwarding state"}
2026-01-06T23:17:52+01:00	syslog.kern.info	{"host":"ra","ident":"kernel","message":"docker0: port 5(vethcc23864) entered blocking state"}
2026-01-06T23:17:52+01:00	syslog.kern.info	{"host":"ra","ident":"kernel","message":"docker0: port 5(vethcc23864) entered forwarding state"}
2026-01-06T23:17:52+01:00	syslog.kern.info	{"host":"rc2","ident":"kernel","message":"eth0: renamed from veth145f7b8"}
2026-01-06T23:17:52+01:00	syslog.kern.info	{"host":"rb","ident":"kernel","message":"eth0: renamed from veth145f7b8"}
2026-01-06T23:17:52+01:00	syslog.kern.info	{"host":"ra","ident":"kernel","message":"eth0: renamed from veth145f7b8"}
2026-01-06T23:17:52+01:00	syslog.kern.info	{"host":"rc1","ident":"kernel","message":"eth0: renamed from veth145f7b8"}
2026-01-06T23:17:56+01:00	syslog.kern.info	{"host":"rc1","ident":"kernel","message":"docker0: port 2(vethc3f335a) entered disabled state"}
2026-01-06T23:17:56+01:00	syslog.kern.info	{"host":"rc1","ident":"kernel","message":"vethe79ffab: renamed from eth0"}
2026-01-06T23:17:56+01:00	syslog.kern.info	{"host":"ra","ident":"kernel","message":"docker0: port 2(vethc3f335a) entered disabled state"}
2026-01-06T23:17:56+01:00	syslog.kern.info	{"host":"ra","ident":"kernel","message":"vethe79ffab: renamed from eth0"}
2026-01-06T23:17:56+01:00	syslog.kern.info	{"host":"rc2","ident":"kernel","message":"docker0: port 2(vethc3f335a) entered disabled state"}
2026-01-06T23:17:56+01:00	syslog.kern.info	{"host":"rc2","ident":"kernel","message":"vethe79ffab: renamed from eth0"}
2026-01-06T23:17:56+01:00	syslog.kern.info	{"host":"rb","ident":"kernel","message":"docker0: port 2(vethc3f335a) entered disabled state"}
2026-01-06T23:17:56+01:00	syslog.kern.info	{"host":"rb","ident":"kernel","message":"vethe79ffab: renamed from eth0"}
2026-01-06T23:17:56+01:00	syslog.kern.info	{"host":"rc2","ident":"kernel","message":"docker0: port 2(vethc3f335a) entered disabled state"}
2026-01-06T23:17:56+01:00	syslog.kern.info	{"host":"rc2","ident":"kernel","message":"vethc3f335a (unregistering): left allmulticast mode"}
2026-01-06T23:17:56+01:00	syslog.kern.info	{"host":"rb","ident":"kernel","message":"docker0: port 2(vethc3f335a) entered disabled state"}
2026-01-06T23:17:56+01:00	syslog.kern.info	{"host":"rb","ident":"kernel","message":"vethc3f335a (unregistering): left allmulticast mode"}
2026-01-06T23:17:56+01:00	syslog.kern.info	{"host":"rb","ident":"kernel","message":"vethc3f335a (unregistering): left promiscuous mode"}
2026-01-06T23:17:56+01:00	syslog.kern.info	{"host":"rb","ident":"kernel","message":"docker0: port 2(vethc3f335a) entered disabled state"}
2026-01-06T23:17:56+01:00	syslog.kern.info	{"host":"ra","ident":"kernel","message":"docker0: port 2(vethc3f335a) entered disabled state"}
2026-01-06T23:17:56+01:00	syslog.kern.info	{"host":"ra","ident":"kernel","message":"vethc3f335a (unregistering): left allmulticast mode"}
2026-01-06T23:17:56+01:00	syslog.kern.info	{"host":"ra","ident":"kernel","message":"vethc3f335a (unregistering): left promiscuous mode"}
2026-01-06T23:17:56+01:00	syslog.kern.info	{"host":"ra","ident":"kernel","message":"docker0: port 2(vethc3f335a) entered disabled state"}
2026-01-06T23:17:56+01:00	syslog.kern.info	{"host":"rc1","ident":"kernel","message":"docker0: port 2(vethc3f335a) entered disabled state"}
2026-01-06T23:17:56+01:00	syslog.kern.info	{"host":"rc1","ident":"kernel","message":"vethc3f335a (unregistering): left allmulticast mode"}
2026-01-06T23:17:56+01:00	syslog.kern.info	{"host":"rc1","ident":"kernel","message":"vethc3f335a (unregistering): left promiscuous mode"}
2026-01-06T23:17:56+01:00	syslog.kern.info	{"host":"rc1","ident":"kernel","message":"docker0: port 2(vethc3f335a) entered disabled state"}
2026-01-06T23:17:56+01:00	syslog.kern.info	{"host":"rc2","ident":"kernel","message":"vethc3f335a (unregistering): left promiscuous mode"}
2026-01-06T23:17:56+01:00	syslog.kern.info	{"host":"rc2","ident":"kernel","message":"docker0: port 2(vethc3f335a) entered disabled state"}
2026-01-06T23:17:56+01:00	syslog.kern.info	{"host":"rc2","ident":"kernel","message":"docker0: port 1(veth45b7d4c) entered blocking state"}
2026-01-06T23:17:56+01:00	syslog.kern.info	{"host":"rc2","ident":"kernel","message":"docker0: port 1(veth45b7d4c) entered disabled state"}
2026-01-06T23:17:56+01:00	syslog.kern.info	{"host":"ra","ident":"kernel","message":"docker0: port 1(veth45b7d4c) entered blocking state"}
2026-01-06T23:17:56+01:00	syslog.kern.info	{"host":"ra","ident":"kernel","message":"docker0: port 1(veth45b7d4c) entered disabled state"}
2026-01-06T23:17:56+01:00	syslog.kern.info	{"host":"ra","ident":"kernel","message":"veth45b7d4c: entered allmulticast mode"}
2026-01-06T23:17:56+01:00	syslog.kern.info	{"host":"ra","ident":"kernel","message":"veth45b7d4c: entered promiscuous mode"}
2026-01-06T23:17:56+01:00	syslog.kern.info	{"host":"rc1","ident":"kernel","message":"docker0: port 1(veth45b7d4c) entered blocking state"}
2026-01-06T23:17:56+01:00	syslog.kern.info	{"host":"rc1","ident":"kernel","message":"docker0: port 1(veth45b7d4c) entered disabled state"}
2026-01-06T23:17:56+01:00	syslog.kern.info	{"host":"rc1","ident":"kernel","message":"veth45b7d4c: entered allmulticast mode"}
2026-01-06T23:17:56+01:00	syslog.kern.info	{"host":"rc1","ident":"kernel","message":"veth45b7d4c: entered promiscuous mode"}
2026-01-06T23:17:56+01:00	syslog.kern.info	{"host":"rc2","ident":"kernel","message":"veth45b7d4c: entered allmulticast mode"}
2026-01-06T23:17:56+01:00	syslog.kern.info	{"host":"rc2","ident":"kernel","message":"veth45b7d4c: entered promiscuous mode"}
2026-01-06T23:17:56+01:00	syslog.kern.info	{"host":"rc2","ident":"kernel","message":"docker0: port 1(veth45b7d4c) entered blocking state"}
2026-01-06T23:17:56+01:00	syslog.kern.info	{"host":"rc2","ident":"kernel","message":"docker0: port 1(veth45b7d4c) entered forwarding state"}
2026-01-06T23:17:56+01:00	syslog.kern.info	{"host":"ra","ident":"kernel","message":"docker0: port 1(veth45b7d4c) entered blocking state"}
2026-01-06T23:23:19+01:00	fluent.info	{"pid":15,"ppid":9,"worker":0,"message":"starting fluentd worker pid=15 ppid=9 worker=0"}
2026-01-06T23:23:19+01:00	fluent.info	{"message":"listening syslog socket on 0.0.0.0:5140 with tcp"}
2026-01-06T23:23:19+01:00	fluent.info	{"port":24224,"bind":"0.0.0.0","message":"listening port port=24224 bind=\"0.0.0.0\""}
2026-01-06T23:23:19+01:00	fluent.info	{"worker":0,"message":"fluentd worker is now running worker=0"}
2026-01-06T23:23:18+01:00	rc1	{"container_id":"7b7edd78146fe897e6434991269a2a398844a03cba290b467f13b7ec686a0fad","container_name":"/docker-rc1-1","source":"stdout","log":" * Starting system logging syslog-ng"}
2026-01-06T23:23:18+01:00	rc1	{"container_name":"/docker-rc1-1","source":"stderr","log":"[2026-01-06T23:23:18.773802] WARNING: Configuration file format is too old, syslog-ng is running in compatibility mode. Please update it to use the syslog-ng 3.35 format at your time of convenience. To upgrade the configuration, please review the warnings about incompatible changes printed by syslog-ng, and once completed change the @version header at the top of the configuration file; config-version='3.27'","container_id":"7b7edd78146fe897e6434991269a2a398844a03cba290b467f13b7ec686a0fad"}
2026-01-06T23:23:18+01:00	rc1	{"container_name":"/docker-rc1-1","source":"stderr","log":"[2026-01-06T23:23:18.802184] WARNING: The internal_queue_length stat counter has been renamed to internal_source.queued. The old name will be removed in future versions; config-version='3.27'","container_id":"7b7edd78146fe897e6434991269a2a398844a03cba290b467f13b7ec686a0fad"}
2026-01-06T23:23:18+01:00	rc1	{"log":"   ...done.","container_id":"7b7edd78146fe897e6434991269a2a398844a03cba290b467f13b7ec686a0fad","container_name":"/docker-rc1-1","source":"stdout"}
2026-01-06T23:23:19+01:00	rc1	{"container_name":"/docker-rc1-1","source":"stdout","log":" * Started watchfrr","container_id":"7b7edd78146fe897e6434991269a2a398844a03cba290b467f13b7ec686a0fad"}
2026-01-06T23:23:19+01:00	rc1	{"container_id":"7b7edd78146fe897e6434991269a2a398844a03cba290b467f13b7ec686a0fad","container_name":"/docker-rc1-1","source":"stdout","log":""}
2026-01-06T23:23:19+01:00	rc1	{"source":"stdout","log":"Hello, this is FRRouting (version 8.1).","container_id":"7b7edd78146fe897e6434991269a2a398844a03cba290b467f13b7ec686a0fad","container_name":"/docker-rc1-1"}
2026-01-06T23:23:19+01:00	rc1	{"log":"Copyright 1996-2005 Kunihiro Ishiguro, et al.","container_id":"7b7edd78146fe897e6434991269a2a398844a03cba290b467f13b7ec686a0fad","container_name":"/docker-rc1-1","source":"stdout"}
2026-01-06T23:23:19+01:00	rc1	{"container_id":"7b7edd78146fe897e6434991269a2a398844a03cba290b467f13b7ec686a0fad","container_name":"/docker-rc1-1","source":"stdout","log":""}
2026-01-06T23:23:19+01:00	rc1	{"container_id":"7b7edd78146fe897e6434991269a2a398844a03cba290b467f13b7ec686a0fad","container_name":"/docker-rc1-1","source":"stdout","log":"rc1# conf t"}
2026-01-06T23:23:19+01:00	rc1	{"container_id":"7b7edd78146fe897e6434991269a2a398844a03cba290b467f13b7ec686a0fad","container_name":"/docker-rc1-1","source":"stdout","log":"rc1(config)# log file /shared-volume/frr/frr3.log"}
2026-01-06T23:23:19+01:00	rc1	{"container_id":"7b7edd78146fe897e6434991269a2a398844a03cba290b467f13b7ec686a0fad","container_name":"/docker-rc1-1","source":"stdout","log":"rc1(config)# router ospf"}
2026-01-06T23:23:19+01:00	rc1	{"container_id":"7b7edd78146fe897e6434991269a2a398844a03cba290b467f13b7ec686a0fad","container_name":"/docker-rc1-1","source":"stdout","log":"rc1(config-router)# network 10.1.0.0/29 area 0"}
2026-01-06T23:23:19+01:00	rc1	{"source":"stdout","log":"rc1(config-router)# network 10.100.0.0/24 area 0","container_id":"7b7edd78146fe897e6434991269a2a398844a03cba290b467f13b7ec686a0fad","container_name":"/docker-rc1-1"}
2026-01-06T23:23:19+01:00	rc1	{"source":"stdout","log":"rc1(config-router)# end","container_id":"7b7edd78146fe897e6434991269a2a398844a03cba290b467f13b7ec686a0fad","container_name":"/docker-rc1-1"}
2026-01-06T23:26:12+01:00	fluent.info	{"pid":15,"ppid":9,"worker":0,"message":"starting fluentd worker pid=15 ppid=9 worker=0"}
2026-01-06T23:26:12+01:00	fluent.info	{"message":"listening syslog socket on 0.0.0.0:5140 with tcp"}
2026-01-06T23:26:12+01:00	fluent.info	{"port":24224,"bind":"0.0.0.0","message":"listening port port=24224 bind=\"0.0.0.0\""}
2026-01-06T23:26:12+01:00	fluent.info	{"worker":0,"message":"fluentd worker is now running worker=0"}
2026-01-06T23:26:12+01:00	rc1	{"container_id":"4e260afc4cef35dfe7c634d5930e8cfd03f16024cf1169b893e27299d9f187f5","container_name":"/docker-rc1-1","source":"stdout","log":" * Starting system logging syslog-ng"}
2026-01-06T23:26:12+01:00	rc1	{"log":"[2026-01-06T23:26:12.582273] WARNING: Configuration file format is too old, syslog-ng is running in compatibility mode. Please update it to use the syslog-ng 3.35 format at your time of convenience. To upgrade the configuration, please review the warnings about incompatible changes printed by syslog-ng, and once completed change the @version header at the top of the configuration file; config-version='3.27'","container_id":"4e260afc4cef35dfe7c634d5930e8cfd03f16024cf1169b893e27299d9f187f5","container_name":"/docker-rc1-1","source":"stderr"}
2026-01-06T23:26:12+01:00	rc1	{"log":"[2026-01-06T23:26:12.609875] WARNING: The internal_queue_length stat counter has been renamed to internal_source.queued. The old name will be removed in future versions; config-version='3.27'","container_id":"4e260afc4cef35dfe7c634d5930e8cfd03f16024cf1169b893e27299d9f187f5","container_name":"/docker-rc1-1","source":"stderr"}
2026-01-06T23:26:12+01:00	rc1	{"container_id":"4e260afc4cef35dfe7c634d5930e8cfd03f16024cf1169b893e27299d9f187f5","container_name":"/docker-rc1-1","source":"stdout","log":"   ...done."}
2026-01-06T23:26:12+01:00	rc1	{"container_id":"4e260afc4cef35dfe7c634d5930e8cfd03f16024cf1169b893e27299d9f187f5","container_name":"/docker-rc1-1","source":"stdout","log":" * Started watchfrr"}
2026-01-06T23:26:13+01:00	rc1	{"log":"","container_id":"4e260afc4cef35dfe7c634d5930e8cfd03f16024cf1169b893e27299d9f187f5","container_name":"/docker-rc1-1","source":"stdout"}
2026-01-06T23:26:13+01:00	rc1	{"container_id":"4e260afc4cef35dfe7c634d5930e8cfd03f16024cf1169b893e27299d9f187f5","container_name":"/docker-rc1-1","source":"stdout","log":"Hello, this is FRRouting (version 8.1)."}
2026-01-06T23:26:13+01:00	rc1	{"container_id":"4e260afc4cef35dfe7c634d5930e8cfd03f16024cf1169b893e27299d9f187f5","container_name":"/docker-rc1-1","source":"stdout","log":"Copyright 1996-2005 Kunihiro Ishiguro, et al."}
2026-01-06T23:26:13+01:00	rc1	{"log":"","container_id":"4e260afc4cef35dfe7c634d5930e8cfd03f16024cf1169b893e27299d9f187f5","container_name":"/docker-rc1-1","source":"stdout"}
2026-01-06T23:26:13+01:00	rc1	{"container_id":"4e260afc4cef35dfe7c634d5930e8cfd03f16024cf1169b893e27299d9f187f5","container_name":"/docker-rc1-1","source":"stdout","log":"rc1# conf t"}
2026-01-06T23:26:13+01:00	rc1	{"source":"stdout","log":"rc1(config)# log file /shared-volume/frr/frr3.log","container_id":"4e260afc4cef35dfe7c634d5930e8cfd03f16024cf1169b893e27299d9f187f5","container_name":"/docker-rc1-1"}
2026-01-06T23:26:13+01:00	rc1	{"container_id":"4e260afc4cef35dfe7c634d5930e8cfd03f16024cf1169b893e27299d9f187f5","container_name":"/docker-rc1-1","source":"stdout","log":"rc1(config)# router ospf"}
2026-01-06T23:26:13+01:00	rc1	{"source":"stdout","log":"rc1(config-router)# network 10.1.0.0/29 area 0","container_id":"4e260afc4cef35dfe7c634d5930e8cfd03f16024cf1169b893e27299d9f187f5","container_name":"/docker-rc1-1"}
2026-01-06T23:26:13+01:00	rc1	{"log":"rc1(config-router)# network 10.100.0.0/24 area 0","container_id":"4e260afc4cef35dfe7c634d5930e8cfd03f16024cf1169b893e27299d9f187f5","container_name":"/docker-rc1-1","source":"stdout"}
2026-01-06T23:26:13+01:00	rc1	{"container_id":"4e260afc4cef35dfe7c634d5930e8cfd03f16024cf1169b893e27299d9f187f5","container_name":"/docker-rc1-1","source":"stdout","log":"rc1(config-router)# end"}
2026-01-06T23:26:13+01:00	rc1	{"container_id":"4e260afc4cef35dfe7c634d5930e8cfd03f16024cf1169b893e27299d9f187f5","container_name":"/docker-rc1-1","source":"stdout","log":"rc1# "}
2026-01-06T23:26:12+01:00	ra	{"log":" * Starting system logging syslog-ng","container_id":"63cdd21dc0992dff3b4f02e09e54483d307afc9092117813d0e86b1ad2a1bad9","container_name":"/docker-ra-1","source":"stdout"}
2026-01-06T23:26:12+01:00	ra	{"container_id":"63cdd21dc0992dff3b4f02e09e54483d307afc9092117813d0e86b1ad2a1bad9","container_name":"/docker-ra-1","source":"stderr","log":"[2026-01-06T23:26:12.659901] WARNING: Configuration file format is too old, syslog-ng is running in compatibility mode. Please update it to use the syslog-ng 3.35 format at your time of convenience. To upgrade the configuration, please review the warnings about incompatible changes printed by syslog-ng, and once completed change the @version header at the top of the configuration file; config-version='3.27'"}
2026-01-06T23:26:12+01:00	ra	{"source":"stderr","log":"[2026-01-06T23:26:12.690505] WARNING: The internal_queue_length stat counter has been renamed to internal_source.queued. The old name will be removed in future versions; config-version='3.27'","container_id":"63cdd21dc0992dff3b4f02e09e54483d307afc9092117813d0e86b1ad2a1bad9","container_name":"/docker-ra-1"}
2026-01-06T23:26:12+01:00	ra	{"source":"stdout","log":"   ...done.","container_id":"63cdd21dc0992dff3b4f02e09e54483d307afc9092117813d0e86b1ad2a1bad9","container_name":"/docker-ra-1"}
2026-01-06T23:26:13+01:00	ra	{"container_id":"63cdd21dc0992dff3b4f02e09e54483d307afc9092117813d0e86b1ad2a1bad9","container_name":"/docker-ra-1","source":"stdout","log":" * Started watchfrr"}
2026-01-06T23:26:13+01:00	ra	{"container_name":"/docker-ra-1","source":"stdout","log":"","container_id":"63cdd21dc0992dff3b4f02e09e54483d307afc9092117813d0e86b1ad2a1bad9"}
2026-01-06T23:26:13+01:00	ra	{"log":"Hello, this is FRRouting (version 8.1).","container_id":"63cdd21dc0992dff3b4f02e09e54483d307afc9092117813d0e86b1ad2a1bad9","container_name":"/docker-ra-1","source":"stdout"}
2026-01-06T23:26:13+01:00	ra	{"log":"Copyright 1996-2005 Kunihiro Ishiguro, et al.","container_id":"63cdd21dc0992dff3b4f02e09e54483d307afc9092117813d0e86b1ad2a1bad9","container_name":"/docker-ra-1","source":"stdout"}
2026-01-06T23:26:13+01:00	ra	{"source":"stdout","log":"","container_id":"63cdd21dc0992dff3b4f02e09e54483d307afc9092117813d0e86b1ad2a1bad9","container_name":"/docker-ra-1"}
2026-01-06T23:26:13+01:00	ra	{"container_id":"63cdd21dc0992dff3b4f02e09e54483d307afc9092117813d0e86b1ad2a1bad9","container_name":"/docker-ra-1","source":"stdout","log":"ra# conf t"}
2026-01-06T23:26:13+01:00	ra	{"container_id":"63cdd21dc0992dff3b4f02e09e54483d307afc9092117813d0e86b1ad2a1bad9","container_name":"/docker-ra-1","source":"stdout","log":"ra(config)# log file /shared-volume/frr/frr1.log"}
2026-01-06T23:26:13+01:00	ra	{"container_name":"/docker-ra-1","source":"stdout","log":"ra(config)# router ospf","container_id":"63cdd21dc0992dff3b4f02e09e54483d307afc9092117813d0e86b1ad2a1bad9"}
2026-01-06T23:26:13+01:00	ra	{"source":"stdout","log":"ra(config-router)# network 10.2.0.0/29 area 0","container_id":"63cdd21dc0992dff3b4f02e09e54483d307afc9092117813d0e86b1ad2a1bad9","container_name":"/docker-ra-1"}
2026-01-06T23:26:13+01:00	ra	{"source":"stdout","log":"ra(config-router)# network 10.0.1.0/24 area 0","container_id":"63cdd21dc0992dff3b4f02e09e54483d307afc9092117813d0e86b1ad2a1bad9","container_name":"/docker-ra-1"}
2026-01-06T23:26:13+01:00	ra	{"container_id":"63cdd21dc0992dff3b4f02e09e54483d307afc9092117813d0e86b1ad2a1bad9","container_name":"/docker-ra-1","source":"stdout","log":"ra(config-router)# network 10.0.2.0/24 area 0"}
2026-01-06T23:26:13+01:00	ra	{"container_id":"63cdd21dc0992dff3b4f02e09e54483d307afc9092117813d0e86b1ad2a1bad9","container_name":"/docker-ra-1","source":"stdout","log":"ra(config-router)# end"}
2026-01-06T23:26:13+01:00	ra	{"log":"ra# ","container_id":"63cdd21dc0992dff3b4f02e09e54483d307afc9092117813d0e86b1ad2a1bad9","container_name":"/docker-ra-1","source":"stdout"}
2026-01-06T23:26:12+01:00	rb	{"log":" * Starting system logging syslog-ng","container_id":"7c44bdfb4b5837ed8a96665be404650fedcd174b3d75cabc611f38bb4118e8e2","container_name":"/docker-rb-1","source":"stdout"}
2026-01-06T23:26:12+01:00	rb	{"container_id":"7c44bdfb4b5837ed8a96665be404650fedcd174b3d75cabc611f38bb4118e8e2","container_name":"/docker-rb-1","source":"stderr","log":"[2026-01-06T23:26:12.685893] WARNING: Configuration file format is too old, syslog-ng is running in compatibility mode. Please update it to use the syslog-ng 3.35 format at your time of convenience. To upgrade the configuration, please review the warnings about incompatible changes printed by syslog-ng, and once completed change the @version header at the top of the configuration file; config-version='3.27'"}
2026-01-06T23:26:12+01:00	rb	{"source":"stderr","log":"[2026-01-06T23:26:12.725099] WARNING: The internal_queue_length stat counter has been renamed to internal_source.queued. The old name will be removed in future versions; config-version='3.27'","container_id":"7c44bdfb4b5837ed8a96665be404650fedcd174b3d75cabc611f38bb4118e8e2","container_name":"/docker-rb-1"}
2026-01-06T23:26:12+01:00	rb	{"container_id":"7c44bdfb4b5837ed8a96665be404650fedcd174b3d75cabc611f38bb4118e8e2","container_name":"/docker-rb-1","source":"stdout","log":"   ...done."}
2026-01-06T23:26:13+01:00	rb	{"container_name":"/docker-rb-1","source":"stdout","log":" * Started watchfrr","container_id":"7c44bdfb4b5837ed8a96665be404650fedcd174b3d75cabc611f38bb4118e8e2"}
2026-01-06T23:26:13+01:00	rb	{"container_id":"7c44bdfb4b5837ed8a96665be404650fedcd174b3d75cabc611f38bb4118e8e2","container_name":"/docker-rb-1","source":"stdout","log":""}
2026-01-06T23:26:13+01:00	rb	{"container_id":"7c44bdfb4b5837ed8a96665be404650fedcd174b3d75cabc611f38bb4118e8e2","container_name":"/docker-rb-1","source":"stdout","log":"Hello, this is FRRouting (version 8.1)."}
2026-01-06T23:26:13+01:00	rb	{"container_id":"7c44bdfb4b5837ed8a96665be404650fedcd174b3d75cabc611f38bb4118e8e2","container_name":"/docker-rb-1","source":"stdout","log":"Copyright 1996-2005 Kunihiro Ishiguro, et al."}
2026-01-06T23:26:13+01:00	rb	{"container_id":"7c44bdfb4b5837ed8a96665be404650fedcd174b3d75cabc611f38bb4118e8e2","container_name":"/docker-rb-1","source":"stdout","log":""}
2026-01-06T23:26:13+01:00	rb	{"container_name":"/docker-rb-1","source":"stdout","log":"rb# conf t","container_id":"7c44bdfb4b5837ed8a96665be404650fedcd174b3d75cabc611f38bb4118e8e2"}
2026-01-06T23:26:13+01:00	rb	{"container_id":"7c44bdfb4b5837ed8a96665be404650fedcd174b3d75cabc611f38bb4118e8e2","container_name":"/docker-rb-1","source":"stdout","log":"rb(config)# log file /shared-volume/frr/frr2.log"}
2026-01-06T23:26:13+01:00	rb	{"container_id":"7c44bdfb4b5837ed8a96665be404650fedcd174b3d75cabc611f38bb4118e8e2","container_name":"/docker-rb-1","source":"stdout","log":"rb(config)# router ospf"}
2026-01-06T23:26:13+01:00	rb	{"container_id":"7c44bdfb4b5837ed8a96665be404650fedcd174b3d75cabc611f38bb4118e8e2","container_name":"/docker-rb-1","source":"stdout","log":"rb(config-router)# network 10.3.0.0/29 area 0"}
2026-01-06T23:26:13+01:00	rb	{"log":"rb(config-router)# network 10.0.3.0/24 area 0","container_id":"7c44bdfb4b5837ed8a96665be404650fedcd174b3d75cabc611f38bb4118e8e2","container_name":"/docker-rb-1","source":"stdout"}
2026-01-06T23:26:13+01:00	rb	{"container_name":"/docker-rb-1","source":"stdout","log":"rb(config-router)# network 10.0.4.0/24 area 0","container_id":"7c44bdfb4b5837ed8a96665be404650fedcd174b3d75cabc611f38bb4118e8e2"}
2026-01-06T23:26:13+01:00	rb	{"container_id":"7c44bdfb4b5837ed8a96665be404650fedcd174b3d75cabc611f38bb4118e8e2","container_name":"/docker-rb-1","source":"stdout","log":"rb(config-router)# end"}
2026-01-06T23:26:13+01:00	rb	{"log":"rb# ","container_id":"7c44bdfb4b5837ed8a96665be404650fedcd174b3d75cabc611f38bb4118e8e2","container_name":"/docker-rb-1","source":"stdout"}
2026-01-06T23:26:12+01:00	rc2	{"container_id":"c69ad46a36bb2826f97e951076467c3608ffa5a7d367c0e267b49a58415e7c9a","container_name":"/docker-rc2-1","source":"stdout","log":" * Starting system logging syslog-ng"}
2026-01-06T23:26:12+01:00	rc2	{"container_name":"/docker-rc2-1","source":"stderr","log":"[2026-01-06T23:26:12.732190] WARNING: Configuration file format is too old, syslog-ng is running in compatibility mode. Please update it to use the syslog-ng 3.35 format at your time of convenience. To upgrade the configuration, please review the warnings about incompatible changes printed by syslog-ng, and once completed change the @version header at the top of the configuration file; config-version='3.27'","container_id":"c69ad46a36bb2826f97e951076467c3608ffa5a7d367c0e267b49a58415e7c9a"}
2026-01-06T23:26:12+01:00	rc2	{"container_id":"c69ad46a36bb2826f97e951076467c3608ffa5a7d367c0e267b49a58415e7c9a","container_name":"/docker-rc2-1","source":"stderr","log":"[2026-01-06T23:26:12.764527] WARNING: The internal_queue_length stat counter has been renamed to internal_source.queued. The old name will be removed in future versions; config-version='3.27'"}
2026-01-06T23:26:12+01:00	rc2	{"container_name":"/docker-rc2-1","source":"stdout","log":"   ...done.","container_id":"c69ad46a36bb2826f97e951076467c3608ffa5a7d367c0e267b49a58415e7c9a"}
2026-01-06T23:26:13+01:00	rc2	{"source":"stdout","log":" * Started watchfrr","container_id":"c69ad46a36bb2826f97e951076467c3608ffa5a7d367c0e267b49a58415e7c9a","container_name":"/docker-rc2-1"}
2026-01-06T23:26:13+01:00	rc2	{"container_id":"c69ad46a36bb2826f97e951076467c3608ffa5a7d367c0e267b49a58415e7c9a","container_name":"/docker-rc2-1","source":"stdout","log":""}
2026-01-06T23:26:13+01:00	rc2	{"container_id":"c69ad46a36bb2826f97e951076467c3608ffa5a7d367c0e267b49a58415e7c9a","container_name":"/docker-rc2-1","source":"stdout","log":"Hello, this is FRRouting (version 8.1)."}
2026-01-06T23:26:13+01:00	rc2	{"container_id":"c69ad46a36bb2826f97e951076467c3608ffa5a7d367c0e267b49a58415e7c9a","container_name":"/docker-rc2-1","source":"stdout","log":"Copyright 1996-2005 Kunihiro Ishiguro, et al."}
2026-01-06T23:26:13+01:00	rc2	{"log":"","container_id":"c69ad46a36bb2826f97e951076467c3608ffa5a7d367c0e267b49a58415e7c9a","container_name":"/docker-rc2-1","source":"stdout"}
2026-01-06T23:26:13+01:00	rc2	{"source":"stdout","log":"rc2# conf t","container_id":"c69ad46a36bb2826f97e951076467c3608ffa5a7d367c0e267b49a58415e7c9a","container_name":"/docker-rc2-1"}
2026-01-06T23:26:13+01:00	rc2	{"log":"rc2(config)# log file /shared-volume/frr/frr4.log","container_id":"c69ad46a36bb2826f97e951076467c3608ffa5a7d367c0e267b49a58415e7c9a","container_name":"/docker-rc2-1","source":"stdout"}
2026-01-06T23:26:13+01:00	rc2	{"container_id":"c69ad46a36bb2826f97e951076467c3608ffa5a7d367c0e267b49a58415e7c9a","container_name":"/docker-rc2-1","source":"stdout","log":"rc2(config)# router ospf"}
2026-01-06T23:26:13+01:00	rc2	{"container_id":"c69ad46a36bb2826f97e951076467c3608ffa5a7d367c0e267b49a58415e7c9a","container_name":"/docker-rc2-1","source":"stdout","log":"rc2(config-router)# network 10.1.0.0/29 area 0"}
2026-01-06T23:26:13+01:00	rc2	{"log":"rc2(config-router)# network 10.2.0.0/29 area 0","container_id":"c69ad46a36bb2826f97e951076467c3608ffa5a7d367c0e267b49a58415e7c9a","container_name":"/docker-rc2-1","source":"stdout"}
2026-01-06T23:26:13+01:00	rc2	{"container_id":"c69ad46a36bb2826f97e951076467c3608ffa5a7d367c0e267b49a58415e7c9a","container_name":"/docker-rc2-1","source":"stdout","log":"rc2(config-router)# network 10.3.0.0/29 area 0"}
2026-01-06T23:26:13+01:00	rc2	{"log":"rc2(config-router)# end","container_id":"c69ad46a36bb2826f97e951076467c3608ffa5a7d367c0e267b49a58415e7c9a","container_name":"/docker-rc2-1","source":"stdout"}
2026-01-06T23:26:13+01:00	rc2	{"container_id":"c69ad46a36bb2826f97e951076467c3608ffa5a7d367c0e267b49a58415e7c9a","container_name":"/docker-rc2-1","source":"stdout","log":"rc2# "}
2026-01-06T23:26:12+01:00	server	{"log":"","container_id":"91fecee6da90e3d8162e9aaf6672db21e236955e10ba9507f1ff78083ff78050","container_name":"/docker-server-1","source":"stdout"}
2026-01-06T23:26:12+01:00	server	{"log":"> my-test-server@1.0.0 start","container_id":"91fecee6da90e3d8162e9aaf6672db21e236955e10ba9507f1ff78083ff78050","container_name":"/docker-server-1","source":"stdout"}
2026-01-06T23:26:12+01:00	server	{"container_id":"91fecee6da90e3d8162e9aaf6672db21e236955e10ba9507f1ff78083ff78050","container_name":"/docker-server-1","source":"stdout","log":"> node server.js"}
2026-01-06T23:26:12+01:00	server	{"container_name":"/docker-server-1","source":"stdout","log":"","container_id":"91fecee6da90e3d8162e9aaf6672db21e236955e10ba9507f1ff78083ff78050"}
2026-01-06T23:26:12+01:00	server	{"container_name":"/docker-server-1","source":"stdout","log":"Server is listening at http://localhost:3000","container_id":"91fecee6da90e3d8162e9aaf6672db21e236955e10ba9507f1ff78083ff78050"}
2026-01-06T23:26:12+01:00	syslog.syslog.notice	{"host":"rc1","ident":"syslog-ng","pid":"17","message":"syslog-ng starting up; version='3.35.1'"}
2026-01-06T23:26:12+01:00	syslog.syslog.err	{"host":"rc1","ident":"syslog-ng","pid":"17","message":"Syslog connection failed; fd='15', server='AF_INET(10.100.0.3:5140)', error='Connection refused (111)', time_reopen='60'"}
2026-01-06T23:26:12+01:00	syslog.kern.info	{"host":"rc1","ident":"kernel","message":"eth2: renamed from vethce2e80d"}
2026-01-06T23:26:12+01:00	syslog.daemon.notice	{"host":"rc1","ident":"watchfrr","pid":"37","message":"[T83RR-8SM5G] watchfrr 8.1 starting: vty@0"}
2026-01-06T23:26:12+01:00	syslog.daemon.info	{"host":"rc1","ident":"watchfrr","pid":"37","message":"[ZCJ3S-SPH5S] zebra state -> down : initial connection attempt failed"}
2026-01-06T23:26:12+01:00	syslog.daemon.info	{"host":"rc1","ident":"watchfrr","pid":"37","message":"[ZCJ3S-SPH5S] bgpd state -> down : initial connection attempt failed"}
2026-01-06T23:26:12+01:00	syslog.daemon.info	{"host":"rc1","ident":"watchfrr","pid":"37","message":"[ZCJ3S-SPH5S] ospfd state -> down : initial connection attempt failed"}
2026-01-06T23:26:12+01:00	syslog.daemon.info	{"host":"rc1","ident":"watchfrr","pid":"37","message":"[ZCJ3S-SPH5S] staticd state -> down : initial connection attempt failed"}
2026-01-06T23:26:12+01:00	syslog.daemon.info	{"host":"rc1","ident":"watchfrr","pid":"37","message":"[YFT0P-5Q5YX] Forked background command [pid 38]: /usr/lib/frr/watchfrr.sh restart all"}
2026-01-06T23:26:12+01:00	syslog.daemon.err	{"host":"rc1","ident":"watchfrr.sh","pid":"47","message":"Cannot stop staticd: pid file not found"}
2026-01-06T23:26:12+01:00	syslog.daemon.err	{"host":"rc1","ident":"watchfrr.sh","pid":"50","message":"Cannot stop ospfd: pid file not found"}
2026-01-06T23:26:12+01:00	syslog.daemon.err	{"host":"rc1","ident":"watchfrr.sh","pid":"52","message":"Cannot stop bgpd: pid file not found"}
2026-01-06T23:26:12+01:00	syslog.daemon.err	{"host":"rc1","ident":"watchfrr.sh","pid":"54","message":"Cannot stop zebra: pid file not found"}
2026-01-06T23:26:12+01:00	syslog.kern.info	{"host":"rc1","ident":"kernel","message":"br-f5a53815e90c: port 2(vethe6e9aec) entered blocking state"}
2026-01-06T23:26:12+01:00	syslog.kern.info	{"host":"rc1","ident":"kernel","message":"br-f5a53815e90c: port 2(vethe6e9aec) entered disabled state"}
2026-01-06T23:26:12+01:00	syslog.kern.info	{"host":"rc1","ident":"kernel","message":"vethe6e9aec: entered allmulticast mode"}
2026-01-06T23:26:12+01:00	syslog.kern.info	{"host":"rc1","ident":"kernel","message":"vethe6e9aec: entered promiscuous mode"}
2026-01-06T23:26:12+01:00	syslog.kern.info	{"host":"rc1","ident":"kernel","message":"br-8f99cead1c89: port 2(veth1e7ffe9) entered blocking state"}
2026-01-06T23:26:12+01:00	syslog.kern.info	{"host":"rc1","ident":"kernel","message":"br-8f99cead1c89: port 2(veth1e7ffe9) entered disabled state"}
2026-01-06T23:26:12+01:00	syslog.kern.info	{"host":"rc1","ident":"kernel","message":"veth1e7ffe9: entered allmulticast mode"}
2026-01-06T23:26:12+01:00	syslog.kern.info	{"host":"rc1","ident":"kernel","message":"veth1e7ffe9: entered promiscuous mode"}
2026-01-06T23:26:12+01:00	syslog.kern.info	{"host":"rc1","ident":"kernel","message":"br-f5a53815e90c: port 2(vethe6e9aec) entered blocking state"}
2026-01-06T23:26:12+01:00	syslog.kern.info	{"host":"rc1","ident":"kernel","message":"br-f5a53815e90c: port 2(vethe6e9aec) entered forwarding state"}
2026-01-06T23:26:12+01:00	syslog.kern.info	{"host":"rc1","ident":"kernel","message":"br-4a8b3ff1c1fe: port 2(veth80f7f53) entered blocking state"}
2026-01-06T23:26:12+01:00	syslog.kern.info	{"host":"rc1","ident":"kernel","message":"br-4a8b3ff1c1fe: port 2(veth80f7f53) entered disabled state"}
2026-01-06T23:26:12+01:00	syslog.kern.info	{"host":"rc1","ident":"kernel","message":"veth80f7f53: entered allmulticast mode"}
2026-01-06T23:26:12+01:00	syslog.kern.info	{"host":"rc1","ident":"kernel","message":"veth80f7f53: entered promiscuous mode"}
2026-01-06T23:26:12+01:00	syslog.kern.info	{"host":"rc1","ident":"kernel","message":"br-8f99cead1c89: port 2(veth1e7ffe9) entered blocking state"}
2026-01-06T23:26:12+01:00	syslog.kern.info	{"host":"rc1","ident":"kernel","message":"br-8f99cead1c89: port 2(veth1e7ffe9) entered forwarding state"}
2026-01-06T23:26:12+01:00	syslog.kern.info	{"host":"rc1","ident":"kernel","message":"br-4a8b3ff1c1fe: port 2(veth80f7f53) entered blocking state"}
2026-01-06T23:26:12+01:00	syslog.kern.info	{"host":"rc1","ident":"kernel","message":"br-4a8b3ff1c1fe: port 2(veth80f7f53) entered forwarding state"}
2026-01-06T23:26:12+01:00	syslog.kern.info	{"host":"rc1","ident":"kernel","message":"br-ca17d61e5c8a: port 2(veth5db5f7c) entered blocking state"}
2026-01-06T23:26:12+01:00	syslog.kern.info	{"host":"rc1","ident":"kernel","message":"br-ca17d61e5c8a: port 2(veth5db5f7c) entered disabled state"}
2026-01-06T23:26:12+01:00	syslog.kern.info	{"host":"rc1","ident":"kernel","message":"veth5db5f7c: entered allmulticast mode"}
2026-01-06T23:26:12+01:00	syslog.kern.info	{"host":"rc1","ident":"kernel","message":"veth5db5f7c: entered promiscuous mode"}
2026-01-06T23:26:12+01:00	syslog.kern.info	{"host":"rc1","ident":"kernel","message":"br-ca17d61e5c8a: port 2(veth5db5f7c) entered blocking state"}
2026-01-06T23:26:12+01:00	syslog.kern.info	{"host":"rc1","ident":"kernel","message":"br-ca17d61e5c8a: port 2(veth5db5f7c) entered forwarding state"}
2026-01-06T23:26:12+01:00	syslog.kern.info	{"host":"rc1","ident":"kernel","message":"eth0: renamed from veth0e6919e"}
2026-01-06T23:26:12+01:00	syslog.kern.info	{"host":"rc1","ident":"kernel","message":"br-8f99cead1c89: port 2(veth1e7ffe9) entered disabled state"}
2026-01-06T23:26:12+01:00	syslog.kern.info	{"host":"rc1","ident":"kernel","message":"br-4a8b3ff1c1fe: port 2(veth80f7f53) entered disabled state"}
2026-01-06T23:26:12+01:00	syslog.kern.info	{"host":"rc1","ident":"kernel","message":"br-ca17d61e5c8a: port 2(veth5db5f7c) entered disabled state"}
2026-01-06T23:26:12+01:00	syslog.kern.info	{"host":"rc1","ident":"kernel","message":"eth0: renamed from veth1ec5b5a"}
2026-01-06T23:26:12+01:00	syslog.kern.info	{"host":"rc1","ident":"kernel","message":"eth0: renamed from veth122acf0"}
2026-01-06T23:26:12+01:00	syslog.kern.info	{"host":"rc1","ident":"kernel","message":"eth0: renamed from veth823bc27"}
2026-01-06T23:26:12+01:00	syslog.daemon.info	{"host":"rc1","ident":"zebra","pid":"59","message":"[VTVCM-Y2NW3] Configuration Read in Took: 00:00:00"}
2026-01-06T23:26:12+01:00	syslog.daemon.info	{"host":"rc1","ident":"ospfd","pid":"71","message":"[VTVCM-Y2NW3] Configuration Read in Took: 00:00:00"}
2026-01-06T23:26:12+01:00	syslog.daemon.info	{"host":"rc1","ident":"bgpd","pid":"64","message":"[VTVCM-Y2NW3] Configuration Read in Took: 00:00:00"}
2026-01-06T23:26:12+01:00	syslog.daemon.info	{"host":"rc1","ident":"staticd","pid":"74","message":"[VTVCM-Y2NW3] Configuration Read in Took: 00:00:00"}
2026-01-06T23:26:12+01:00	syslog.daemon.notice	{"host":"rc1","ident":"watchfrr","pid":"37","message":"[QDG3Y-BY5TN] zebra state -> up : connect succeeded"}
2026-01-06T23:26:12+01:00	syslog.daemon.notice	{"host":"rc1","ident":"watchfrr","pid":"37","message":"[QDG3Y-BY5TN] bgpd state -> up : connect succeeded"}
2026-01-06T23:26:12+01:00	syslog.daemon.notice	{"host":"rc1","ident":"watchfrr","pid":"37","message":"[QDG3Y-BY5TN] ospfd state -> up : connect succeeded"}
2026-01-06T23:26:12+01:00	syslog.daemon.notice	{"host":"rc1","ident":"watchfrr","pid":"37","message":"[QDG3Y-BY5TN] staticd state -> up : connect succeeded"}
2026-01-06T23:26:12+01:00	syslog.daemon.notice	{"host":"rc1","ident":"watchfrr","pid":"37","message":"[KWE5Q-QNGFC] all daemons up, doing startup-complete notify"}
2026-01-06T23:26:12+01:00	syslog.kern.info	{"host":"rc1","ident":"kernel","message":"br-4a8b3ff1c1fe: port 2(veth80f7f53) entered blocking state"}
2026-01-06T23:26:12+01:00	syslog.kern.info	{"host":"rc1","ident":"kernel","message":"br-4a8b3ff1c1fe: port 2(veth80f7f53) entered forwarding state"}
2026-01-06T23:26:12+01:00	syslog.kern.info	{"host":"rc1","ident":"kernel","message":"br-8f99cead1c89: port 2(veth1e7ffe9) entered blocking state"}
2026-01-06T23:26:12+01:00	syslog.kern.info	{"host":"rc1","ident":"kernel","message":"br-8f99cead1c89: port 2(veth1e7ffe9) entered forwarding state"}
2026-01-06T23:26:12+01:00	syslog.kern.info	{"host":"rc1","ident":"kernel","message":"br-ca17d61e5c8a: port 2(veth5db5f7c) entered blocking state"}
2026-01-06T23:26:12+01:00	syslog.kern.info	{"host":"rc1","ident":"kernel","message":"br-ca17d61e5c8a: port 2(veth5db5f7c) entered forwarding state"}
2026-01-06T23:26:58+01:00	syslog.daemon.info	{"host":"rc1","ident":"ospfd","pid":"71","message":"[S5PCG-77H23] Packet[DD]: Neighbor 10.3.0.3 Negotiation done (Master)."}
2026-01-06T23:27:12+01:00	syslog.syslog.notice	{"host":"rc1","ident":"syslog-ng","pid":"17","message":"Syslog connection established; fd='18', server='AF_INET(10.100.0.3:5140)', local='AF_INET(0.0.0.0:0)'"}
2026-01-06T23:26:12+01:00	syslog.syslog.notice	{"host":"ra","ident":"syslog-ng","pid":"18","message":"syslog-ng starting up; version='3.35.1'"}
2026-01-06T23:26:12+01:00	syslog.syslog.err	{"host":"ra","ident":"syslog-ng","pid":"18","message":"Syslog connection failed; fd='15', server='AF_INET(10.100.0.3:5140)', error='Connection refused (111)', time_reopen='60'"}
2026-01-06T23:26:12+01:00	syslog.daemon.notice	{"host":"ra","ident":"watchfrr","pid":"38","message":"[T83RR-8SM5G] watchfrr 8.1 starting: vty@0"}
2026-01-06T23:26:12+01:00	syslog.daemon.info	{"host":"ra","ident":"watchfrr","pid":"38","message":"[ZCJ3S-SPH5S] zebra state -> down : initial connection attempt failed"}
2026-01-06T23:26:12+01:00	syslog.daemon.info	{"host":"ra","ident":"watchfrr","pid":"38","message":"[ZCJ3S-SPH5S] bgpd state -> down : initial connection attempt failed"}
2026-01-06T23:26:12+01:00	syslog.daemon.info	{"host":"ra","ident":"watchfrr","pid":"38","message":"[ZCJ3S-SPH5S] ospfd state -> down : initial connection attempt failed"}
2026-01-06T23:26:12+01:00	syslog.daemon.info	{"host":"ra","ident":"watchfrr","pid":"38","message":"[ZCJ3S-SPH5S] staticd state -> down : initial connection attempt failed"}
2026-01-06T23:26:12+01:00	syslog.daemon.info	{"host":"ra","ident":"watchfrr","pid":"38","message":"[YFT0P-5Q5YX] Forked background command [pid 39]: /usr/lib/frr/watchfrr.sh restart all"}
2026-01-06T23:26:12+01:00	syslog.daemon.err	{"host":"ra","ident":"watchfrr.sh","pid":"48","message":"Cannot stop staticd: pid file not found"}
2026-01-06T23:26:12+01:00	syslog.daemon.err	{"host":"ra","ident":"watchfrr.sh","pid":"52","message":"Cannot stop ospfd: pid file not found"}
2026-01-06T23:26:12+01:00	syslog.daemon.err	{"host":"ra","ident":"watchfrr.sh","pid":"53","message":"Cannot stop bgpd: pid file not found"}
2026-01-06T23:26:12+01:00	syslog.daemon.err	{"host":"ra","ident":"watchfrr.sh","pid":"55","message":"Cannot stop zebra: pid file not found"}
2026-01-06T23:26:12+01:00	syslog.kern.info	{"host":"ra","ident":"kernel","message":"br-f5a53815e90c: port 2(vethe6e9aec) entered blocking state"}
2026-01-06T23:26:12+01:00	syslog.kern.info	{"host":"ra","ident":"kernel","message":"br-f5a53815e90c: port 2(vethe6e9aec) entered disabled state"}
2026-01-06T23:26:12+01:00	syslog.kern.info	{"host":"ra","ident":"kernel","message":"vethe6e9aec: entered allmulticast mode"}
2026-01-06T23:26:12+01:00	syslog.kern.info	{"host":"ra","ident":"kernel","message":"vethe6e9aec: entered promiscuous mode"}
2026-01-06T23:26:12+01:00	syslog.kern.info	{"host":"ra","ident":"kernel","message":"br-8f99cead1c89: port 2(veth1e7ffe9) entered blocking state"}
2026-01-06T23:26:12+01:00	syslog.kern.info	{"host":"ra","ident":"kernel","message":"br-8f99cead1c89: port 2(veth1e7ffe9) entered disabled state"}
2026-01-06T23:26:12+01:00	syslog.kern.info	{"host":"ra","ident":"kernel","message":"veth1e7ffe9: entered allmulticast mode"}
2026-01-06T23:26:12+01:00	syslog.kern.info	{"host":"ra","ident":"kernel","message":"veth1e7ffe9: entered promiscuous mode"}
2026-01-06T23:26:12+01:00	syslog.kern.info	{"host":"ra","ident":"kernel","message":"br-f5a53815e90c: port 2(vethe6e9aec) entered blocking state"}
2026-01-06T23:26:12+01:00	syslog.kern.info	{"host":"ra","ident":"kernel","message":"br-f5a53815e90c: port 2(vethe6e9aec) entered forwarding state"}
2026-01-06T23:26:12+01:00	syslog.kern.info	{"host":"ra","ident":"kernel","message":"br-4a8b3ff1c1fe: port 2(veth80f7f53) entered blocking state"}
2026-01-06T23:26:12+01:00	syslog.kern.info	{"host":"ra","ident":"kernel","message":"br-4a8b3ff1c1fe: port 2(veth80f7f53) entered disabled state"}
2026-01-06T23:26:12+01:00	syslog.kern.info	{"host":"ra","ident":"kernel","message":"veth80f7f53: entered allmulticast mode"}
2026-01-06T23:26:12+01:00	syslog.kern.info	{"host":"ra","ident":"kernel","message":"veth80f7f53: entered promiscuous mode"}
2026-01-06T23:26:12+01:00	syslog.kern.info	{"host":"ra","ident":"kernel","message":"br-8f99cead1c89: port 2(veth1e7ffe9) entered blocking state"}
2026-01-06T23:26:12+01:00	syslog.kern.info	{"host":"ra","ident":"kernel","message":"br-8f99cead1c89: port 2(veth1e7ffe9) entered forwarding state"}
2026-01-06T23:26:12+01:00	syslog.kern.info	{"host":"ra","ident":"kernel","message":"br-4a8b3ff1c1fe: port 2(veth80f7f53) entered blocking state"}
2026-01-06T23:26:12+01:00	syslog.kern.info	{"host":"ra","ident":"kernel","message":"br-4a8b3ff1c1fe: port 2(veth80f7f53) entered forwarding state"}
2026-01-06T23:26:12+01:00	syslog.kern.info	{"host":"ra","ident":"kernel","message":"br-ca17d61e5c8a: port 2(veth5db5f7c) entered blocking state"}
2026-01-06T23:26:12+01:00	syslog.kern.info	{"host":"ra","ident":"kernel","message":"br-ca17d61e5c8a: port 2(veth5db5f7c) entered disabled state"}
2026-01-06T23:26:12+01:00	syslog.kern.info	{"host":"ra","ident":"kernel","message":"veth5db5f7c: entered allmulticast mode"}
2026-01-06T23:26:12+01:00	syslog.kern.info	{"host":"ra","ident":"kernel","message":"veth5db5f7c: entered promiscuous mode"}
2026-01-06T23:26:12+01:00	syslog.kern.info	{"host":"ra","ident":"kernel","message":"br-ca17d61e5c8a: port 2(veth5db5f7c) entered blocking state"}
2026-01-06T23:26:12+01:00	syslog.kern.info	{"host":"ra","ident":"kernel","message":"br-ca17d61e5c8a: port 2(veth5db5f7c) entered forwarding state"}
2026-01-06T23:26:12+01:00	syslog.kern.info	{"host":"ra","ident":"kernel","message":"eth0: renamed from veth0e6919e"}
2026-01-06T23:26:12+01:00	syslog.kern.info	{"host":"ra","ident":"kernel","message":"br-8f99cead1c89: port 2(veth1e7ffe9) entered disabled state"}
2026-01-06T23:26:12+01:00	syslog.kern.info	{"host":"ra","ident":"kernel","message":"br-4a8b3ff1c1fe: port 2(veth80f7f53) entered disabled state"}
2026-01-06T23:26:12+01:00	syslog.kern.info	{"host":"ra","ident":"kernel","message":"br-ca17d61e5c8a: port 2(veth5db5f7c) entered disabled state"}
2026-01-06T23:26:12+01:00	syslog.kern.info	{"host":"ra","ident":"kernel","message":"eth0: renamed from veth1ec5b5a"}
2026-01-06T23:26:12+01:00	syslog.kern.info	{"host":"ra","ident":"kernel","message":"eth0: renamed from veth122acf0"}
2026-01-06T23:26:12+01:00	syslog.kern.info	{"host":"ra","ident":"kernel","message":"eth0: renamed from veth823bc27"}
2026-01-06T23:26:12+01:00	syslog.kern.info	{"host":"ra","ident":"kernel","message":"br-4a8b3ff1c1fe: port 2(veth80f7f53) entered blocking state"}
2026-01-06T23:26:12+01:00	syslog.kern.info	{"host":"ra","ident":"kernel","message":"br-4a8b3ff1c1fe: port 2(veth80f7f53) entered forwarding state"}
2026-01-06T23:26:12+01:00	syslog.kern.info	{"host":"ra","ident":"kernel","message":"br-8f99cead1c89: port 2(veth1e7ffe9) entered blocking state"}
2026-01-06T23:26:12+01:00	syslog.kern.info	{"host":"ra","ident":"kernel","message":"br-8f99cead1c89: port 2(veth1e7ffe9) entered forwarding state"}
2026-01-06T23:26:12+01:00	syslog.kern.info	{"host":"ra","ident":"kernel","message":"br-ca17d61e5c8a: port 2(veth5db5f7c) entered blocking state"}
2026-01-06T23:26:12+01:00	syslog.kern.info	{"host":"ra","ident":"kernel","message":"br-ca17d61e5c8a: port 2(veth5db5f7c) entered forwarding state"}
2026-01-06T23:26:13+01:00	syslog.daemon.info	{"host":"ra","ident":"zebra","pid":"59","message":"[VTVCM-Y2NW3] Configuration Read in Took: 00:00:00"}
2026-01-06T23:26:13+01:00	syslog.daemon.info	{"host":"ra","ident":"ospfd","pid":"71","message":"[VTVCM-Y2NW3] Configuration Read in Took: 00:00:00"}
2026-01-06T23:26:13+01:00	syslog.daemon.info	{"host":"ra","ident":"bgpd","pid":"64","message":"[VTVCM-Y2NW3] Configuration Read in Took: 00:00:00"}
2026-01-06T23:26:13+01:00	syslog.daemon.info	{"host":"ra","ident":"staticd","pid":"74","message":"[VTVCM-Y2NW3] Configuration Read in Took: 00:00:00"}
2026-01-06T23:26:13+01:00	syslog.daemon.notice	{"host":"ra","ident":"watchfrr","pid":"38","message":"[QDG3Y-BY5TN] zebra state -> up : connect succeeded"}
2026-01-06T23:26:13+01:00	syslog.daemon.notice	{"host":"ra","ident":"watchfrr","pid":"38","message":"[QDG3Y-BY5TN] bgpd state -> up : connect succeeded"}
2026-01-06T23:26:13+01:00	syslog.daemon.notice	{"host":"ra","ident":"watchfrr","pid":"38","message":"[QDG3Y-BY5TN] ospfd state -> up : connect succeeded"}
2026-01-06T23:26:13+01:00	syslog.daemon.notice	{"host":"ra","ident":"watchfrr","pid":"38","message":"[QDG3Y-BY5TN] staticd state -> up : connect succeeded"}
2026-01-06T23:26:13+01:00	syslog.daemon.notice	{"host":"ra","ident":"watchfrr","pid":"38","message":"[KWE5Q-QNGFC] all daemons up, doing startup-complete notify"}
2026-01-06T23:27:12+01:00	syslog.syslog.notice	{"host":"ra","ident":"syslog-ng","pid":"18","message":"Syslog connection established; fd='18', server='AF_INET(10.100.0.3:5140)', local='AF_INET(0.0.0.0:0)'"}
2026-01-06T23:26:12+01:00	syslog.syslog.notice	{"host":"rb","ident":"syslog-ng","pid":"17","message":"syslog-ng starting up; version='3.35.1'"}
2026-01-06T23:26:12+01:00	syslog.syslog.err	{"host":"rb","ident":"syslog-ng","pid":"17","message":"Syslog connection failed; fd='15', server='AF_INET(10.100.0.3:5140)', error='Connection refused (111)', time_reopen='60'"}
2026-01-06T23:26:12+01:00	syslog.daemon.notice	{"host":"rb","ident":"watchfrr","pid":"37","message":"[T83RR-8SM5G] watchfrr 8.1 starting: vty@0"}
2026-01-06T23:26:12+01:00	syslog.daemon.info	{"host":"rb","ident":"watchfrr","pid":"37","message":"[ZCJ3S-SPH5S] zebra state -> down : initial connection attempt failed"}
2026-01-06T23:26:12+01:00	syslog.daemon.info	{"host":"rb","ident":"watchfrr","pid":"37","message":"[ZCJ3S-SPH5S] bgpd state -> down : initial connection attempt failed"}
2026-01-06T23:26:12+01:00	syslog.daemon.info	{"host":"rb","ident":"watchfrr","pid":"37","message":"[ZCJ3S-SPH5S] ospfd state -> down : initial connection attempt failed"}
2026-01-06T23:26:12+01:00	syslog.daemon.info	{"host":"rb","ident":"watchfrr","pid":"37","message":"[ZCJ3S-SPH5S] staticd state -> down : initial connection attempt failed"}
2026-01-06T23:26:12+01:00	syslog.daemon.info	{"host":"rb","ident":"watchfrr","pid":"37","message":"[YFT0P-5Q5YX] Forked background command [pid 38]: /usr/lib/frr/watchfrr.sh restart all"}
2026-01-06T23:26:12+01:00	syslog.daemon.err	{"host":"rb","ident":"watchfrr.sh","pid":"49","message":"Cannot stop ospfd: pid file not found"}
2026-01-06T23:26:12+01:00	syslog.daemon.err	{"host":"rb","ident":"watchfrr.sh","pid":"52","message":"Cannot stop bgpd: pid file not found"}
2026-01-06T23:26:12+01:00	syslog.daemon.err	{"host":"rb","ident":"watchfrr.sh","pid":"54","message":"Cannot stop zebra: pid file not found"}
2026-01-06T23:26:12+01:00	syslog.daemon.err	{"host":"rb","ident":"watchfrr.sh","pid":"48","message":"Cannot stop staticd: pid file not found"}
2026-01-06T23:26:12+01:00	syslog.kern.info	{"host":"rb","ident":"kernel","message":"br-f5a53815e90c: port 2(vethe6e9aec) entered blocking state"}
2026-01-06T23:26:12+01:00	syslog.kern.info	{"host":"rb","ident":"kernel","message":"br-f5a53815e90c: port 2(vethe6e9aec) entered disabled state"}
2026-01-06T23:26:12+01:00	syslog.kern.info	{"host":"rb","ident":"kernel","message":"vethe6e9aec: entered allmulticast mode"}
2026-01-06T23:26:12+01:00	syslog.kern.info	{"host":"rb","ident":"kernel","message":"vethe6e9aec: entered promiscuous mode"}
2026-01-06T23:26:12+01:00	syslog.kern.info	{"host":"rb","ident":"kernel","message":"br-8f99cead1c89: port 2(veth1e7ffe9) entered blocking state"}
2026-01-06T23:26:12+01:00	syslog.kern.info	{"host":"rb","ident":"kernel","message":"br-8f99cead1c89: port 2(veth1e7ffe9) entered disabled state"}
2026-01-06T23:26:12+01:00	syslog.kern.info	{"host":"rb","ident":"kernel","message":"veth1e7ffe9: entered allmulticast mode"}
2026-01-06T23:26:12+01:00	syslog.kern.info	{"host":"rb","ident":"kernel","message":"veth1e7ffe9: entered promiscuous mode"}
2026-01-06T23:26:12+01:00	syslog.kern.info	{"host":"rb","ident":"kernel","message":"br-f5a53815e90c: port 2(vethe6e9aec) entered blocking state"}
2026-01-06T23:26:12+01:00	syslog.kern.info	{"host":"rb","ident":"kernel","message":"br-f5a53815e90c: port 2(vethe6e9aec) entered forwarding state"}
2026-01-06T23:26:12+01:00	syslog.kern.info	{"host":"rb","ident":"kernel","message":"br-4a8b3ff1c1fe: port 2(veth80f7f53) entered blocking state"}
2026-01-06T23:26:12+01:00	syslog.kern.info	{"host":"rb","ident":"kernel","message":"br-4a8b3ff1c1fe: port 2(veth80f7f53) entered disabled state"}
2026-01-06T23:26:12+01:00	syslog.kern.info	{"host":"rb","ident":"kernel","message":"veth80f7f53: entered allmulticast mode"}
2026-01-06T23:26:12+01:00	syslog.kern.info	{"host":"rb","ident":"kernel","message":"veth80f7f53: entered promiscuous mode"}
2026-01-06T23:26:12+01:00	syslog.kern.info	{"host":"rb","ident":"kernel","message":"br-8f99cead1c89: port 2(veth1e7ffe9) entered blocking state"}
2026-01-06T23:26:12+01:00	syslog.kern.info	{"host":"rb","ident":"kernel","message":"br-8f99cead1c89: port 2(veth1e7ffe9) entered forwarding state"}
2026-01-06T23:26:12+01:00	syslog.kern.info	{"host":"rb","ident":"kernel","message":"br-4a8b3ff1c1fe: port 2(veth80f7f53) entered blocking state"}
2026-01-06T23:26:12+01:00	syslog.kern.info	{"host":"rb","ident":"kernel","message":"br-4a8b3ff1c1fe: port 2(veth80f7f53) entered forwarding state"}
2026-01-06T23:26:12+01:00	syslog.kern.info	{"host":"rb","ident":"kernel","message":"br-ca17d61e5c8a: port 2(veth5db5f7c) entered blocking state"}
2026-01-06T23:26:12+01:00	syslog.kern.info	{"host":"rb","ident":"kernel","message":"br-ca17d61e5c8a: port 2(veth5db5f7c) entered disabled state"}
2026-01-06T23:26:12+01:00	syslog.kern.info	{"host":"rb","ident":"kernel","message":"veth5db5f7c: entered allmulticast mode"}
2026-01-06T23:26:12+01:00	syslog.kern.info	{"host":"rb","ident":"kernel","message":"veth5db5f7c: entered promiscuous mode"}
2026-01-06T23:26:12+01:00	syslog.kern.info	{"host":"rb","ident":"kernel","message":"br-ca17d61e5c8a: port 2(veth5db5f7c) entered blocking state"}
2026-01-06T23:26:12+01:00	syslog.kern.info	{"host":"rb","ident":"kernel","message":"br-ca17d61e5c8a: port 2(veth5db5f7c) entered forwarding state"}
2026-01-06T23:26:12+01:00	syslog.kern.info	{"host":"rb","ident":"kernel","message":"eth0: renamed from veth0e6919e"}
2026-01-06T23:26:12+01:00	syslog.kern.info	{"host":"rb","ident":"kernel","message":"br-8f99cead1c89: port 2(veth1e7ffe9) entered disabled state"}
2026-01-06T23:26:12+01:00	syslog.kern.info	{"host":"rb","ident":"kernel","message":"br-4a8b3ff1c1fe: port 2(veth80f7f53) entered disabled state"}
2026-01-06T23:26:12+01:00	syslog.kern.info	{"host":"rb","ident":"kernel","message":"br-ca17d61e5c8a: port 2(veth5db5f7c) entered disabled state"}
2026-01-06T23:26:12+01:00	syslog.kern.info	{"host":"rb","ident":"kernel","message":"eth0: renamed from veth1ec5b5a"}
2026-01-06T23:26:12+01:00	syslog.kern.info	{"host":"rb","ident":"kernel","message":"eth0: renamed from veth122acf0"}
2026-01-06T23:26:12+01:00	syslog.kern.info	{"host":"rb","ident":"kernel","message":"eth0: renamed from veth823bc27"}
2026-01-06T23:26:12+01:00	syslog.kern.info	{"host":"rb","ident":"kernel","message":"br-4a8b3ff1c1fe: port 2(veth80f7f53) entered blocking state"}
2026-01-06T23:26:12+01:00	syslog.kern.info	{"host":"rb","ident":"kernel","message":"br-4a8b3ff1c1fe: port 2(veth80f7f53) entered forwarding state"}
2026-01-06T23:26:12+01:00	syslog.kern.info	{"host":"rb","ident":"kernel","message":"br-8f99cead1c89: port 2(veth1e7ffe9) entered blocking state"}
2026-01-06T23:26:12+01:00	syslog.kern.info	{"host":"rb","ident":"kernel","message":"br-8f99cead1c89: port 2(veth1e7ffe9) entered forwarding state"}
2026-01-06T23:26:12+01:00	syslog.kern.info	{"host":"rb","ident":"kernel","message":"br-ca17d61e5c8a: port 2(veth5db5f7c) entered blocking state"}
2026-01-06T23:26:12+01:00	syslog.kern.info	{"host":"rb","ident":"kernel","message":"br-ca17d61e5c8a: port 2(veth5db5f7c) entered forwarding state"}
2026-01-06T23:26:13+01:00	syslog.daemon.info	{"host":"rb","ident":"zebra","pid":"57","message":"[VTVCM-Y2NW3] Configuration Read in Took: 00:00:00"}
2026-01-06T23:26:13+01:00	syslog.daemon.info	{"host":"rb","ident":"ospfd","pid":"69","message":"[VTVCM-Y2NW3] Configuration Read in Took: 00:00:00"}
2026-01-06T23:26:13+01:00	syslog.daemon.info	{"host":"rb","ident":"bgpd","pid":"62","message":"[VTVCM-Y2NW3] Configuration Read in Took: 00:00:00"}
2026-01-06T23:26:13+01:00	syslog.daemon.info	{"host":"rb","ident":"staticd","pid":"72","message":"[VTVCM-Y2NW3] Configuration Read in Took: 00:00:00"}
2026-01-06T23:26:13+01:00	syslog.daemon.notice	{"host":"rb","ident":"watchfrr","pid":"37","message":"[QDG3Y-BY5TN] zebra state -> up : connect succeeded"}
2026-01-06T23:26:13+01:00	syslog.daemon.notice	{"host":"rb","ident":"watchfrr","pid":"37","message":"[QDG3Y-BY5TN] bgpd state -> up : connect succeeded"}
2026-01-06T23:26:13+01:00	syslog.daemon.notice	{"host":"rb","ident":"watchfrr","pid":"37","message":"[QDG3Y-BY5TN] ospfd state -> up : connect succeeded"}
2026-01-06T23:26:13+01:00	syslog.daemon.notice	{"host":"rb","ident":"watchfrr","pid":"37","message":"[QDG3Y-BY5TN] staticd state -> up : connect succeeded"}
2026-01-06T23:26:13+01:00	syslog.daemon.notice	{"host":"rb","ident":"watchfrr","pid":"37","message":"[KWE5Q-QNGFC] all daemons up, doing startup-complete notify"}
2026-01-06T23:26:58+01:00	syslog.daemon.info	{"host":"rb","ident":"ospfd","pid":"69","message":"[S5PCG-77H23] Packet[DD]: Neighbor 10.3.0.3 Negotiation done (Master)."}
2026-01-06T23:27:12+01:00	syslog.syslog.notice	{"host":"rb","ident":"syslog-ng","pid":"17","message":"Syslog connection established; fd='18', server='AF_INET(10.100.0.3:5140)', local='AF_INET(0.0.0.0:0)'"}
2026-01-06T23:26:12+01:00	syslog.syslog.notice	{"host":"rc2","ident":"syslog-ng","pid":"17","message":"syslog-ng starting up; version='3.35.1'"}
2026-01-06T23:26:12+01:00	syslog.syslog.err	{"host":"rc2","ident":"syslog-ng","pid":"17","message":"Syslog connection failed; fd='15', server='AF_INET(10.100.0.3:5140)', error='Connection refused (111)', time_reopen='60'"}
2026-01-06T23:26:12+01:00	syslog.kern.info	{"host":"rc2","ident":"kernel","message":"br-f5a53815e90c: port 2(vethe6e9aec) entered blocking state"}
2026-01-06T23:26:12+01:00	syslog.kern.info	{"host":"rc2","ident":"kernel","message":"br-f5a53815e90c: port 2(vethe6e9aec) entered disabled state"}
2026-01-06T23:26:12+01:00	syslog.kern.info	{"host":"rc2","ident":"kernel","message":"vethe6e9aec: entered allmulticast mode"}
2026-01-06T23:26:12+01:00	syslog.kern.info	{"host":"rc2","ident":"kernel","message":"vethe6e9aec: entered promiscuous mode"}
2026-01-06T23:26:12+01:00	syslog.kern.info	{"host":"rc2","ident":"kernel","message":"br-8f99cead1c89: port 2(veth1e7ffe9) entered blocking state"}
2026-01-06T23:26:12+01:00	syslog.kern.info	{"host":"rc2","ident":"kernel","message":"br-8f99cead1c89: port 2(veth1e7ffe9) entered disabled state"}
2026-01-06T23:26:12+01:00	syslog.kern.info	{"host":"rc2","ident":"kernel","message":"veth1e7ffe9: entered allmulticast mode"}
2026-01-06T23:26:12+01:00	syslog.kern.info	{"host":"rc2","ident":"kernel","message":"veth1e7ffe9: entered promiscuous mode"}
2026-01-06T23:26:12+01:00	syslog.kern.info	{"host":"rc2","ident":"kernel","message":"br-f5a53815e90c: port 2(vethe6e9aec) entered blocking state"}
2026-01-06T23:26:12+01:00	syslog.kern.info	{"host":"rc2","ident":"kernel","message":"br-f5a53815e90c: port 2(vethe6e9aec) entered forwarding state"}
2026-01-06T23:26:12+01:00	syslog.kern.info	{"host":"rc2","ident":"kernel","message":"br-4a8b3ff1c1fe: port 2(veth80f7f53) entered blocking state"}
2026-01-06T23:26:12+01:00	syslog.kern.info	{"host":"rc2","ident":"kernel","message":"br-4a8b3ff1c1fe: port 2(veth80f7f53) entered disabled state"}
2026-01-06T23:26:12+01:00	syslog.kern.info	{"host":"rc2","ident":"kernel","message":"veth80f7f53: entered allmulticast mode"}
2026-01-06T23:26:12+01:00	syslog.kern.info	{"host":"rc2","ident":"kernel","message":"veth80f7f53: entered promiscuous mode"}
2026-01-06T23:26:12+01:00	syslog.kern.info	{"host":"rc2","ident":"kernel","message":"br-8f99cead1c89: port 2(veth1e7ffe9) entered blocking state"}
2026-01-06T23:26:12+01:00	syslog.kern.info	{"host":"rc2","ident":"kernel","message":"br-8f99cead1c89: port 2(veth1e7ffe9) entered forwarding state"}
2026-01-06T23:26:12+01:00	syslog.kern.info	{"host":"rc2","ident":"kernel","message":"br-4a8b3ff1c1fe: port 2(veth80f7f53) entered blocking state"}
2026-01-06T23:26:12+01:00	syslog.kern.info	{"host":"rc2","ident":"kernel","message":"br-4a8b3ff1c1fe: port 2(veth80f7f53) entered forwarding state"}
2026-01-06T23:26:12+01:00	syslog.kern.info	{"host":"rc2","ident":"kernel","message":"br-ca17d61e5c8a: port 2(veth5db5f7c) entered blocking state"}
2026-01-06T23:26:12+01:00	syslog.kern.info	{"host":"rc2","ident":"kernel","message":"br-ca17d61e5c8a: port 2(veth5db5f7c) entered disabled state"}
2026-01-06T23:26:12+01:00	syslog.kern.info	{"host":"rc2","ident":"kernel","message":"veth5db5f7c: entered allmulticast mode"}
2026-01-06T23:26:12+01:00	syslog.daemon.notice	{"host":"rc2","ident":"watchfrr","pid":"38","message":"[T83RR-8SM5G] watchfrr 8.1 starting: vty@0"}
2026-01-06T23:26:12+01:00	syslog.daemon.info	{"host":"rc2","ident":"watchfrr","pid":"38","message":"[ZCJ3S-SPH5S] zebra state -> down : initial connection attempt failed"}
2026-01-06T23:26:12+01:00	syslog.daemon.info	{"host":"rc2","ident":"watchfrr","pid":"38","message":"[ZCJ3S-SPH5S] bgpd state -> down : initial connection attempt failed"}
2026-01-06T23:26:12+01:00	syslog.daemon.info	{"host":"rc2","ident":"watchfrr","pid":"38","message":"[ZCJ3S-SPH5S] ospfd state -> down : initial connection attempt failed"}
2026-01-06T23:26:12+01:00	syslog.daemon.info	{"host":"rc2","ident":"watchfrr","pid":"38","message":"[ZCJ3S-SPH5S] staticd state -> down : initial connection attempt failed"}
2026-01-06T23:26:12+01:00	syslog.daemon.info	{"host":"rc2","ident":"watchfrr","pid":"38","message":"[YFT0P-5Q5YX] Forked background command [pid 39]: /usr/lib/frr/watchfrr.sh restart all"}
2026-01-06T23:26:12+01:00	syslog.kern.info	{"host":"rc2","ident":"kernel","message":"veth5db5f7c: entered promiscuous mode"}
2026-01-06T23:26:12+01:00	syslog.kern.info	{"host":"rc2","ident":"kernel","message":"br-ca17d61e5c8a: port 2(veth5db5f7c) entered blocking state"}
2026-01-06T23:26:12+01:00	syslog.kern.info	{"host":"rc2","ident":"kernel","message":"br-ca17d61e5c8a: port 2(veth5db5f7c) entered forwarding state"}
2026-01-06T23:26:12+01:00	syslog.daemon.err	{"host":"rc2","ident":"watchfrr.sh","pid":"49","message":"Cannot stop staticd: pid file not found"}
2026-01-06T23:26:12+01:00	syslog.daemon.err	{"host":"rc2","ident":"watchfrr.sh","pid":"51","message":"Cannot stop ospfd: pid file not found"}
2026-01-06T23:26:12+01:00	syslog.daemon.err	{"host":"rc2","ident":"watchfrr.sh","pid":"53","message":"Cannot stop bgpd: pid file not found"}
2026-01-06T23:26:12+01:00	syslog.daemon.err	{"host":"rc2","ident":"watchfrr.sh","pid":"55","message":"Cannot stop zebra: pid file not found"}
2026-01-06T23:26:12+01:00	syslog.kern.info	{"host":"rc2","ident":"kernel","message":"eth0: renamed from veth0e6919e"}
2026-01-06T23:26:12+01:00	syslog.kern.info	{"host":"rc2","ident":"kernel","message":"br-8f99cead1c89: port 2(veth1e7ffe9) entered disabled state"}
2026-01-06T23:26:12+01:00	syslog.kern.info	{"host":"rc2","ident":"kernel","message":"br-4a8b3ff1c1fe: port 2(veth80f7f53) entered disabled state"}
2026-01-06T23:26:12+01:00	syslog.kern.info	{"host":"rc2","ident":"kernel","message":"br-ca17d61e5c8a: port 2(veth5db5f7c) entered disabled state"}
2026-01-06T23:26:12+01:00	syslog.kern.info	{"host":"rc2","ident":"kernel","message":"eth0: renamed from veth1ec5b5a"}
2026-01-06T23:26:12+01:00	syslog.kern.info	{"host":"rc2","ident":"kernel","message":"eth0: renamed from veth122acf0"}
2026-01-06T23:26:12+01:00	syslog.kern.info	{"host":"rc2","ident":"kernel","message":"eth0: renamed from veth823bc27"}
2026-01-06T23:26:12+01:00	syslog.kern.info	{"host":"rc2","ident":"kernel","message":"br-4a8b3ff1c1fe: port 2(veth80f7f53) entered blocking state"}
2026-01-06T23:26:12+01:00	syslog.kern.info	{"host":"rc2","ident":"kernel","message":"br-4a8b3ff1c1fe: port 2(veth80f7f53) entered forwarding state"}
2026-01-06T23:26:12+01:00	syslog.kern.info	{"host":"rc2","ident":"kernel","message":"br-8f99cead1c89: port 2(veth1e7ffe9) entered blocking state"}
2026-01-06T23:26:12+01:00	syslog.kern.info	{"host":"rc2","ident":"kernel","message":"br-8f99cead1c89: port 2(veth1e7ffe9) entered forwarding state"}
2026-01-06T23:26:12+01:00	syslog.kern.info	{"host":"rc2","ident":"kernel","message":"br-ca17d61e5c8a: port 2(veth5db5f7c) entered blocking state"}
2026-01-06T23:26:12+01:00	syslog.kern.info	{"host":"rc2","ident":"kernel","message":"br-ca17d61e5c8a: port 2(veth5db5f7c) entered forwarding state"}
2026-01-06T23:26:13+01:00	syslog.daemon.info	{"host":"rc2","ident":"zebra","pid":"57","message":"[VTVCM-Y2NW3] Configuration Read in Took: 00:00:00"}
2026-01-06T23:26:13+01:00	syslog.daemon.info	{"host":"rc2","ident":"ospfd","pid":"69","message":"[VTVCM-Y2NW3] Configuration Read in Took: 00:00:00"}
2026-01-06T23:26:13+01:00	syslog.daemon.info	{"host":"rc2","ident":"bgpd","pid":"62","message":"[VTVCM-Y2NW3] Configuration Read in Took: 00:00:00"}
2026-01-06T23:26:13+01:00	syslog.daemon.info	{"host":"rc2","ident":"staticd","pid":"72","message":"[VTVCM-Y2NW3] Configuration Read in Took: 00:00:00"}
2026-01-06T23:26:13+01:00	syslog.daemon.notice	{"host":"rc2","ident":"watchfrr","pid":"38","message":"[QDG3Y-BY5TN] zebra state -> up : connect succeeded"}
2026-01-06T23:26:13+01:00	syslog.daemon.notice	{"host":"rc2","ident":"watchfrr","pid":"38","message":"[QDG3Y-BY5TN] bgpd state -> up : connect succeeded"}
2026-01-06T23:26:13+01:00	syslog.daemon.notice	{"host":"rc2","ident":"watchfrr","pid":"38","message":"[QDG3Y-BY5TN] ospfd state -> up : connect succeeded"}
2026-01-06T23:26:13+01:00	syslog.daemon.notice	{"host":"rc2","ident":"watchfrr","pid":"38","message":"[QDG3Y-BY5TN] staticd state -> up : connect succeeded"}
2026-01-06T23:26:13+01:00	syslog.daemon.notice	{"host":"rc2","ident":"watchfrr","pid":"38","message":"[KWE5Q-QNGFC] all daemons up, doing startup-complete notify"}
2026-01-06T23:26:53+01:00	syslog.daemon.info	{"host":"rc2","ident":"ospfd","pid":"69","message":"[S5PCG-77H23] Packet[DD]: Neighbor 10.2.0.4 Negotiation done (Master)."}
2026-01-06T23:27:12+01:00	syslog.syslog.notice	{"host":"rc2","ident":"syslog-ng","pid":"17","message":"Syslog connection established; fd='5', server='AF_INET(10.100.0.3:5140)', local='AF_INET(0.0.0.0:0)'"}
2026-01-06T23:35:48+01:00	syslog.kern.info	{"host":"rb","ident":"kernel","message":"mini_init (246): drop_caches: 1"}
2026-01-06T23:35:48+01:00	syslog.kern.info	{"host":"rc1","ident":"kernel","message":"mini_init (246): drop_caches: 1"}
2026-01-06T23:35:48+01:00	syslog.kern.info	{"host":"rc2","ident":"kernel","message":"mini_init (246): drop_caches: 1"}
2026-01-06T23:35:48+01:00	syslog.kern.info	{"host":"ra","ident":"kernel","message":"mini_init (246): drop_caches: 1"}
2026-01-06T23:42:24+01:00	syslog.kern.info	{"host":"rb","ident":"kernel","message":"veth122acf0: renamed from eth0"}
2026-01-06T23:42:24+01:00	syslog.kern.info	{"host":"ra","ident":"kernel","message":"veth122acf0: renamed from eth0"}
