2025-12-01T18:58:07+00:00	fluent.info	{"pid":13,"ppid":7,"worker":0,"message":"starting fluentd worker pid=13 ppid=7 worker=0"}
2025-12-01T18:58:07+00:00	fluent.info	{"message":"listening syslog socket on 0.0.0.0:5140 with tcp"}
2025-12-01T18:58:07+00:00	fluent.info	{"port":24224,"bind":"0.0.0.0","message":"listening port port=24224 bind=\"0.0.0.0\""}
2025-12-01T18:58:07+00:00	fluent.info	{"worker":0,"message":"fluentd worker is now running worker=0"}
2025-12-01T18:58:06+00:00	ra	{"container_name":"/docker_ra_1","source":"stdout","log":" * Starting system logging syslog-ng","container_id":"a59a2382a406578a164a45602122a4ab3a4b6cc7311783e3e710ba0743225996"}
2025-12-01T18:58:06+00:00	ra	{"container_id":"a59a2382a406578a164a45602122a4ab3a4b6cc7311783e3e710ba0743225996","container_name":"/docker_ra_1","source":"stderr","log":"[2025-12-01T18:58:06.920896] WARNING: Configuration file format is too old, syslog-ng is running in compatibility mode. Please update it to use the syslog-ng 3.35 format at your time of convenience. To upgrade the configuration, please review the warnings about incompatible changes printed by syslog-ng, and once completed change the @version header at the top of the configuration file; config-version='3.27'"}
2025-12-01T18:58:07+00:00	ra	{"source":"stderr","log":"[2025-12-01T18:58:07.014361] WARNING: The internal_queue_length stat counter has been renamed to internal_source.queued. The old name will be removed in future versions; config-version='3.27'","container_id":"a59a2382a406578a164a45602122a4ab3a4b6cc7311783e3e710ba0743225996","container_name":"/docker_ra_1"}
2025-12-01T18:58:07+00:00	ra	{"log":"   ...done.","container_id":"a59a2382a406578a164a45602122a4ab3a4b6cc7311783e3e710ba0743225996","container_name":"/docker_ra_1","source":"stdout"}
2025-12-01T18:58:07+00:00	ra	{"source":"stdout","log":" * Started watchfrr","container_id":"a59a2382a406578a164a45602122a4ab3a4b6cc7311783e3e710ba0743225996","container_name":"/docker_ra_1"}
2025-12-01T18:58:07+00:00	ra	{"container_id":"a59a2382a406578a164a45602122a4ab3a4b6cc7311783e3e710ba0743225996","container_name":"/docker_ra_1","source":"stdout","log":""}
2025-12-01T18:58:07+00:00	ra	{"log":"Hello, this is FRRouting (version 8.1).","container_id":"a59a2382a406578a164a45602122a4ab3a4b6cc7311783e3e710ba0743225996","container_name":"/docker_ra_1","source":"stdout"}
2025-12-01T18:58:07+00:00	ra	{"container_id":"a59a2382a406578a164a45602122a4ab3a4b6cc7311783e3e710ba0743225996","container_name":"/docker_ra_1","source":"stdout","log":"Copyright 1996-2005 Kunihiro Ishiguro, et al."}
2025-12-01T18:58:07+00:00	ra	{"container_id":"a59a2382a406578a164a45602122a4ab3a4b6cc7311783e3e710ba0743225996","container_name":"/docker_ra_1","source":"stdout","log":""}
2025-12-01T18:58:07+00:00	ra	{"source":"stdout","log":"ra# conf t","container_id":"a59a2382a406578a164a45602122a4ab3a4b6cc7311783e3e710ba0743225996","container_name":"/docker_ra_1"}
2025-12-01T18:58:07+00:00	ra	{"container_name":"/docker_ra_1","source":"stdout","log":"ra(config)# log file /shared-volume/frr/frr1.log","container_id":"a59a2382a406578a164a45602122a4ab3a4b6cc7311783e3e710ba0743225996"}
2025-12-01T18:58:07+00:00	ra	{"source":"stdout","log":"can't open logfile /shared-volume/frr/frr1.log","container_id":"a59a2382a406578a164a45602122a4ab3a4b6cc7311783e3e710ba0743225996","container_name":"/docker_ra_1"}
2025-12-01T18:58:07+00:00	ra	{"log":"ra(config)# router ospf","container_id":"a59a2382a406578a164a45602122a4ab3a4b6cc7311783e3e710ba0743225996","container_name":"/docker_ra_1","source":"stdout"}
2025-12-01T18:58:07+00:00	ra	{"container_id":"a59a2382a406578a164a45602122a4ab3a4b6cc7311783e3e710ba0743225996","container_name":"/docker_ra_1","source":"stdout","log":"ra(config-router)# network 10.2.0.0/29 area 0"}
2025-12-01T18:58:07+00:00	ra	{"source":"stdout","log":"ra(config-router)# network 10.0.1.0/24 area 0","container_id":"a59a2382a406578a164a45602122a4ab3a4b6cc7311783e3e710ba0743225996","container_name":"/docker_ra_1"}
2025-12-01T18:58:07+00:00	ra	{"container_id":"a59a2382a406578a164a45602122a4ab3a4b6cc7311783e3e710ba0743225996","container_name":"/docker_ra_1","source":"stdout","log":"ra(config-router)# network 10.0.2.0/24 area 0"}
2025-12-01T18:58:07+00:00	ra	{"container_id":"a59a2382a406578a164a45602122a4ab3a4b6cc7311783e3e710ba0743225996","container_name":"/docker_ra_1","source":"stdout","log":"ra(config-router)# end"}
2025-12-01T18:58:07+00:00	ra	{"log":"ra# ","container_id":"a59a2382a406578a164a45602122a4ab3a4b6cc7311783e3e710ba0743225996","container_name":"/docker_ra_1","source":"stdout"}
2025-12-01T18:58:06+00:00	rb	{"source":"stdout","log":" * Starting system logging syslog-ng","container_id":"f940dd6f4d73673e1848ef8b080e4ea7277c8e9595ce7377a725410207a0e993","container_name":"/docker_rb_1"}
2025-12-01T18:58:06+00:00	rb	{"source":"stderr","log":"[2025-12-01T18:58:06.884000] WARNING: Configuration file format is too old, syslog-ng is running in compatibility mode. Please update it to use the syslog-ng 3.35 format at your time of convenience. To upgrade the configuration, please review the warnings about incompatible changes printed by syslog-ng, and once completed change the @version header at the top of the configuration file; config-version='3.27'","container_id":"f940dd6f4d73673e1848ef8b080e4ea7277c8e9595ce7377a725410207a0e993","container_name":"/docker_rb_1"}
2025-12-01T18:58:06+00:00	rb	{"log":"[2025-12-01T18:58:06.974931] WARNING: The internal_queue_length stat counter has been renamed to internal_source.queued. The old name will be removed in future versions; config-version='3.27'","container_id":"f940dd6f4d73673e1848ef8b080e4ea7277c8e9595ce7377a725410207a0e993","container_name":"/docker_rb_1","source":"stderr"}
2025-12-01T18:58:06+00:00	rb	{"container_id":"f940dd6f4d73673e1848ef8b080e4ea7277c8e9595ce7377a725410207a0e993","container_name":"/docker_rb_1","source":"stdout","log":"   ...done."}
2025-12-01T18:58:07+00:00	rb	{"log":" * Started watchfrr","container_id":"f940dd6f4d73673e1848ef8b080e4ea7277c8e9595ce7377a725410207a0e993","container_name":"/docker_rb_1","source":"stdout"}
2025-12-01T18:58:07+00:00	rb	{"source":"stdout","log":"","container_id":"f940dd6f4d73673e1848ef8b080e4ea7277c8e9595ce7377a725410207a0e993","container_name":"/docker_rb_1"}
2025-12-01T18:58:07+00:00	rb	{"source":"stdout","log":"Hello, this is FRRouting (version 8.1).","container_id":"f940dd6f4d73673e1848ef8b080e4ea7277c8e9595ce7377a725410207a0e993","container_name":"/docker_rb_1"}
2025-12-01T18:58:07+00:00	rb	{"container_name":"/docker_rb_1","source":"stdout","log":"Copyright 1996-2005 Kunihiro Ishiguro, et al.","container_id":"f940dd6f4d73673e1848ef8b080e4ea7277c8e9595ce7377a725410207a0e993"}
2025-12-01T18:58:07+00:00	rb	{"container_id":"f940dd6f4d73673e1848ef8b080e4ea7277c8e9595ce7377a725410207a0e993","container_name":"/docker_rb_1","source":"stdout","log":""}
2025-12-01T18:58:07+00:00	rb	{"container_id":"f940dd6f4d73673e1848ef8b080e4ea7277c8e9595ce7377a725410207a0e993","container_name":"/docker_rb_1","source":"stdout","log":"rb# conf t"}
2025-12-01T18:58:07+00:00	rb	{"container_name":"/docker_rb_1","source":"stdout","log":"rb(config)# log file /shared-volume/frr/frr2.log","container_id":"f940dd6f4d73673e1848ef8b080e4ea7277c8e9595ce7377a725410207a0e993"}
2025-12-01T18:58:07+00:00	rb	{"container_id":"f940dd6f4d73673e1848ef8b080e4ea7277c8e9595ce7377a725410207a0e993","container_name":"/docker_rb_1","source":"stdout","log":"can't open logfile /shared-volume/frr/frr2.log"}
2025-12-01T18:58:07+00:00	rb	{"container_id":"f940dd6f4d73673e1848ef8b080e4ea7277c8e9595ce7377a725410207a0e993","container_name":"/docker_rb_1","source":"stdout","log":"rb(config)# router ospf"}
2025-12-01T18:58:07+00:00	rb	{"source":"stdout","log":"rb(config-router)# network 10.3.0.0/29 area 0","container_id":"f940dd6f4d73673e1848ef8b080e4ea7277c8e9595ce7377a725410207a0e993","container_name":"/docker_rb_1"}
2025-12-01T18:58:07+00:00	rb	{"container_id":"f940dd6f4d73673e1848ef8b080e4ea7277c8e9595ce7377a725410207a0e993","container_name":"/docker_rb_1","source":"stdout","log":"rb(config-router)# network 10.0.3.0/24 area 0"}
2025-12-01T18:58:07+00:00	rb	{"log":"rb(config-router)# network 10.0.4.0/24 area 0","container_id":"f940dd6f4d73673e1848ef8b080e4ea7277c8e9595ce7377a725410207a0e993","container_name":"/docker_rb_1","source":"stdout"}
2025-12-01T18:58:07+00:00	rb	{"container_id":"f940dd6f4d73673e1848ef8b080e4ea7277c8e9595ce7377a725410207a0e993","container_name":"/docker_rb_1","source":"stdout","log":"rb(config-router)# end"}
2025-12-01T18:58:07+00:00	rb	{"log":"rb# ","container_id":"f940dd6f4d73673e1848ef8b080e4ea7277c8e9595ce7377a725410207a0e993","container_name":"/docker_rb_1","source":"stdout"}
2025-12-01T18:59:44+00:00	fluent.info	{"pid":13,"ppid":7,"worker":0,"message":"starting fluentd worker pid=13 ppid=7 worker=0"}
2025-12-01T18:59:44+00:00	fluent.info	{"message":"listening syslog socket on 0.0.0.0:5140 with tcp"}
2025-12-01T18:59:44+00:00	fluent.info	{"port":24224,"bind":"0.0.0.0","message":"listening port port=24224 bind=\"0.0.0.0\""}
2025-12-01T18:59:44+00:00	fluent.info	{"worker":0,"message":"fluentd worker is now running worker=0"}
2025-12-01T18:59:43+00:00	rc1	{"source":"stdout","log":" * Starting system logging syslog-ng","container_id":"ec550e093080713a63942ee653a3c909dffe2f4800fc494ef8aecf5fd0d18f69","container_name":"/docker_rc1_1"}
2025-12-01T18:59:43+00:00	rc1	{"log":"[2025-12-01T18:59:43.768151] WARNING: Configuration file format is too old, syslog-ng is running in compatibility mode. Please update it to use the syslog-ng 3.35 format at your time of convenience. To upgrade the configuration, please review the warnings about incompatible changes printed by syslog-ng, and once completed change the @version header at the top of the configuration file; config-version='3.27'","container_id":"ec550e093080713a63942ee653a3c909dffe2f4800fc494ef8aecf5fd0d18f69","container_name":"/docker_rc1_1","source":"stderr"}
2025-12-01T18:59:43+00:00	rc1	{"container_id":"ec550e093080713a63942ee653a3c909dffe2f4800fc494ef8aecf5fd0d18f69","container_name":"/docker_rc1_1","source":"stderr","log":"[2025-12-01T18:59:43.824346] WARNING: The internal_queue_length stat counter has been renamed to internal_source.queued. The old name will be removed in future versions; config-version='3.27'"}
2025-12-01T18:59:43+00:00	rc1	{"container_name":"/docker_rc1_1","source":"stdout","log":"   ...done.","container_id":"ec550e093080713a63942ee653a3c909dffe2f4800fc494ef8aecf5fd0d18f69"}
2025-12-01T18:59:44+00:00	rc1	{"source":"stdout","log":" * Started watchfrr","container_id":"ec550e093080713a63942ee653a3c909dffe2f4800fc494ef8aecf5fd0d18f69","container_name":"/docker_rc1_1"}
2025-12-01T18:59:44+00:00	rc1	{"container_id":"ec550e093080713a63942ee653a3c909dffe2f4800fc494ef8aecf5fd0d18f69","container_name":"/docker_rc1_1","source":"stdout","log":""}
2025-12-01T18:59:44+00:00	rc1	{"log":"Hello, this is FRRouting (version 8.1).","container_id":"ec550e093080713a63942ee653a3c909dffe2f4800fc494ef8aecf5fd0d18f69","container_name":"/docker_rc1_1","source":"stdout"}
2025-12-01T18:59:44+00:00	rc1	{"log":"Copyright 1996-2005 Kunihiro Ishiguro, et al.","container_id":"ec550e093080713a63942ee653a3c909dffe2f4800fc494ef8aecf5fd0d18f69","container_name":"/docker_rc1_1","source":"stdout"}
2025-12-01T18:59:44+00:00	rc1	{"log":"","container_id":"ec550e093080713a63942ee653a3c909dffe2f4800fc494ef8aecf5fd0d18f69","container_name":"/docker_rc1_1","source":"stdout"}
2025-12-01T18:59:44+00:00	rc1	{"log":"rc1# conf t","container_id":"ec550e093080713a63942ee653a3c909dffe2f4800fc494ef8aecf5fd0d18f69","container_name":"/docker_rc1_1","source":"stdout"}
2025-12-01T18:59:44+00:00	rc1	{"container_id":"ec550e093080713a63942ee653a3c909dffe2f4800fc494ef8aecf5fd0d18f69","container_name":"/docker_rc1_1","source":"stdout","log":"rc1(config)# log file /shared-volume/frr/frr3.log"}
2025-12-01T18:59:44+00:00	rc1	{"container_id":"ec550e093080713a63942ee653a3c909dffe2f4800fc494ef8aecf5fd0d18f69","container_name":"/docker_rc1_1","source":"stdout","log":"can't open logfile /shared-volume/frr/frr3.log"}
2025-12-01T18:59:44+00:00	rc1	{"container_id":"ec550e093080713a63942ee653a3c909dffe2f4800fc494ef8aecf5fd0d18f69","container_name":"/docker_rc1_1","source":"stdout","log":"rc1(config)# router ospf"}
2025-12-01T18:59:44+00:00	rc1	{"container_id":"ec550e093080713a63942ee653a3c909dffe2f4800fc494ef8aecf5fd0d18f69","container_name":"/docker_rc1_1","source":"stdout","log":"rc1(config-router)# network 10.100.0.0/24 area 0"}
2025-12-01T18:59:44+00:00	rc1	{"container_id":"ec550e093080713a63942ee653a3c909dffe2f4800fc494ef8aecf5fd0d18f69","container_name":"/docker_rc1_1","source":"stdout","log":"rc1(config-router)# network 10.1.0.0/29 area 0"}
2025-12-01T18:59:44+00:00	rc1	{"container_id":"ec550e093080713a63942ee653a3c909dffe2f4800fc494ef8aecf5fd0d18f69","container_name":"/docker_rc1_1","source":"stdout","log":"rc1(config-router)# end"}
2025-12-01T18:59:44+00:00	rc1	{"container_id":"ec550e093080713a63942ee653a3c909dffe2f4800fc494ef8aecf5fd0d18f69","container_name":"/docker_rc1_1","source":"stdout","log":"rc1# "}
2025-12-01T18:59:43+00:00	rb	{"container_name":"/docker_rb_1","source":"stdout","log":" * Starting system logging syslog-ng","container_id":"cf820cef7d70b6225a8f743fd9ed78a5753e28e77f2592dab44c5c76a6f45c25"}
2025-12-01T18:59:43+00:00	rb	{"container_id":"cf820cef7d70b6225a8f743fd9ed78a5753e28e77f2592dab44c5c76a6f45c25","container_name":"/docker_rb_1","source":"stderr","log":"[2025-12-01T18:59:43.801533] WARNING: Configuration file format is too old, syslog-ng is running in compatibility mode. Please update it to use the syslog-ng 3.35 format at your time of convenience. To upgrade the configuration, please review the warnings about incompatible changes printed by syslog-ng, and once completed change the @version header at the top of the configuration file; config-version='3.27'"}
2025-12-01T18:59:43+00:00	rb	{"container_name":"/docker_rb_1","source":"stderr","log":"[2025-12-01T18:59:43.906035] WARNING: The internal_queue_length stat counter has been renamed to internal_source.queued. The old name will be removed in future versions; config-version='3.27'","container_id":"cf820cef7d70b6225a8f743fd9ed78a5753e28e77f2592dab44c5c76a6f45c25"}
2025-12-01T18:59:43+00:00	rb	{"container_id":"cf820cef7d70b6225a8f743fd9ed78a5753e28e77f2592dab44c5c76a6f45c25","container_name":"/docker_rb_1","source":"stdout","log":"   ...done."}
2025-12-01T18:59:44+00:00	rb	{"container_name":"/docker_rb_1","source":"stdout","log":" * Started watchfrr","container_id":"cf820cef7d70b6225a8f743fd9ed78a5753e28e77f2592dab44c5c76a6f45c25"}
2025-12-01T18:59:44+00:00	rb	{"container_id":"cf820cef7d70b6225a8f743fd9ed78a5753e28e77f2592dab44c5c76a6f45c25","container_name":"/docker_rb_1","source":"stdout","log":""}
2025-12-01T18:59:44+00:00	rb	{"source":"stdout","log":"Hello, this is FRRouting (version 8.1).","container_id":"cf820cef7d70b6225a8f743fd9ed78a5753e28e77f2592dab44c5c76a6f45c25","container_name":"/docker_rb_1"}
2025-12-01T18:59:44+00:00	rb	{"log":"Copyright 1996-2005 Kunihiro Ishiguro, et al.","container_id":"cf820cef7d70b6225a8f743fd9ed78a5753e28e77f2592dab44c5c76a6f45c25","container_name":"/docker_rb_1","source":"stdout"}
2025-12-01T18:59:44+00:00	rb	{"container_id":"cf820cef7d70b6225a8f743fd9ed78a5753e28e77f2592dab44c5c76a6f45c25","container_name":"/docker_rb_1","source":"stdout","log":""}
2025-12-01T18:59:44+00:00	rb	{"container_id":"cf820cef7d70b6225a8f743fd9ed78a5753e28e77f2592dab44c5c76a6f45c25","container_name":"/docker_rb_1","source":"stdout","log":"rb# conf t"}
2025-12-01T18:59:44+00:00	rb	{"log":"rb(config)# log file /shared-volume/frr/frr2.log","container_id":"cf820cef7d70b6225a8f743fd9ed78a5753e28e77f2592dab44c5c76a6f45c25","container_name":"/docker_rb_1","source":"stdout"}
2025-12-01T18:59:44+00:00	rb	{"log":"can't open logfile /shared-volume/frr/frr2.log","container_id":"cf820cef7d70b6225a8f743fd9ed78a5753e28e77f2592dab44c5c76a6f45c25","container_name":"/docker_rb_1","source":"stdout"}
2025-12-01T18:59:44+00:00	rb	{"container_name":"/docker_rb_1","source":"stdout","log":"rb(config)# router ospf","container_id":"cf820cef7d70b6225a8f743fd9ed78a5753e28e77f2592dab44c5c76a6f45c25"}
2025-12-01T18:59:44+00:00	rb	{"log":"rb(config-router)# network 10.3.0.0/29 area 0","container_id":"cf820cef7d70b6225a8f743fd9ed78a5753e28e77f2592dab44c5c76a6f45c25","container_name":"/docker_rb_1","source":"stdout"}
2025-12-01T18:59:44+00:00	rb	{"container_id":"cf820cef7d70b6225a8f743fd9ed78a5753e28e77f2592dab44c5c76a6f45c25","container_name":"/docker_rb_1","source":"stdout","log":"rb(config-router)# network 10.0.3.0/24 area 0"}
2025-12-01T18:59:44+00:00	rb	{"log":"rb(config-router)# network 10.0.4.0/24 area 0","container_id":"cf820cef7d70b6225a8f743fd9ed78a5753e28e77f2592dab44c5c76a6f45c25","container_name":"/docker_rb_1","source":"stdout"}
2025-12-01T18:59:44+00:00	rb	{"container_id":"cf820cef7d70b6225a8f743fd9ed78a5753e28e77f2592dab44c5c76a6f45c25","container_name":"/docker_rb_1","source":"stdout","log":"rb(config-router)# end"}
2025-12-01T18:59:44+00:00	rb	{"source":"stdout","log":"rb# ","container_id":"cf820cef7d70b6225a8f743fd9ed78a5753e28e77f2592dab44c5c76a6f45c25","container_name":"/docker_rb_1"}
2025-12-01T18:59:43+00:00	rc2	{"container_id":"230296ef371b10d8b2be9a59a16ada857df58c11efec0b4590da40a3f9918df5","container_name":"/docker_rc2_1","source":"stdout","log":" * Starting system logging syslog-ng"}
2025-12-01T18:59:43+00:00	rc2	{"log":"[2025-12-01T18:59:43.902772] WARNING: Configuration file format is too old, syslog-ng is running in compatibility mode. Please update it to use the syslog-ng 3.35 format at your time of convenience. To upgrade the configuration, please review the warnings about incompatible changes printed by syslog-ng, and once completed change the @version header at the top of the configuration file; config-version='3.27'","container_id":"230296ef371b10d8b2be9a59a16ada857df58c11efec0b4590da40a3f9918df5","container_name":"/docker_rc2_1","source":"stderr"}
2025-12-01T18:59:44+00:00	rc2	{"container_id":"230296ef371b10d8b2be9a59a16ada857df58c11efec0b4590da40a3f9918df5","container_name":"/docker_rc2_1","source":"stderr","log":"[2025-12-01T18:59:44.053521] WARNING: The internal_queue_length stat counter has been renamed to internal_source.queued. The old name will be removed in future versions; config-version='3.27'"}
2025-12-01T18:59:44+00:00	rc2	{"container_id":"230296ef371b10d8b2be9a59a16ada857df58c11efec0b4590da40a3f9918df5","container_name":"/docker_rc2_1","source":"stdout","log":"   ...done."}
2025-12-01T18:59:44+00:00	rc2	{"container_id":"230296ef371b10d8b2be9a59a16ada857df58c11efec0b4590da40a3f9918df5","container_name":"/docker_rc2_1","source":"stdout","log":" * Started watchfrr"}
2025-12-01T18:59:45+00:00	rc2	{"container_name":"/docker_rc2_1","source":"stdout","log":"","container_id":"230296ef371b10d8b2be9a59a16ada857df58c11efec0b4590da40a3f9918df5"}
2025-12-01T18:59:45+00:00	rc2	{"source":"stdout","log":"Hello, this is FRRouting (version 8.1).","container_id":"230296ef371b10d8b2be9a59a16ada857df58c11efec0b4590da40a3f9918df5","container_name":"/docker_rc2_1"}
2025-12-01T18:59:45+00:00	rc2	{"container_id":"230296ef371b10d8b2be9a59a16ada857df58c11efec0b4590da40a3f9918df5","container_name":"/docker_rc2_1","source":"stdout","log":"Copyright 1996-2005 Kunihiro Ishiguro, et al."}
2025-12-01T18:59:45+00:00	rc2	{"log":"","container_id":"230296ef371b10d8b2be9a59a16ada857df58c11efec0b4590da40a3f9918df5","container_name":"/docker_rc2_1","source":"stdout"}
2025-12-01T18:59:45+00:00	rc2	{"container_id":"230296ef371b10d8b2be9a59a16ada857df58c11efec0b4590da40a3f9918df5","container_name":"/docker_rc2_1","source":"stdout","log":"rc2# conf t"}
2025-12-01T18:59:45+00:00	rc2	{"container_name":"/docker_rc2_1","source":"stdout","log":"rc2(config)# log file /shared-volume/frr/frr4.log","container_id":"230296ef371b10d8b2be9a59a16ada857df58c11efec0b4590da40a3f9918df5"}
2025-12-01T18:59:45+00:00	rc2	{"container_id":"230296ef371b10d8b2be9a59a16ada857df58c11efec0b4590da40a3f9918df5","container_name":"/docker_rc2_1","source":"stdout","log":"can't open logfile /shared-volume/frr/frr4.log"}
2025-12-01T18:59:45+00:00	rc2	{"container_name":"/docker_rc2_1","source":"stdout","log":"rc2(config)# router ospf","container_id":"230296ef371b10d8b2be9a59a16ada857df58c11efec0b4590da40a3f9918df5"}
2025-12-01T18:59:45+00:00	rc2	{"container_name":"/docker_rc2_1","source":"stdout","log":"rc2(config-router)# network 10.1.0.0/29 area 0","container_id":"230296ef371b10d8b2be9a59a16ada857df58c11efec0b4590da40a3f9918df5"}
2025-12-01T18:59:45+00:00	rc2	{"container_id":"230296ef371b10d8b2be9a59a16ada857df58c11efec0b4590da40a3f9918df5","container_name":"/docker_rc2_1","source":"stdout","log":"rc2(config-router)# network 10.2.0.0/29 area 0"}
2025-12-01T18:59:45+00:00	rc2	{"container_name":"/docker_rc2_1","source":"stdout","log":"rc2(config-router)# network 10.3.0.0/29 area 0","container_id":"230296ef371b10d8b2be9a59a16ada857df58c11efec0b4590da40a3f9918df5"}
2025-12-01T18:59:45+00:00	rc2	{"container_id":"230296ef371b10d8b2be9a59a16ada857df58c11efec0b4590da40a3f9918df5","container_name":"/docker_rc2_1","source":"stdout","log":"rc2(config-router)# end"}
2025-12-01T18:59:45+00:00	rc2	{"container_id":"230296ef371b10d8b2be9a59a16ada857df58c11efec0b4590da40a3f9918df5","container_name":"/docker_rc2_1","source":"stdout","log":"rc2# "}
2025-12-01T18:59:43+00:00	ra	{"container_name":"/docker_ra_1","source":"stdout","log":" * Starting system logging syslog-ng","container_id":"6ae948343b21244b68b918cd29d0a63bf1d1d9fb74fd15eeb2b29bb88091131a"}
2025-12-01T18:59:43+00:00	ra	{"container_name":"/docker_ra_1","source":"stderr","log":"[2025-12-01T18:59:43.925951] WARNING: Configuration file format is too old, syslog-ng is running in compatibility mode. Please update it to use the syslog-ng 3.35 format at your time of convenience. To upgrade the configuration, please review the warnings about incompatible changes printed by syslog-ng, and once completed change the @version header at the top of the configuration file; config-version='3.27'","container_id":"6ae948343b21244b68b918cd29d0a63bf1d1d9fb74fd15eeb2b29bb88091131a"}
2025-12-01T18:59:44+00:00	ra	{"container_name":"/docker_ra_1","source":"stderr","log":"[2025-12-01T18:59:44.064323] WARNING: The internal_queue_length stat counter has been renamed to internal_source.queued. The old name will be removed in future versions; config-version='3.27'","container_id":"6ae948343b21244b68b918cd29d0a63bf1d1d9fb74fd15eeb2b29bb88091131a"}
2025-12-01T18:59:44+00:00	ra	{"log":"   ...done.","container_id":"6ae948343b21244b68b918cd29d0a63bf1d1d9fb74fd15eeb2b29bb88091131a","container_name":"/docker_ra_1","source":"stdout"}
2025-12-01T18:59:44+00:00	ra	{"container_id":"6ae948343b21244b68b918cd29d0a63bf1d1d9fb74fd15eeb2b29bb88091131a","container_name":"/docker_ra_1","source":"stdout","log":" * Started watchfrr"}
2025-12-01T18:59:45+00:00	ra	{"container_name":"/docker_ra_1","source":"stdout","log":"","container_id":"6ae948343b21244b68b918cd29d0a63bf1d1d9fb74fd15eeb2b29bb88091131a"}
2025-12-01T18:59:45+00:00	ra	{"container_id":"6ae948343b21244b68b918cd29d0a63bf1d1d9fb74fd15eeb2b29bb88091131a","container_name":"/docker_ra_1","source":"stdout","log":"Hello, this is FRRouting (version 8.1)."}
2025-12-01T18:59:45+00:00	ra	{"container_id":"6ae948343b21244b68b918cd29d0a63bf1d1d9fb74fd15eeb2b29bb88091131a","container_name":"/docker_ra_1","source":"stdout","log":"Copyright 1996-2005 Kunihiro Ishiguro, et al."}
2025-12-01T18:59:45+00:00	ra	{"container_name":"/docker_ra_1","source":"stdout","log":"","container_id":"6ae948343b21244b68b918cd29d0a63bf1d1d9fb74fd15eeb2b29bb88091131a"}
2025-12-01T18:59:45+00:00	ra	{"log":"ra# conf t","container_id":"6ae948343b21244b68b918cd29d0a63bf1d1d9fb74fd15eeb2b29bb88091131a","container_name":"/docker_ra_1","source":"stdout"}
2025-12-01T18:59:45+00:00	ra	{"source":"stdout","log":"ra(config)# log file /shared-volume/frr/frr1.log","container_id":"6ae948343b21244b68b918cd29d0a63bf1d1d9fb74fd15eeb2b29bb88091131a","container_name":"/docker_ra_1"}
2025-12-01T18:59:45+00:00	ra	{"container_id":"6ae948343b21244b68b918cd29d0a63bf1d1d9fb74fd15eeb2b29bb88091131a","container_name":"/docker_ra_1","source":"stdout","log":"can't open logfile /shared-volume/frr/frr1.log"}
2025-12-01T18:59:45+00:00	ra	{"container_id":"6ae948343b21244b68b918cd29d0a63bf1d1d9fb74fd15eeb2b29bb88091131a","container_name":"/docker_ra_1","source":"stdout","log":"ra(config)# router ospf"}
2025-12-01T18:59:45+00:00	ra	{"container_id":"6ae948343b21244b68b918cd29d0a63bf1d1d9fb74fd15eeb2b29bb88091131a","container_name":"/docker_ra_1","source":"stdout","log":"ra(config-router)# network 10.2.0.0/29 area 0"}
2025-12-01T18:59:45+00:00	ra	{"log":"ra(config-router)# network 10.0.1.0/24 area 0","container_id":"6ae948343b21244b68b918cd29d0a63bf1d1d9fb74fd15eeb2b29bb88091131a","container_name":"/docker_ra_1","source":"stdout"}
2025-12-01T18:59:45+00:00	ra	{"container_id":"6ae948343b21244b68b918cd29d0a63bf1d1d9fb74fd15eeb2b29bb88091131a","container_name":"/docker_ra_1","source":"stdout","log":"ra(config-router)# network 10.0.2.0/24 area 0"}
2025-12-01T18:59:45+00:00	ra	{"container_id":"6ae948343b21244b68b918cd29d0a63bf1d1d9fb74fd15eeb2b29bb88091131a","container_name":"/docker_ra_1","source":"stdout","log":"ra(config-router)# end"}
2025-12-01T18:59:45+00:00	ra	{"source":"stdout","log":"ra# ","container_id":"6ae948343b21244b68b918cd29d0a63bf1d1d9fb74fd15eeb2b29bb88091131a","container_name":"/docker_ra_1"}
2025-12-01T18:59:43+00:00	syslog.syslog.notice	{"host":"rc1","ident":"syslog-ng","pid":"17","message":"syslog-ng starting up; version='3.35.1'"}
2025-12-01T18:59:43+00:00	syslog.syslog.err	{"host":"rc1","ident":"syslog-ng","pid":"17","message":"Syslog connection failed; fd='15', server='AF_INET(10.100.0.3:5140)', error='Connection refused (111)', time_reopen='60'"}
2025-12-01T18:59:43+00:00	syslog.kern.info	{"host":"rc1","ident":"kernel","message":"eth2: renamed from vetha4eedf3"}
2025-12-01T18:59:43+00:00	syslog.kern.info	{"host":"rc1","ident":"kernel","message":"br-4a5031a320c1: port 2(veth21e4dfc) entered blocking state"}
2025-12-01T18:59:43+00:00	syslog.kern.info	{"host":"rc1","ident":"kernel","message":"br-4a5031a320c1: port 2(veth21e4dfc) entered forwarding state"}
2025-12-01T18:59:43+00:00	syslog.daemon.notice	{"host":"rc1","ident":"watchfrr","pid":"38","message":"[T83RR-8SM5G] watchfrr 8.1 starting: vty@0"}
2025-12-01T18:59:43+00:00	syslog.daemon.info	{"host":"rc1","ident":"watchfrr","pid":"38","message":"[ZCJ3S-SPH5S] zebra state -> down : initial connection attempt failed"}
2025-12-01T18:59:43+00:00	syslog.daemon.info	{"host":"rc1","ident":"watchfrr","pid":"38","message":"[ZCJ3S-SPH5S] bgpd state -> down : initial connection attempt failed"}
2025-12-01T18:59:43+00:00	syslog.daemon.info	{"host":"rc1","ident":"watchfrr","pid":"38","message":"[ZCJ3S-SPH5S] ospfd state -> down : initial connection attempt failed"}
2025-12-01T18:59:43+00:00	syslog.daemon.info	{"host":"rc1","ident":"watchfrr","pid":"38","message":"[ZCJ3S-SPH5S] staticd state -> down : initial connection attempt failed"}
2025-12-01T18:59:43+00:00	syslog.daemon.info	{"host":"rc1","ident":"watchfrr","pid":"38","message":"[YFT0P-5Q5YX] Forked background command [pid 39]: /usr/lib/frr/watchfrr.sh restart all"}
2025-12-01T18:59:43+00:00	syslog.daemon.err	{"host":"rc1","ident":"watchfrr.sh","pid":"49","message":"Cannot stop staticd: pid file not found"}
2025-12-01T18:59:43+00:00	syslog.daemon.err	{"host":"rc1","ident":"watchfrr.sh","pid":"55","message":"Cannot stop zebra: pid file not found"}
2025-12-01T18:59:43+00:00	syslog.daemon.err	{"host":"rc1","ident":"watchfrr.sh","pid":"53","message":"Cannot stop bgpd: pid file not found"}
2025-12-01T18:59:43+00:00	syslog.daemon.err	{"host":"rc1","ident":"watchfrr.sh","pid":"51","message":"Cannot stop ospfd: pid file not found"}
2025-12-01T18:59:44+00:00	syslog.daemon.info	{"host":"rc1","ident":"zebra","pid":"57","message":"[VTVCM-Y2NW3] Configuration Read in Took: 00:00:00"}
2025-12-01T18:59:44+00:00	syslog.daemon.info	{"host":"rc1","ident":"ospfd","pid":"69","message":"[VTVCM-Y2NW3] Configuration Read in Took: 00:00:00"}
2025-12-01T18:59:44+00:00	syslog.daemon.info	{"host":"rc1","ident":"bgpd","pid":"62","message":"[VTVCM-Y2NW3] Configuration Read in Took: 00:00:00"}
2025-12-01T18:59:44+00:00	syslog.daemon.info	{"host":"rc1","ident":"staticd","pid":"72","message":"[VTVCM-Y2NW3] Configuration Read in Took: 00:00:00"}
2025-12-01T18:59:44+00:00	syslog.daemon.notice	{"host":"rc1","ident":"watchfrr","pid":"38","message":"[QDG3Y-BY5TN] zebra state -> up : connect succeeded"}
2025-12-01T18:59:44+00:00	syslog.daemon.notice	{"host":"rc1","ident":"watchfrr","pid":"38","message":"[QDG3Y-BY5TN] bgpd state -> up : connect succeeded"}
2025-12-01T18:59:44+00:00	syslog.daemon.notice	{"host":"rc1","ident":"watchfrr","pid":"38","message":"[QDG3Y-BY5TN] ospfd state -> up : connect succeeded"}
2025-12-01T18:59:44+00:00	syslog.daemon.notice	{"host":"rc1","ident":"watchfrr","pid":"38","message":"[QDG3Y-BY5TN] staticd state -> up : connect succeeded"}
2025-12-01T18:59:44+00:00	syslog.daemon.notice	{"host":"rc1","ident":"watchfrr","pid":"38","message":"[KWE5Q-QNGFC] all daemons up, doing startup-complete notify"}
2025-12-01T18:59:54+00:00	syslog.kern.info	{"host":"rc1","ident":"kernel","message":"wlp0s20f3: disconnect from AP 54:33:c6:c1:9c:31 for new auth to c8:78:67:85:03:11"}
2025-12-01T18:59:54+00:00	syslog.kern.info	{"host":"rc1","ident":"kernel","message":"wlp0s20f3: authenticate with c8:78:67:85:03:11 (local address=ac:74:b1:87:bc:52)"}
2025-12-01T18:59:54+00:00	syslog.kern.info	{"host":"rc1","ident":"kernel","message":"wlp0s20f3: send auth to c8:78:67:85:03:11 (try 1/3)"}
2025-12-01T18:59:54+00:00	syslog.kern.info	{"host":"rc1","ident":"kernel","message":"wlp0s20f3: authenticated"}
2025-12-01T18:59:54+00:00	syslog.kern.info	{"host":"rc1","ident":"kernel","message":"wlp0s20f3: associate with c8:78:67:85:03:11 (try 1/3)"}
2025-12-01T18:59:54+00:00	syslog.kern.info	{"host":"rc1","ident":"kernel","message":"wlp0s20f3: RX ReassocResp from c8:78:67:85:03:11 (capab=0x1011 status=0 aid=59)"}
2025-12-01T18:59:54+00:00	syslog.kern.info	{"host":"rc1","ident":"kernel","message":"wlp0s20f3: associated"}
2025-12-01T19:00:29+00:00	syslog.daemon.info	{"host":"rc1","ident":"ospfd","pid":"69","message":"[S5PCG-77H23] Packet[DD]: Neighbor 10.3.0.3 Negotiation done (Master)."}
2025-12-01T19:00:43+00:00	syslog.syslog.notice	{"host":"rc1","ident":"syslog-ng","pid":"17","message":"Syslog connection established; fd='18', server='AF_INET(10.100.0.3:5140)', local='AF_INET(0.0.0.0:0)'"}
2025-12-01T19:00:47+00:00	syslog.kern.info	{"host":"rc1","ident":"kernel","message":"wlp0s20f3: disconnect from AP c8:78:67:85:03:11 for new auth to 54:33:c6:c1:9c:31"}
2025-12-01T19:00:47+00:00	syslog.kern.info	{"host":"rc1","ident":"kernel","message":"wlp0s20f3: authenticate with 54:33:c6:c1:9c:31 (local address=ac:74:b1:87:bc:52)"}
2025-12-01T19:00:47+00:00	syslog.kern.info	{"host":"rc1","ident":"kernel","message":"wlp0s20f3: send auth to 54:33:c6:c1:9c:31 (try 1/3)"}
2025-12-01T19:00:47+00:00	syslog.kern.info	{"host":"rc1","ident":"kernel","message":"wlp0s20f3: authenticated"}
2025-12-01T19:00:47+00:00	syslog.kern.info	{"host":"rc1","ident":"kernel","message":"wlp0s20f3: associate with 54:33:c6:c1:9c:31 (try 1/3)"}
2025-12-01T19:00:47+00:00	syslog.kern.info	{"host":"rc1","ident":"kernel","message":"wlp0s20f3: RX ReassocResp from 54:33:c6:c1:9c:31 (capab=0x1011 status=0 aid=63)"}
2025-12-01T19:00:47+00:00	syslog.kern.info	{"host":"rc1","ident":"kernel","message":"wlp0s20f3: associated"}
2025-12-01T19:03:37+00:00	fluent.info	{"pid":13,"ppid":7,"worker":0,"message":"starting fluentd worker pid=13 ppid=7 worker=0"}
2025-12-01T19:03:37+00:00	fluent.info	{"message":"listening syslog socket on 0.0.0.0:5140 with tcp"}
2025-12-01T19:03:37+00:00	fluent.info	{"port":24224,"bind":"0.0.0.0","message":"listening port port=24224 bind=\"0.0.0.0\""}
2025-12-01T19:03:37+00:00	fluent.info	{"worker":0,"message":"fluentd worker is now running worker=0"}
2025-12-01T19:03:36+00:00	rc1	{"container_id":"9b848b2d2adbf63eb6369d8996398f1311637ff661484c7e0e90062dcacc4c86","container_name":"/docker_rc1_1","source":"stdout","log":" * Starting system logging syslog-ng"}
2025-12-01T19:03:36+00:00	rc1	{"source":"stderr","log":"[2025-12-01T19:03:36.916196] WARNING: Configuration file format is too old, syslog-ng is running in compatibility mode. Please update it to use the syslog-ng 3.35 format at your time of convenience. To upgrade the configuration, please review the warnings about incompatible changes printed by syslog-ng, and once completed change the @version header at the top of the configuration file; config-version='3.27'","container_id":"9b848b2d2adbf63eb6369d8996398f1311637ff661484c7e0e90062dcacc4c86","container_name":"/docker_rc1_1"}
2025-12-01T19:03:37+00:00	rc1	{"container_name":"/docker_rc1_1","source":"stderr","log":"[2025-12-01T19:03:37.009462] WARNING: The internal_queue_length stat counter has been renamed to internal_source.queued. The old name will be removed in future versions; config-version='3.27'","container_id":"9b848b2d2adbf63eb6369d8996398f1311637ff661484c7e0e90062dcacc4c86"}
2025-12-01T19:03:37+00:00	rc1	{"container_id":"9b848b2d2adbf63eb6369d8996398f1311637ff661484c7e0e90062dcacc4c86","container_name":"/docker_rc1_1","source":"stdout","log":"   ...done."}
2025-12-01T19:03:37+00:00	rc1	{"container_id":"9b848b2d2adbf63eb6369d8996398f1311637ff661484c7e0e90062dcacc4c86","container_name":"/docker_rc1_1","source":"stdout","log":" * Started watchfrr"}
2025-12-01T19:03:38+00:00	rc1	{"container_id":"9b848b2d2adbf63eb6369d8996398f1311637ff661484c7e0e90062dcacc4c86","container_name":"/docker_rc1_1","source":"stdout","log":""}
2025-12-01T19:03:38+00:00	rc1	{"container_name":"/docker_rc1_1","source":"stdout","log":"Hello, this is FRRouting (version 8.1).","container_id":"9b848b2d2adbf63eb6369d8996398f1311637ff661484c7e0e90062dcacc4c86"}
2025-12-01T19:03:38+00:00	rc1	{"container_id":"9b848b2d2adbf63eb6369d8996398f1311637ff661484c7e0e90062dcacc4c86","container_name":"/docker_rc1_1","source":"stdout","log":"Copyright 1996-2005 Kunihiro Ishiguro, et al."}
2025-12-01T19:03:38+00:00	rc1	{"container_id":"9b848b2d2adbf63eb6369d8996398f1311637ff661484c7e0e90062dcacc4c86","container_name":"/docker_rc1_1","source":"stdout","log":""}
2025-12-01T19:03:38+00:00	rc1	{"container_id":"9b848b2d2adbf63eb6369d8996398f1311637ff661484c7e0e90062dcacc4c86","container_name":"/docker_rc1_1","source":"stdout","log":"rc1# conf t"}
2025-12-01T19:03:38+00:00	rc1	{"container_id":"9b848b2d2adbf63eb6369d8996398f1311637ff661484c7e0e90062dcacc4c86","container_name":"/docker_rc1_1","source":"stdout","log":"rc1(config)# log file /shared-volume/frr/frr3.log"}
2025-12-01T19:03:38+00:00	rc1	{"container_id":"9b848b2d2adbf63eb6369d8996398f1311637ff661484c7e0e90062dcacc4c86","container_name":"/docker_rc1_1","source":"stdout","log":"can't open logfile /shared-volume/frr/frr3.log"}
2025-12-01T19:03:38+00:00	rc1	{"container_id":"9b848b2d2adbf63eb6369d8996398f1311637ff661484c7e0e90062dcacc4c86","container_name":"/docker_rc1_1","source":"stdout","log":"rc1(config)# router ospf"}
2025-12-01T19:03:38+00:00	rc1	{"source":"stdout","log":"rc1(config-router)# network 10.100.0.0/24 area 0","container_id":"9b848b2d2adbf63eb6369d8996398f1311637ff661484c7e0e90062dcacc4c86","container_name":"/docker_rc1_1"}
2025-12-01T19:03:38+00:00	rc1	{"log":"rc1(config-router)# network 10.1.0.0/29 area 0","container_id":"9b848b2d2adbf63eb6369d8996398f1311637ff661484c7e0e90062dcacc4c86","container_name":"/docker_rc1_1","source":"stdout"}
2025-12-01T19:03:38+00:00	rc1	{"container_name":"/docker_rc1_1","source":"stdout","log":"rc1(config-router)# end","container_id":"9b848b2d2adbf63eb6369d8996398f1311637ff661484c7e0e90062dcacc4c86"}
2025-12-01T19:03:38+00:00	rc1	{"container_id":"9b848b2d2adbf63eb6369d8996398f1311637ff661484c7e0e90062dcacc4c86","container_name":"/docker_rc1_1","source":"stdout","log":"rc1# "}
2025-12-01T19:03:36+00:00	rb	{"container_id":"2bdda90e7751629306f8066519a9b3f667d4085e545e5d6ab6ce7c51fb27ad0a","container_name":"/docker_rb_1","source":"stdout","log":" * Starting system logging syslog-ng"}
2025-12-01T19:03:36+00:00	rb	{"log":"[2025-12-01T19:03:36.963123] WARNING: Configuration file format is too old, syslog-ng is running in compatibility mode. Please update it to use the syslog-ng 3.35 format at your time of convenience. To upgrade the configuration, please review the warnings about incompatible changes printed by syslog-ng, and once completed change the @version header at the top of the configuration file; config-version='3.27'","container_id":"2bdda90e7751629306f8066519a9b3f667d4085e545e5d6ab6ce7c51fb27ad0a","container_name":"/docker_rb_1","source":"stderr"}
2025-12-01T19:03:37+00:00	rb	{"log":"[2025-12-01T19:03:37.081976] WARNING: The internal_queue_length stat counter has been renamed to internal_source.queued. The old name will be removed in future versions; config-version='3.27'","container_id":"2bdda90e7751629306f8066519a9b3f667d4085e545e5d6ab6ce7c51fb27ad0a","container_name":"/docker_rb_1","source":"stderr"}
2025-12-01T19:03:37+00:00	rb	{"source":"stdout","log":"   ...done.","container_id":"2bdda90e7751629306f8066519a9b3f667d4085e545e5d6ab6ce7c51fb27ad0a","container_name":"/docker_rb_1"}
2025-12-01T19:03:37+00:00	rb	{"container_id":"2bdda90e7751629306f8066519a9b3f667d4085e545e5d6ab6ce7c51fb27ad0a","container_name":"/docker_rb_1","source":"stdout","log":" * Started watchfrr"}
2025-12-01T19:03:38+00:00	rb	{"log":"","container_id":"2bdda90e7751629306f8066519a9b3f667d4085e545e5d6ab6ce7c51fb27ad0a","container_name":"/docker_rb_1","source":"stdout"}
2025-12-01T19:03:38+00:00	rb	{"container_name":"/docker_rb_1","source":"stdout","log":"Hello, this is FRRouting (version 8.1).","container_id":"2bdda90e7751629306f8066519a9b3f667d4085e545e5d6ab6ce7c51fb27ad0a"}
2025-12-01T19:03:38+00:00	rb	{"container_id":"2bdda90e7751629306f8066519a9b3f667d4085e545e5d6ab6ce7c51fb27ad0a","container_name":"/docker_rb_1","source":"stdout","log":"Copyright 1996-2005 Kunihiro Ishiguro, et al."}
2025-12-01T19:03:38+00:00	rb	{"container_id":"2bdda90e7751629306f8066519a9b3f667d4085e545e5d6ab6ce7c51fb27ad0a","container_name":"/docker_rb_1","source":"stdout","log":""}
2025-12-01T19:03:38+00:00	rb	{"container_id":"2bdda90e7751629306f8066519a9b3f667d4085e545e5d6ab6ce7c51fb27ad0a","container_name":"/docker_rb_1","source":"stdout","log":"rb# conf t"}
2025-12-01T19:03:38+00:00	rb	{"container_name":"/docker_rb_1","source":"stdout","log":"rb(config)# log file /shared-volume/frr/frr2.log","container_id":"2bdda90e7751629306f8066519a9b3f667d4085e545e5d6ab6ce7c51fb27ad0a"}
2025-12-01T19:03:38+00:00	rb	{"log":"can't open logfile /shared-volume/frr/frr2.log","container_id":"2bdda90e7751629306f8066519a9b3f667d4085e545e5d6ab6ce7c51fb27ad0a","container_name":"/docker_rb_1","source":"stdout"}
2025-12-01T19:03:38+00:00	rb	{"source":"stdout","log":"rb(config)# router ospf","container_id":"2bdda90e7751629306f8066519a9b3f667d4085e545e5d6ab6ce7c51fb27ad0a","container_name":"/docker_rb_1"}
2025-12-01T19:03:38+00:00	rb	{"container_id":"2bdda90e7751629306f8066519a9b3f667d4085e545e5d6ab6ce7c51fb27ad0a","container_name":"/docker_rb_1","source":"stdout","log":"rb(config-router)# network 10.3.0.0/29 area 0"}
2025-12-01T19:03:38+00:00	rb	{"container_id":"2bdda90e7751629306f8066519a9b3f667d4085e545e5d6ab6ce7c51fb27ad0a","container_name":"/docker_rb_1","source":"stdout","log":"rb(config-router)# network 10.0.3.0/24 area 0"}
2025-12-01T19:03:38+00:00	rb	{"source":"stdout","log":"rb(config-router)# network 10.0.4.0/24 area 0","container_id":"2bdda90e7751629306f8066519a9b3f667d4085e545e5d6ab6ce7c51fb27ad0a","container_name":"/docker_rb_1"}
2025-12-01T19:03:38+00:00	rb	{"source":"stdout","log":"rb(config-router)# end","container_id":"2bdda90e7751629306f8066519a9b3f667d4085e545e5d6ab6ce7c51fb27ad0a","container_name":"/docker_rb_1"}
2025-12-01T19:03:38+00:00	rb	{"container_id":"2bdda90e7751629306f8066519a9b3f667d4085e545e5d6ab6ce7c51fb27ad0a","container_name":"/docker_rb_1","source":"stdout","log":"rb# "}
2025-12-01T19:03:36+00:00	ra	{"container_id":"c9ddd14fb29a7431504c0980b20c5f2d297555803b65f039b75c4da874bd0fba","container_name":"/docker_ra_1","source":"stdout","log":" * Starting system logging syslog-ng"}
2025-12-01T19:03:37+00:00	ra	{"log":"[2025-12-01T19:03:37.006441] WARNING: Configuration file format is too old, syslog-ng is running in compatibility mode. Please update it to use the syslog-ng 3.35 format at your time of convenience. To upgrade the configuration, please review the warnings about incompatible changes printed by syslog-ng, and once completed change the @version header at the top of the configuration file; config-version='3.27'","container_id":"c9ddd14fb29a7431504c0980b20c5f2d297555803b65f039b75c4da874bd0fba","container_name":"/docker_ra_1","source":"stderr"}
2025-12-01T19:03:37+00:00	ra	{"source":"stderr","log":"[2025-12-01T19:03:37.121454] WARNING: The internal_queue_length stat counter has been renamed to internal_source.queued. The old name will be removed in future versions; config-version='3.27'","container_id":"c9ddd14fb29a7431504c0980b20c5f2d297555803b65f039b75c4da874bd0fba","container_name":"/docker_ra_1"}
2025-12-01T19:03:37+00:00	ra	{"container_name":"/docker_ra_1","source":"stdout","log":"   ...done.","container_id":"c9ddd14fb29a7431504c0980b20c5f2d297555803b65f039b75c4da874bd0fba"}
2025-12-01T19:03:37+00:00	ra	{"log":" * Started watchfrr","container_id":"c9ddd14fb29a7431504c0980b20c5f2d297555803b65f039b75c4da874bd0fba","container_name":"/docker_ra_1","source":"stdout"}
2025-12-01T19:03:38+00:00	ra	{"source":"stdout","log":"","container_id":"c9ddd14fb29a7431504c0980b20c5f2d297555803b65f039b75c4da874bd0fba","container_name":"/docker_ra_1"}
2025-12-01T19:03:38+00:00	ra	{"source":"stdout","log":"Hello, this is FRRouting (version 8.1).","container_id":"c9ddd14fb29a7431504c0980b20c5f2d297555803b65f039b75c4da874bd0fba","container_name":"/docker_ra_1"}
2025-12-01T19:03:38+00:00	ra	{"source":"stdout","log":"Copyright 1996-2005 Kunihiro Ishiguro, et al.","container_id":"c9ddd14fb29a7431504c0980b20c5f2d297555803b65f039b75c4da874bd0fba","container_name":"/docker_ra_1"}
2025-12-01T19:03:38+00:00	ra	{"container_name":"/docker_ra_1","source":"stdout","log":"","container_id":"c9ddd14fb29a7431504c0980b20c5f2d297555803b65f039b75c4da874bd0fba"}
2025-12-01T19:03:38+00:00	ra	{"container_id":"c9ddd14fb29a7431504c0980b20c5f2d297555803b65f039b75c4da874bd0fba","container_name":"/docker_ra_1","source":"stdout","log":"ra# conf t"}
2025-12-01T19:03:38+00:00	ra	{"log":"ra(config)# log file /shared-volume/frr/frr1.log","container_id":"c9ddd14fb29a7431504c0980b20c5f2d297555803b65f039b75c4da874bd0fba","container_name":"/docker_ra_1","source":"stdout"}
2025-12-01T19:03:38+00:00	ra	{"container_name":"/docker_ra_1","source":"stdout","log":"can't open logfile /shared-volume/frr/frr1.log","container_id":"c9ddd14fb29a7431504c0980b20c5f2d297555803b65f039b75c4da874bd0fba"}
2025-12-01T19:03:38+00:00	ra	{"log":"ra(config)# router ospf","container_id":"c9ddd14fb29a7431504c0980b20c5f2d297555803b65f039b75c4da874bd0fba","container_name":"/docker_ra_1","source":"stdout"}
2025-12-01T19:03:38+00:00	ra	{"log":"ra(config-router)# network 10.2.0.0/29 area 0","container_id":"c9ddd14fb29a7431504c0980b20c5f2d297555803b65f039b75c4da874bd0fba","container_name":"/docker_ra_1","source":"stdout"}
2025-12-01T19:03:38+00:00	ra	{"container_name":"/docker_ra_1","source":"stdout","log":"ra(config-router)# network 10.0.1.0/24 area 0","container_id":"c9ddd14fb29a7431504c0980b20c5f2d297555803b65f039b75c4da874bd0fba"}
2025-12-01T19:03:38+00:00	ra	{"source":"stdout","log":"ra(config-router)# network 10.0.2.0/24 area 0","container_id":"c9ddd14fb29a7431504c0980b20c5f2d297555803b65f039b75c4da874bd0fba","container_name":"/docker_ra_1"}
2025-12-01T19:03:38+00:00	ra	{"log":"ra(config-router)# end","container_id":"c9ddd14fb29a7431504c0980b20c5f2d297555803b65f039b75c4da874bd0fba","container_name":"/docker_ra_1","source":"stdout"}
2025-12-01T19:03:38+00:00	ra	{"source":"stdout","log":"ra# ","container_id":"c9ddd14fb29a7431504c0980b20c5f2d297555803b65f039b75c4da874bd0fba","container_name":"/docker_ra_1"}
2025-12-01T19:03:36+00:00	rc2	{"container_id":"ef2f788bec2ee77dc86ffd7b2c7283965d6d533d175bc3dbaa10d7458901d59f","container_name":"/docker_rc2_1","source":"stdout","log":" * Starting system logging syslog-ng"}
2025-12-01T19:03:37+00:00	rc2	{"source":"stderr","log":"[2025-12-01T19:03:37.027142] WARNING: Configuration file format is too old, syslog-ng is running in compatibility mode. Please update it to use the syslog-ng 3.35 format at your time of convenience. To upgrade the configuration, please review the warnings about incompatible changes printed by syslog-ng, and once completed change the @version header at the top of the configuration file; config-version='3.27'","container_id":"ef2f788bec2ee77dc86ffd7b2c7283965d6d533d175bc3dbaa10d7458901d59f","container_name":"/docker_rc2_1"}
2025-12-01T19:03:37+00:00	rc2	{"container_name":"/docker_rc2_1","source":"stderr","log":"[2025-12-01T19:03:37.154992] WARNING: The internal_queue_length stat counter has been renamed to internal_source.queued. The old name will be removed in future versions; config-version='3.27'","container_id":"ef2f788bec2ee77dc86ffd7b2c7283965d6d533d175bc3dbaa10d7458901d59f"}
2025-12-01T19:03:37+00:00	rc2	{"container_id":"ef2f788bec2ee77dc86ffd7b2c7283965d6d533d175bc3dbaa10d7458901d59f","container_name":"/docker_rc2_1","source":"stdout","log":"   ...done."}
2025-12-01T19:03:37+00:00	rc2	{"container_id":"ef2f788bec2ee77dc86ffd7b2c7283965d6d533d175bc3dbaa10d7458901d59f","container_name":"/docker_rc2_1","source":"stdout","log":" * Started watchfrr"}
2025-12-01T19:03:38+00:00	rc2	{"log":"","container_id":"ef2f788bec2ee77dc86ffd7b2c7283965d6d533d175bc3dbaa10d7458901d59f","container_name":"/docker_rc2_1","source":"stdout"}
2025-12-01T19:03:38+00:00	rc2	{"container_id":"ef2f788bec2ee77dc86ffd7b2c7283965d6d533d175bc3dbaa10d7458901d59f","container_name":"/docker_rc2_1","source":"stdout","log":"Hello, this is FRRouting (version 8.1)."}
2025-12-01T19:03:38+00:00	rc2	{"source":"stdout","log":"Copyright 1996-2005 Kunihiro Ishiguro, et al.","container_id":"ef2f788bec2ee77dc86ffd7b2c7283965d6d533d175bc3dbaa10d7458901d59f","container_name":"/docker_rc2_1"}
2025-12-01T19:03:38+00:00	rc2	{"container_id":"ef2f788bec2ee77dc86ffd7b2c7283965d6d533d175bc3dbaa10d7458901d59f","container_name":"/docker_rc2_1","source":"stdout","log":""}
2025-12-01T19:03:38+00:00	rc2	{"container_id":"ef2f788bec2ee77dc86ffd7b2c7283965d6d533d175bc3dbaa10d7458901d59f","container_name":"/docker_rc2_1","source":"stdout","log":"rc2# conf t"}
2025-12-01T19:03:38+00:00	rc2	{"source":"stdout","log":"rc2(config)# log file /shared-volume/frr/frr4.log","container_id":"ef2f788bec2ee77dc86ffd7b2c7283965d6d533d175bc3dbaa10d7458901d59f","container_name":"/docker_rc2_1"}
2025-12-01T19:03:38+00:00	rc2	{"log":"can't open logfile /shared-volume/frr/frr4.log","container_id":"ef2f788bec2ee77dc86ffd7b2c7283965d6d533d175bc3dbaa10d7458901d59f","container_name":"/docker_rc2_1","source":"stdout"}
2025-12-01T19:03:38+00:00	rc2	{"container_id":"ef2f788bec2ee77dc86ffd7b2c7283965d6d533d175bc3dbaa10d7458901d59f","container_name":"/docker_rc2_1","source":"stdout","log":"rc2(config)# router ospf"}
2025-12-01T19:03:38+00:00	rc2	{"container_id":"ef2f788bec2ee77dc86ffd7b2c7283965d6d533d175bc3dbaa10d7458901d59f","container_name":"/docker_rc2_1","source":"stdout","log":"rc2(config-router)# network 10.1.0.0/29 area 0"}
2025-12-01T19:03:38+00:00	rc2	{"container_id":"ef2f788bec2ee77dc86ffd7b2c7283965d6d533d175bc3dbaa10d7458901d59f","container_name":"/docker_rc2_1","source":"stdout","log":"rc2(config-router)# network 10.2.0.0/29 area 0"}
2025-12-01T19:03:38+00:00	rc2	{"container_name":"/docker_rc2_1","source":"stdout","log":"rc2(config-router)# network 10.3.0.0/29 area 0","container_id":"ef2f788bec2ee77dc86ffd7b2c7283965d6d533d175bc3dbaa10d7458901d59f"}
2025-12-01T19:03:38+00:00	rc2	{"container_id":"ef2f788bec2ee77dc86ffd7b2c7283965d6d533d175bc3dbaa10d7458901d59f","container_name":"/docker_rc2_1","source":"stdout","log":"rc2(config-router)# end"}
2025-12-01T19:03:38+00:00	rc2	{"log":"rc2# ","container_id":"ef2f788bec2ee77dc86ffd7b2c7283965d6d533d175bc3dbaa10d7458901d59f","container_name":"/docker_rc2_1","source":"stdout"}
2025-12-01T19:03:37+00:00	syslog.syslog.notice	{"host":"rc1","ident":"syslog-ng","pid":"16","message":"syslog-ng starting up; version='3.35.1'"}
2025-12-01T19:03:37+00:00	syslog.syslog.err	{"host":"rc1","ident":"syslog-ng","pid":"16","message":"Syslog connection failed; fd='15', server='AF_INET(10.100.0.3:5140)', error='Connection refused (111)', time_reopen='60'"}
2025-12-01T19:03:37+00:00	syslog.daemon.notice	{"host":"rc1","ident":"watchfrr","pid":"36","message":"[T83RR-8SM5G] watchfrr 8.1 starting: vty@0"}
2025-12-01T19:03:37+00:00	syslog.daemon.info	{"host":"rc1","ident":"watchfrr","pid":"36","message":"[ZCJ3S-SPH5S] zebra state -> down : initial connection attempt failed"}
2025-12-01T19:03:37+00:00	syslog.daemon.info	{"host":"rc1","ident":"watchfrr","pid":"36","message":"[ZCJ3S-SPH5S] bgpd state -> down : initial connection attempt failed"}
2025-12-01T19:03:37+00:00	syslog.daemon.info	{"host":"rc1","ident":"watchfrr","pid":"36","message":"[ZCJ3S-SPH5S] ospfd state -> down : initial connection attempt failed"}
2025-12-01T19:03:37+00:00	syslog.daemon.info	{"host":"rc1","ident":"watchfrr","pid":"36","message":"[ZCJ3S-SPH5S] staticd state -> down : initial connection attempt failed"}
2025-12-01T19:03:37+00:00	syslog.daemon.info	{"host":"rc1","ident":"watchfrr","pid":"36","message":"[YFT0P-5Q5YX] Forked background command [pid 37]: /usr/lib/frr/watchfrr.sh restart all"}
2025-12-01T19:03:37+00:00	syslog.daemon.err	{"host":"rc1","ident":"watchfrr.sh","pid":"48","message":"Cannot stop staticd: pid file not found"}
2025-12-01T19:03:37+00:00	syslog.daemon.err	{"host":"rc1","ident":"watchfrr.sh","pid":"49","message":"Cannot stop ospfd: pid file not found"}
2025-12-01T19:03:37+00:00	syslog.daemon.err	{"host":"rc1","ident":"watchfrr.sh","pid":"51","message":"Cannot stop bgpd: pid file not found"}
2025-12-01T19:03:37+00:00	syslog.daemon.err	{"host":"rc1","ident":"watchfrr.sh","pid":"53","message":"Cannot stop zebra: pid file not found"}
2025-12-01T19:03:37+00:00	syslog.daemon.info	{"host":"rc1","ident":"zebra","pid":"58","message":"[VTVCM-Y2NW3] Configuration Read in Took: 00:00:00"}
2025-12-01T19:03:37+00:00	syslog.daemon.info	{"host":"rc1","ident":"ospfd","pid":"70","message":"[VTVCM-Y2NW3] Configuration Read in Took: 00:00:00"}
2025-12-01T19:03:37+00:00	syslog.daemon.info	{"host":"rc1","ident":"bgpd","pid":"63","message":"[VTVCM-Y2NW3] Configuration Read in Took: 00:00:00"}
2025-12-01T19:03:37+00:00	syslog.daemon.info	{"host":"rc1","ident":"staticd","pid":"73","message":"[VTVCM-Y2NW3] Configuration Read in Took: 00:00:00"}
2025-12-01T19:03:37+00:00	syslog.daemon.notice	{"host":"rc1","ident":"watchfrr","pid":"36","message":"[QDG3Y-BY5TN] zebra state -> up : connect succeeded"}
2025-12-01T19:03:37+00:00	syslog.daemon.notice	{"host":"rc1","ident":"watchfrr","pid":"36","message":"[QDG3Y-BY5TN] bgpd state -> up : connect succeeded"}
2025-12-01T19:03:37+00:00	syslog.daemon.notice	{"host":"rc1","ident":"watchfrr","pid":"36","message":"[QDG3Y-BY5TN] ospfd state -> up : connect succeeded"}
2025-12-01T19:03:37+00:00	syslog.daemon.notice	{"host":"rc1","ident":"watchfrr","pid":"36","message":"[QDG3Y-BY5TN] staticd state -> up : connect succeeded"}
2025-12-01T19:03:37+00:00	syslog.daemon.notice	{"host":"rc1","ident":"watchfrr","pid":"36","message":"[KWE5Q-QNGFC] all daemons up, doing startup-complete notify"}
2025-12-01T19:04:23+00:00	syslog.daemon.info	{"host":"rc1","ident":"ospfd","pid":"70","message":"[S5PCG-77H23] Packet[DD]: Neighbor 10.3.0.3 Negotiation done (Master)."}
2025-12-01T19:04:37+00:00	syslog.syslog.notice	{"host":"rc1","ident":"syslog-ng","pid":"16","message":"Syslog connection established; fd='5', server='AF_INET(10.100.0.3:5140)', local='AF_INET(0.0.0.0:0)'"}
2025-12-01T19:05:24+00:00	fluent.info	{"pid":13,"ppid":7,"worker":0,"message":"starting fluentd worker pid=13 ppid=7 worker=0"}
2025-12-01T19:05:24+00:00	fluent.info	{"message":"listening syslog socket on 0.0.0.0:5140 with tcp"}
2025-12-01T19:05:24+00:00	fluent.info	{"port":24224,"bind":"0.0.0.0","message":"listening port port=24224 bind=\"0.0.0.0\""}
2025-12-01T19:05:24+00:00	fluent.info	{"worker":0,"message":"fluentd worker is now running worker=0"}
2025-12-01T19:05:23+00:00	rb	{"container_name":"/docker_rb_1","source":"stdout","log":" * Starting system logging syslog-ng","container_id":"54a6c2afe414dfee8aa546f74f865b6253b6c608de62f4a6f12a17a29cd268f7"}
2025-12-01T19:05:23+00:00	rb	{"container_name":"/docker_rb_1","source":"stderr","log":"[2025-12-01T19:05:23.113589] WARNING: Configuration file format is too old, syslog-ng is running in compatibility mode. Please update it to use the syslog-ng 3.35 format at your time of convenience. To upgrade the configuration, please review the warnings about incompatible changes printed by syslog-ng, and once completed change the @version header at the top of the configuration file; config-version='3.27'","container_id":"54a6c2afe414dfee8aa546f74f865b6253b6c608de62f4a6f12a17a29cd268f7"}
2025-12-01T19:05:23+00:00	rb	{"log":"[2025-12-01T19:05:23.210991] WARNING: The internal_queue_length stat counter has been renamed to internal_source.queued. The old name will be removed in future versions; config-version='3.27'","container_id":"54a6c2afe414dfee8aa546f74f865b6253b6c608de62f4a6f12a17a29cd268f7","container_name":"/docker_rb_1","source":"stderr"}
2025-12-01T19:05:23+00:00	rb	{"container_id":"54a6c2afe414dfee8aa546f74f865b6253b6c608de62f4a6f12a17a29cd268f7","container_name":"/docker_rb_1","source":"stdout","log":"   ...done."}
2025-12-01T19:05:23+00:00	rb	{"container_id":"54a6c2afe414dfee8aa546f74f865b6253b6c608de62f4a6f12a17a29cd268f7","container_name":"/docker_rb_1","source":"stdout","log":" * Started watchfrr"}
2025-12-01T19:05:24+00:00	rb	{"container_id":"54a6c2afe414dfee8aa546f74f865b6253b6c608de62f4a6f12a17a29cd268f7","container_name":"/docker_rb_1","source":"stdout","log":""}
2025-12-01T19:05:24+00:00	rb	{"container_name":"/docker_rb_1","source":"stdout","log":"Hello, this is FRRouting (version 8.1).","container_id":"54a6c2afe414dfee8aa546f74f865b6253b6c608de62f4a6f12a17a29cd268f7"}
2025-12-01T19:05:24+00:00	rb	{"container_id":"54a6c2afe414dfee8aa546f74f865b6253b6c608de62f4a6f12a17a29cd268f7","container_name":"/docker_rb_1","source":"stdout","log":"Copyright 1996-2005 Kunihiro Ishiguro, et al."}
2025-12-01T19:05:24+00:00	rb	{"container_id":"54a6c2afe414dfee8aa546f74f865b6253b6c608de62f4a6f12a17a29cd268f7","container_name":"/docker_rb_1","source":"stdout","log":""}
2025-12-01T19:05:24+00:00	rb	{"log":"rb# conf t","container_id":"54a6c2afe414dfee8aa546f74f865b6253b6c608de62f4a6f12a17a29cd268f7","container_name":"/docker_rb_1","source":"stdout"}
2025-12-01T19:05:24+00:00	rb	{"source":"stdout","log":"rb(config)# log file /shared-volume/frr/frr2.log","container_id":"54a6c2afe414dfee8aa546f74f865b6253b6c608de62f4a6f12a17a29cd268f7","container_name":"/docker_rb_1"}
2025-12-01T19:05:24+00:00	rb	{"log":"can't open logfile /shared-volume/frr/frr2.log","container_id":"54a6c2afe414dfee8aa546f74f865b6253b6c608de62f4a6f12a17a29cd268f7","container_name":"/docker_rb_1","source":"stdout"}
2025-12-01T19:05:24+00:00	rb	{"source":"stdout","log":"rb(config)# router ospf","container_id":"54a6c2afe414dfee8aa546f74f865b6253b6c608de62f4a6f12a17a29cd268f7","container_name":"/docker_rb_1"}
2025-12-01T19:05:24+00:00	rb	{"container_id":"54a6c2afe414dfee8aa546f74f865b6253b6c608de62f4a6f12a17a29cd268f7","container_name":"/docker_rb_1","source":"stdout","log":"rb(config-router)# network 10.3.0.0/29 area 0"}
2025-12-01T19:05:24+00:00	rb	{"source":"stdout","log":"rb(config-router)# network 10.0.3.0/24 area 0","container_id":"54a6c2afe414dfee8aa546f74f865b6253b6c608de62f4a6f12a17a29cd268f7","container_name":"/docker_rb_1"}
2025-12-01T19:05:24+00:00	rb	{"log":"rb(config-router)# network 10.0.4.0/24 area 0","container_id":"54a6c2afe414dfee8aa546f74f865b6253b6c608de62f4a6f12a17a29cd268f7","container_name":"/docker_rb_1","source":"stdout"}
2025-12-01T19:05:24+00:00	rb	{"container_id":"54a6c2afe414dfee8aa546f74f865b6253b6c608de62f4a6f12a17a29cd268f7","container_name":"/docker_rb_1","source":"stdout","log":"rb(config-router)# end"}
2025-12-01T19:05:24+00:00	rb	{"log":"rb# ","container_id":"54a6c2afe414dfee8aa546f74f865b6253b6c608de62f4a6f12a17a29cd268f7","container_name":"/docker_rb_1","source":"stdout"}
2025-12-01T19:05:23+00:00	rc1	{"container_name":"/docker_rc1_1","source":"stdout","log":" * Starting system logging syslog-ng","container_id":"9a799eff4effb6892e21bc4c5cdeb8d7580113c1583d00382b6c1bdf87a5c9f1"}
2025-12-01T19:05:23+00:00	rc1	{"container_id":"9a799eff4effb6892e21bc4c5cdeb8d7580113c1583d00382b6c1bdf87a5c9f1","container_name":"/docker_rc1_1","source":"stderr","log":"[2025-12-01T19:05:23.170652] WARNING: Configuration file format is too old, syslog-ng is running in compatibility mode. Please update it to use the syslog-ng 3.35 format at your time of convenience. To upgrade the configuration, please review the warnings about incompatible changes printed by syslog-ng, and once completed change the @version header at the top of the configuration file; config-version='3.27'"}
2025-12-01T19:05:23+00:00	rc1	{"container_id":"9a799eff4effb6892e21bc4c5cdeb8d7580113c1583d00382b6c1bdf87a5c9f1","container_name":"/docker_rc1_1","source":"stderr","log":"[2025-12-01T19:05:23.256719] WARNING: The internal_queue_length stat counter has been renamed to internal_source.queued. The old name will be removed in future versions; config-version='3.27'"}
2025-12-01T19:05:23+00:00	rc1	{"container_id":"9a799eff4effb6892e21bc4c5cdeb8d7580113c1583d00382b6c1bdf87a5c9f1","container_name":"/docker_rc1_1","source":"stdout","log":"   ...done."}
2025-12-01T19:05:24+00:00	rc1	{"container_name":"/docker_rc1_1","source":"stdout","log":" * Started watchfrr","container_id":"9a799eff4effb6892e21bc4c5cdeb8d7580113c1583d00382b6c1bdf87a5c9f1"}
2025-12-01T19:05:24+00:00	rc1	{"container_id":"9a799eff4effb6892e21bc4c5cdeb8d7580113c1583d00382b6c1bdf87a5c9f1","container_name":"/docker_rc1_1","source":"stdout","log":""}
2025-12-01T19:05:24+00:00	rc1	{"log":"Hello, this is FRRouting (version 8.1).","container_id":"9a799eff4effb6892e21bc4c5cdeb8d7580113c1583d00382b6c1bdf87a5c9f1","container_name":"/docker_rc1_1","source":"stdout"}
2025-12-01T19:05:24+00:00	rc1	{"container_id":"9a799eff4effb6892e21bc4c5cdeb8d7580113c1583d00382b6c1bdf87a5c9f1","container_name":"/docker_rc1_1","source":"stdout","log":"Copyright 1996-2005 Kunihiro Ishiguro, et al."}
2025-12-01T19:05:24+00:00	rc1	{"log":"","container_id":"9a799eff4effb6892e21bc4c5cdeb8d7580113c1583d00382b6c1bdf87a5c9f1","container_name":"/docker_rc1_1","source":"stdout"}
2025-12-01T19:05:24+00:00	rc1	{"log":"rc1# conf t","container_id":"9a799eff4effb6892e21bc4c5cdeb8d7580113c1583d00382b6c1bdf87a5c9f1","container_name":"/docker_rc1_1","source":"stdout"}
2025-12-01T19:05:24+00:00	rc1	{"container_id":"9a799eff4effb6892e21bc4c5cdeb8d7580113c1583d00382b6c1bdf87a5c9f1","container_name":"/docker_rc1_1","source":"stdout","log":"rc1(config)# log file /shared-volume/frr/frr3.log"}
2025-12-01T19:05:24+00:00	rc1	{"container_name":"/docker_rc1_1","source":"stdout","log":"can't open logfile /shared-volume/frr/frr3.log","container_id":"9a799eff4effb6892e21bc4c5cdeb8d7580113c1583d00382b6c1bdf87a5c9f1"}
2025-12-01T19:05:24+00:00	rc1	{"container_id":"9a799eff4effb6892e21bc4c5cdeb8d7580113c1583d00382b6c1bdf87a5c9f1","container_name":"/docker_rc1_1","source":"stdout","log":"rc1(config)# router ospf"}
2025-12-01T19:05:24+00:00	rc1	{"container_id":"9a799eff4effb6892e21bc4c5cdeb8d7580113c1583d00382b6c1bdf87a5c9f1","container_name":"/docker_rc1_1","source":"stdout","log":"rc1(config-router)# network 10.100.0.0/24 area 0"}
2025-12-01T19:05:24+00:00	rc1	{"container_id":"9a799eff4effb6892e21bc4c5cdeb8d7580113c1583d00382b6c1bdf87a5c9f1","container_name":"/docker_rc1_1","source":"stdout","log":"rc1(config-router)# network 10.1.0.0/29 area 0"}
2025-12-01T19:05:24+00:00	rc1	{"container_id":"9a799eff4effb6892e21bc4c5cdeb8d7580113c1583d00382b6c1bdf87a5c9f1","container_name":"/docker_rc1_1","source":"stdout","log":"rc1(config-router)# end"}
2025-12-01T19:05:24+00:00	rc1	{"container_id":"9a799eff4effb6892e21bc4c5cdeb8d7580113c1583d00382b6c1bdf87a5c9f1","container_name":"/docker_rc1_1","source":"stdout","log":"rc1# "}
2025-12-01T19:05:23+00:00	ra	{"container_id":"71f320a57bf4762b04ff53e91a3b45620f8a6713e27c0efb07e1cfb148619ecf","container_name":"/docker_ra_1","source":"stdout","log":" * Starting system logging syslog-ng"}
2025-12-01T19:05:23+00:00	ra	{"source":"stderr","log":"[2025-12-01T19:05:23.277484] WARNING: Configuration file format is too old, syslog-ng is running in compatibility mode. Please update it to use the syslog-ng 3.35 format at your time of convenience. To upgrade the configuration, please review the warnings about incompatible changes printed by syslog-ng, and once completed change the @version header at the top of the configuration file; config-version='3.27'","container_id":"71f320a57bf4762b04ff53e91a3b45620f8a6713e27c0efb07e1cfb148619ecf","container_name":"/docker_ra_1"}
2025-12-01T19:05:23+00:00	ra	{"container_name":"/docker_ra_1","source":"stderr","log":"[2025-12-01T19:05:23.395322] WARNING: The internal_queue_length stat counter has been renamed to internal_source.queued. The old name will be removed in future versions; config-version='3.27'","container_id":"71f320a57bf4762b04ff53e91a3b45620f8a6713e27c0efb07e1cfb148619ecf"}
2025-12-01T19:05:23+00:00	ra	{"container_name":"/docker_ra_1","source":"stdout","log":"   ...done.","container_id":"71f320a57bf4762b04ff53e91a3b45620f8a6713e27c0efb07e1cfb148619ecf"}
2025-12-01T19:05:24+00:00	ra	{"log":" * Started watchfrr","container_id":"71f320a57bf4762b04ff53e91a3b45620f8a6713e27c0efb07e1cfb148619ecf","container_name":"/docker_ra_1","source":"stdout"}
2025-12-01T19:05:24+00:00	ra	{"log":"","container_id":"71f320a57bf4762b04ff53e91a3b45620f8a6713e27c0efb07e1cfb148619ecf","container_name":"/docker_ra_1","source":"stdout"}
2025-12-01T19:05:24+00:00	ra	{"container_name":"/docker_ra_1","source":"stdout","log":"Hello, this is FRRouting (version 8.1).","container_id":"71f320a57bf4762b04ff53e91a3b45620f8a6713e27c0efb07e1cfb148619ecf"}
2025-12-01T19:05:24+00:00	ra	{"container_name":"/docker_ra_1","source":"stdout","log":"Copyright 1996-2005 Kunihiro Ishiguro, et al.","container_id":"71f320a57bf4762b04ff53e91a3b45620f8a6713e27c0efb07e1cfb148619ecf"}
2025-12-01T19:05:24+00:00	ra	{"source":"stdout","log":"","container_id":"71f320a57bf4762b04ff53e91a3b45620f8a6713e27c0efb07e1cfb148619ecf","container_name":"/docker_ra_1"}
2025-12-01T19:05:24+00:00	ra	{"source":"stdout","log":"ra# conf t","container_id":"71f320a57bf4762b04ff53e91a3b45620f8a6713e27c0efb07e1cfb148619ecf","container_name":"/docker_ra_1"}
2025-12-01T19:05:24+00:00	ra	{"container_id":"71f320a57bf4762b04ff53e91a3b45620f8a6713e27c0efb07e1cfb148619ecf","container_name":"/docker_ra_1","source":"stdout","log":"ra(config)# log file /shared-volume/frr/frr1.log"}
2025-12-01T19:05:24+00:00	ra	{"container_name":"/docker_ra_1","source":"stdout","log":"can't open logfile /shared-volume/frr/frr1.log","container_id":"71f320a57bf4762b04ff53e91a3b45620f8a6713e27c0efb07e1cfb148619ecf"}
2025-12-01T19:05:24+00:00	ra	{"log":"ra(config)# router ospf","container_id":"71f320a57bf4762b04ff53e91a3b45620f8a6713e27c0efb07e1cfb148619ecf","container_name":"/docker_ra_1","source":"stdout"}
2025-12-01T19:05:24+00:00	ra	{"container_id":"71f320a57bf4762b04ff53e91a3b45620f8a6713e27c0efb07e1cfb148619ecf","container_name":"/docker_ra_1","source":"stdout","log":"ra(config-router)# network 10.2.0.0/29 area 0"}
2025-12-01T19:05:24+00:00	ra	{"source":"stdout","log":"ra(config-router)# network 10.0.1.0/24 area 0","container_id":"71f320a57bf4762b04ff53e91a3b45620f8a6713e27c0efb07e1cfb148619ecf","container_name":"/docker_ra_1"}
2025-12-01T19:05:24+00:00	ra	{"container_id":"71f320a57bf4762b04ff53e91a3b45620f8a6713e27c0efb07e1cfb148619ecf","container_name":"/docker_ra_1","source":"stdout","log":"ra(config-router)# network 10.0.2.0/24 area 0"}
2025-12-01T19:05:24+00:00	ra	{"source":"stdout","log":"ra(config-router)# end","container_id":"71f320a57bf4762b04ff53e91a3b45620f8a6713e27c0efb07e1cfb148619ecf","container_name":"/docker_ra_1"}
2025-12-01T19:05:24+00:00	ra	{"container_id":"71f320a57bf4762b04ff53e91a3b45620f8a6713e27c0efb07e1cfb148619ecf","container_name":"/docker_ra_1","source":"stdout","log":"ra# "}
2025-12-01T19:05:23+00:00	rc2	{"log":" * Starting system logging syslog-ng","container_id":"4c17d6f0bb1d5f06e444d1096e370df4cc352cd809444ea08a86b471b4bab43a","container_name":"/docker_rc2_1","source":"stdout"}
2025-12-01T19:05:23+00:00	rc2	{"container_id":"4c17d6f0bb1d5f06e444d1096e370df4cc352cd809444ea08a86b471b4bab43a","container_name":"/docker_rc2_1","source":"stderr","log":"[2025-12-01T19:05:23.295370] WARNING: Configuration file format is too old, syslog-ng is running in compatibility mode. Please update it to use the syslog-ng 3.35 format at your time of convenience. To upgrade the configuration, please review the warnings about incompatible changes printed by syslog-ng, and once completed change the @version header at the top of the configuration file; config-version='3.27'"}
2025-12-01T19:05:23+00:00	rc2	{"container_id":"4c17d6f0bb1d5f06e444d1096e370df4cc352cd809444ea08a86b471b4bab43a","container_name":"/docker_rc2_1","source":"stderr","log":"[2025-12-01T19:05:23.413951] WARNING: The internal_queue_length stat counter has been renamed to internal_source.queued. The old name will be removed in future versions; config-version='3.27'"}
2025-12-01T19:05:23+00:00	rc2	{"source":"stdout","log":"   ...done.","container_id":"4c17d6f0bb1d5f06e444d1096e370df4cc352cd809444ea08a86b471b4bab43a","container_name":"/docker_rc2_1"}
2025-12-01T19:05:24+00:00	rc2	{"container_id":"4c17d6f0bb1d5f06e444d1096e370df4cc352cd809444ea08a86b471b4bab43a","container_name":"/docker_rc2_1","source":"stdout","log":" * Started watchfrr"}
2025-12-01T19:05:24+00:00	rc2	{"container_id":"4c17d6f0bb1d5f06e444d1096e370df4cc352cd809444ea08a86b471b4bab43a","container_name":"/docker_rc2_1","source":"stdout","log":""}
2025-12-01T19:05:24+00:00	rc2	{"source":"stdout","log":"Hello, this is FRRouting (version 8.1).","container_id":"4c17d6f0bb1d5f06e444d1096e370df4cc352cd809444ea08a86b471b4bab43a","container_name":"/docker_rc2_1"}
2025-12-01T19:05:24+00:00	rc2	{"container_id":"4c17d6f0bb1d5f06e444d1096e370df4cc352cd809444ea08a86b471b4bab43a","container_name":"/docker_rc2_1","source":"stdout","log":"Copyright 1996-2005 Kunihiro Ishiguro, et al."}
2025-12-01T19:05:24+00:00	rc2	{"container_id":"4c17d6f0bb1d5f06e444d1096e370df4cc352cd809444ea08a86b471b4bab43a","container_name":"/docker_rc2_1","source":"stdout","log":""}
2025-12-01T19:05:24+00:00	rc2	{"container_id":"4c17d6f0bb1d5f06e444d1096e370df4cc352cd809444ea08a86b471b4bab43a","container_name":"/docker_rc2_1","source":"stdout","log":"rc2# conf t"}
2025-12-01T19:05:24+00:00	rc2	{"log":"rc2(config)# log file /shared-volume/frr/frr4.log","container_id":"4c17d6f0bb1d5f06e444d1096e370df4cc352cd809444ea08a86b471b4bab43a","container_name":"/docker_rc2_1","source":"stdout"}
2025-12-01T19:05:24+00:00	rc2	{"log":"can't open logfile /shared-volume/frr/frr4.log","container_id":"4c17d6f0bb1d5f06e444d1096e370df4cc352cd809444ea08a86b471b4bab43a","container_name":"/docker_rc2_1","source":"stdout"}
2025-12-01T19:05:24+00:00	rc2	{"log":"rc2(config)# router ospf","container_id":"4c17d6f0bb1d5f06e444d1096e370df4cc352cd809444ea08a86b471b4bab43a","container_name":"/docker_rc2_1","source":"stdout"}
2025-12-01T19:05:24+00:00	rc2	{"container_id":"4c17d6f0bb1d5f06e444d1096e370df4cc352cd809444ea08a86b471b4bab43a","container_name":"/docker_rc2_1","source":"stdout","log":"rc2(config-router)# network 10.1.0.0/29 area 0"}
2025-12-01T19:05:24+00:00	rc2	{"container_id":"4c17d6f0bb1d5f06e444d1096e370df4cc352cd809444ea08a86b471b4bab43a","container_name":"/docker_rc2_1","source":"stdout","log":"rc2(config-router)# network 10.2.0.0/29 area 0"}
2025-12-01T19:05:24+00:00	rc2	{"log":"rc2(config-router)# network 10.3.0.0/29 area 0","container_id":"4c17d6f0bb1d5f06e444d1096e370df4cc352cd809444ea08a86b471b4bab43a","container_name":"/docker_rc2_1","source":"stdout"}
2025-12-01T19:05:24+00:00	rc2	{"container_id":"4c17d6f0bb1d5f06e444d1096e370df4cc352cd809444ea08a86b471b4bab43a","container_name":"/docker_rc2_1","source":"stdout","log":"rc2(config-router)# end"}
2025-12-01T19:05:24+00:00	rc2	{"container_name":"/docker_rc2_1","source":"stdout","log":"rc2# ","container_id":"4c17d6f0bb1d5f06e444d1096e370df4cc352cd809444ea08a86b471b4bab43a"}
2025-12-01T20:26:49+01:00	fluent.info	{"pid":23,"ppid":17,"worker":0,"message":"starting fluentd worker pid=23 ppid=17 worker=0"}
2025-12-01T20:26:49+01:00	fluent.info	{"message":"listening syslog socket on 0.0.0.0:5140 with tcp"}
2025-12-01T20:26:49+01:00	fluent.info	{"port":24224,"bind":"0.0.0.0","message":"listening port port=24224 bind=\"0.0.0.0\""}
2025-12-01T20:26:49+01:00	fluent.info	{"worker":0,"message":"fluentd worker is now running worker=0"}
2025-12-01T20:26:45+01:00	rc2	{"source":"stdout","log":" * Starting system logging syslog-ng","container_id":"4b4017eb0cfde63be0ac4440b5c5fad1df23977792e6d7b0a5b9e67578feb3fe","container_name":"/docker_rc2_1"}
2025-12-01T20:26:46+01:00	rc2	{"container_id":"4b4017eb0cfde63be0ac4440b5c5fad1df23977792e6d7b0a5b9e67578feb3fe","container_name":"/docker_rc2_1","source":"stderr","log":"[2025-12-01T20:26:46.031327] WARNING: Configuration file format is too old, syslog-ng is running in compatibility mode. Please update it to use the syslog-ng 3.35 format at your time of convenience. To upgrade the configuration, please review the warnings about incompatible changes printed by syslog-ng, and once completed change the @version header at the top of the configuration file; config-version='3.27'"}
2025-12-01T20:26:46+01:00	rc2	{"container_id":"4b4017eb0cfde63be0ac4440b5c5fad1df23977792e6d7b0a5b9e67578feb3fe","container_name":"/docker_rc2_1","source":"stderr","log":"[2025-12-01T20:26:46.160115] WARNING: The internal_queue_length stat counter has been renamed to internal_source.queued. The old name will be removed in future versions; config-version='3.27'"}
2025-12-01T20:26:46+01:00	rc2	{"container_id":"4b4017eb0cfde63be0ac4440b5c5fad1df23977792e6d7b0a5b9e67578feb3fe","container_name":"/docker_rc2_1","source":"stdout","log":"   ...done."}
2025-12-01T20:26:47+01:00	rc2	{"container_name":"/docker_rc2_1","source":"stdout","log":" * Started watchfrr","container_id":"4b4017eb0cfde63be0ac4440b5c5fad1df23977792e6d7b0a5b9e67578feb3fe"}
2025-12-01T20:26:47+01:00	rc2	{"container_id":"4b4017eb0cfde63be0ac4440b5c5fad1df23977792e6d7b0a5b9e67578feb3fe","container_name":"/docker_rc2_1","source":"stdout","log":""}
2025-12-01T20:26:47+01:00	rc2	{"container_id":"4b4017eb0cfde63be0ac4440b5c5fad1df23977792e6d7b0a5b9e67578feb3fe","container_name":"/docker_rc2_1","source":"stdout","log":"Hello, this is FRRouting (version 8.1)."}
2025-12-01T20:26:47+01:00	rc2	{"log":"Copyright 1996-2005 Kunihiro Ishiguro, et al.","container_id":"4b4017eb0cfde63be0ac4440b5c5fad1df23977792e6d7b0a5b9e67578feb3fe","container_name":"/docker_rc2_1","source":"stdout"}
2025-12-01T20:26:47+01:00	rc2	{"container_name":"/docker_rc2_1","source":"stdout","log":"","container_id":"4b4017eb0cfde63be0ac4440b5c5fad1df23977792e6d7b0a5b9e67578feb3fe"}
2025-12-01T20:26:47+01:00	rc2	{"log":"rc2# conf t","container_id":"4b4017eb0cfde63be0ac4440b5c5fad1df23977792e6d7b0a5b9e67578feb3fe","container_name":"/docker_rc2_1","source":"stdout"}
2025-12-01T20:26:47+01:00	rc2	{"container_id":"4b4017eb0cfde63be0ac4440b5c5fad1df23977792e6d7b0a5b9e67578feb3fe","container_name":"/docker_rc2_1","source":"stdout","log":"rc2(config)# log file /shared-volume/frr/frr4.log"}
2025-12-01T20:26:47+01:00	rc2	{"container_id":"4b4017eb0cfde63be0ac4440b5c5fad1df23977792e6d7b0a5b9e67578feb3fe","container_name":"/docker_rc2_1","source":"stdout","log":"can't open logfile /shared-volume/frr/frr4.log"}
2025-12-01T20:26:47+01:00	rc2	{"container_id":"4b4017eb0cfde63be0ac4440b5c5fad1df23977792e6d7b0a5b9e67578feb3fe","container_name":"/docker_rc2_1","source":"stdout","log":"rc2(config)# router ospf"}
2025-12-01T20:26:47+01:00	rc2	{"container_id":"4b4017eb0cfde63be0ac4440b5c5fad1df23977792e6d7b0a5b9e67578feb3fe","container_name":"/docker_rc2_1","source":"stdout","log":"rc2(config-router)# network 10.1.0.0/29 area 0"}
2025-12-01T20:26:47+01:00	rc2	{"container_id":"4b4017eb0cfde63be0ac4440b5c5fad1df23977792e6d7b0a5b9e67578feb3fe","container_name":"/docker_rc2_1","source":"stdout","log":"rc2(config-router)# network 10.2.0.0/29 area 0"}
2025-12-01T20:26:47+01:00	rc2	{"container_id":"4b4017eb0cfde63be0ac4440b5c5fad1df23977792e6d7b0a5b9e67578feb3fe","container_name":"/docker_rc2_1","source":"stdout","log":"rc2(config-router)# network 10.3.0.0/29 area 0"}
2025-12-01T20:26:47+01:00	rc2	{"container_id":"4b4017eb0cfde63be0ac4440b5c5fad1df23977792e6d7b0a5b9e67578feb3fe","container_name":"/docker_rc2_1","source":"stdout","log":"rc2(config-router)# end"}
2025-12-01T20:26:47+01:00	rc2	{"log":"rc2# ","container_id":"4b4017eb0cfde63be0ac4440b5c5fad1df23977792e6d7b0a5b9e67578feb3fe","container_name":"/docker_rc2_1","source":"stdout"}
2025-12-01T20:26:45+01:00	rb	{"source":"stdout","log":" * Starting system logging syslog-ng","container_id":"4540af3bfbbbcf50ef816633735741ff15d3f0be0492fcfcc1b5ac855a7f6119","container_name":"/docker_rb_1"}
2025-12-01T20:26:46+01:00	rb	{"container_id":"4540af3bfbbbcf50ef816633735741ff15d3f0be0492fcfcc1b5ac855a7f6119","container_name":"/docker_rb_1","source":"stderr","log":"[2025-12-01T20:26:46.017680] WARNING: Configuration file format is too old, syslog-ng is running in compatibility mode. Please update it to use the syslog-ng 3.35 format at your time of convenience. To upgrade the configuration, please review the warnings about incompatible changes printed by syslog-ng, and once completed change the @version header at the top of the configuration file; config-version='3.27'"}
2025-12-01T20:26:46+01:00	rb	{"container_id":"4540af3bfbbbcf50ef816633735741ff15d3f0be0492fcfcc1b5ac855a7f6119","container_name":"/docker_rb_1","source":"stderr","log":"[2025-12-01T20:26:46.105923] WARNING: The internal_queue_length stat counter has been renamed to internal_source.queued. The old name will be removed in future versions; config-version='3.27'"}
2025-12-01T20:26:46+01:00	rb	{"source":"stdout","log":"   ...done.","container_id":"4540af3bfbbbcf50ef816633735741ff15d3f0be0492fcfcc1b5ac855a7f6119","container_name":"/docker_rb_1"}
2025-12-01T20:26:47+01:00	rb	{"log":" * Started watchfrr","container_id":"4540af3bfbbbcf50ef816633735741ff15d3f0be0492fcfcc1b5ac855a7f6119","container_name":"/docker_rb_1","source":"stdout"}
2025-12-01T20:26:47+01:00	rb	{"container_id":"4540af3bfbbbcf50ef816633735741ff15d3f0be0492fcfcc1b5ac855a7f6119","container_name":"/docker_rb_1","source":"stdout","log":""}
2025-12-01T20:26:47+01:00	rb	{"source":"stdout","log":"Hello, this is FRRouting (version 8.1).","container_id":"4540af3bfbbbcf50ef816633735741ff15d3f0be0492fcfcc1b5ac855a7f6119","container_name":"/docker_rb_1"}
2025-12-01T20:26:47+01:00	rb	{"container_name":"/docker_rb_1","source":"stdout","log":"Copyright 1996-2005 Kunihiro Ishiguro, et al.","container_id":"4540af3bfbbbcf50ef816633735741ff15d3f0be0492fcfcc1b5ac855a7f6119"}
2025-12-01T20:26:47+01:00	rb	{"container_id":"4540af3bfbbbcf50ef816633735741ff15d3f0be0492fcfcc1b5ac855a7f6119","container_name":"/docker_rb_1","source":"stdout","log":""}
2025-12-01T20:26:47+01:00	rb	{"container_name":"/docker_rb_1","source":"stdout","log":"rb# conf t","container_id":"4540af3bfbbbcf50ef816633735741ff15d3f0be0492fcfcc1b5ac855a7f6119"}
2025-12-01T20:26:47+01:00	rb	{"container_id":"4540af3bfbbbcf50ef816633735741ff15d3f0be0492fcfcc1b5ac855a7f6119","container_name":"/docker_rb_1","source":"stdout","log":"rb(config)# log file /shared-volume/frr/frr2.log"}
2025-12-01T20:26:47+01:00	rb	{"container_id":"4540af3bfbbbcf50ef816633735741ff15d3f0be0492fcfcc1b5ac855a7f6119","container_name":"/docker_rb_1","source":"stdout","log":"can't open logfile /shared-volume/frr/frr2.log"}
2025-12-01T20:26:47+01:00	rb	{"container_id":"4540af3bfbbbcf50ef816633735741ff15d3f0be0492fcfcc1b5ac855a7f6119","container_name":"/docker_rb_1","source":"stdout","log":"rb(config)# router ospf"}
2025-12-01T20:26:47+01:00	rb	{"container_name":"/docker_rb_1","source":"stdout","log":"rb(config-router)# network 10.3.0.0/29 area 0","container_id":"4540af3bfbbbcf50ef816633735741ff15d3f0be0492fcfcc1b5ac855a7f6119"}
2025-12-01T20:26:47+01:00	rb	{"source":"stdout","log":"rb(config-router)# network 10.0.3.0/24 area 0","container_id":"4540af3bfbbbcf50ef816633735741ff15d3f0be0492fcfcc1b5ac855a7f6119","container_name":"/docker_rb_1"}
2025-12-01T20:26:47+01:00	rb	{"container_id":"4540af3bfbbbcf50ef816633735741ff15d3f0be0492fcfcc1b5ac855a7f6119","container_name":"/docker_rb_1","source":"stdout","log":"rb(config-router)# network 10.0.4.0/24 area 0"}
2025-12-01T20:26:47+01:00	rb	{"source":"stdout","log":"rb(config-router)# end","container_id":"4540af3bfbbbcf50ef816633735741ff15d3f0be0492fcfcc1b5ac855a7f6119","container_name":"/docker_rb_1"}
2025-12-01T20:26:47+01:00	rb	{"container_id":"4540af3bfbbbcf50ef816633735741ff15d3f0be0492fcfcc1b5ac855a7f6119","container_name":"/docker_rb_1","source":"stdout","log":"rb# "}
2025-12-01T20:26:46+01:00	server	{"container_id":"a953b0e9e084aa7b9afc50c969403037f687d645de41ea2f94094a08616c717b","container_name":"/docker_server_1","source":"stdout","log":"Hit:1 http://security.ubuntu.com/ubuntu jammy-security InRelease"}
2025-12-01T20:26:46+01:00	server	{"source":"stdout","log":"Hit:2 http://archive.ubuntu.com/ubuntu jammy InRelease","container_id":"a953b0e9e084aa7b9afc50c969403037f687d645de41ea2f94094a08616c717b","container_name":"/docker_server_1"}
2025-12-01T20:26:46+01:00	server	{"log":"Hit:3 http://archive.ubuntu.com/ubuntu jammy-updates InRelease","container_id":"a953b0e9e084aa7b9afc50c969403037f687d645de41ea2f94094a08616c717b","container_name":"/docker_server_1","source":"stdout"}
2025-12-01T20:26:46+01:00	server	{"log":"Hit:4 http://archive.ubuntu.com/ubuntu jammy-backports InRelease","container_id":"a953b0e9e084aa7b9afc50c969403037f687d645de41ea2f94094a08616c717b","container_name":"/docker_server_1","source":"stdout"}
2025-12-01T20:26:48+01:00	server	{"container_id":"a953b0e9e084aa7b9afc50c969403037f687d645de41ea2f94094a08616c717b","container_name":"/docker_server_1","source":"stdout","log":"Reading package lists..."}
2025-12-01T20:26:49+01:00	server	{"source":"stdout","log":"Reading package lists...","container_id":"a953b0e9e084aa7b9afc50c969403037f687d645de41ea2f94094a08616c717b","container_name":"/docker_server_1"}
2025-12-01T20:26:49+01:00	server	{"container_id":"a953b0e9e084aa7b9afc50c969403037f687d645de41ea2f94094a08616c717b","container_name":"/docker_server_1","source":"stdout","log":"Building dependency tree..."}
2025-12-01T20:26:49+01:00	server	{"container_id":"a953b0e9e084aa7b9afc50c969403037f687d645de41ea2f94094a08616c717b","container_name":"/docker_server_1","source":"stdout","log":"Reading state information..."}
2025-12-01T20:26:49+01:00	server	{"container_id":"a953b0e9e084aa7b9afc50c969403037f687d645de41ea2f94094a08616c717b","container_name":"/docker_server_1","source":"stderr","log":"E: Unable to locate package linux-headers-6.14.0-36-generic"}
2025-12-01T20:26:49+01:00	server	{"source":"stderr","log":"E: Couldn't find any package by glob 'linux-headers-6.14.0-36-generic'","container_id":"a953b0e9e084aa7b9afc50c969403037f687d645de41ea2f94094a08616c717b","container_name":"/docker_server_1"}
2025-12-01T20:26:49+01:00	server	{"container_id":"a953b0e9e084aa7b9afc50c969403037f687d645de41ea2f94094a08616c717b","container_name":"/docker_server_1","source":"stderr","log":"E: Couldn't find any package by regex 'linux-headers-6.14.0-36-generic'"}
2025-12-01T20:26:49+01:00	server	{"source":"stderr","log":"RTNETLINK answers: File exists","container_id":"a953b0e9e084aa7b9afc50c969403037f687d645de41ea2f94094a08616c717b","container_name":"/docker_server_1"}
2025-12-01T20:26:50+01:00	server	{"source":"stdout","log":"","container_id":"a953b0e9e084aa7b9afc50c969403037f687d645de41ea2f94094a08616c717b","container_name":"/docker_server_1"}
2025-12-01T20:26:50+01:00	server	{"container_id":"a953b0e9e084aa7b9afc50c969403037f687d645de41ea2f94094a08616c717b","container_name":"/docker_server_1","source":"stdout","log":"> my-test-server@1.0.0 start"}
2025-12-01T20:26:50+01:00	server	{"container_id":"a953b0e9e084aa7b9afc50c969403037f687d645de41ea2f94094a08616c717b","container_name":"/docker_server_1","source":"stdout","log":"> node server.js"}
2025-12-01T20:26:50+01:00	server	{"container_id":"a953b0e9e084aa7b9afc50c969403037f687d645de41ea2f94094a08616c717b","container_name":"/docker_server_1","source":"stdout","log":""}
2025-12-01T20:26:46+01:00	ra	{"container_id":"d017db697833908ecacb6d4d15e7469b7555569b566d548fa5b4cfa4b4a6d5a1","container_name":"/docker_ra_1","source":"stdout","log":" * Starting system logging syslog-ng"}
2025-12-01T20:26:46+01:00	ra	{"container_id":"d017db697833908ecacb6d4d15e7469b7555569b566d548fa5b4cfa4b4a6d5a1","container_name":"/docker_ra_1","source":"stderr","log":"[2025-12-01T20:26:46.049990] WARNING: Configuration file format is too old, syslog-ng is running in compatibility mode. Please update it to use the syslog-ng 3.35 format at your time of convenience. To upgrade the configuration, please review the warnings about incompatible changes printed by syslog-ng, and once completed change the @version header at the top of the configuration file; config-version='3.27'"}
2025-12-01T20:26:46+01:00	ra	{"container_id":"d017db697833908ecacb6d4d15e7469b7555569b566d548fa5b4cfa4b4a6d5a1","container_name":"/docker_ra_1","source":"stderr","log":"[2025-12-01T20:26:46.170986] WARNING: The internal_queue_length stat counter has been renamed to internal_source.queued. The old name will be removed in future versions; config-version='3.27'"}
2025-12-01T20:26:46+01:00	ra	{"container_name":"/docker_ra_1","source":"stdout","log":"   ...done.","container_id":"d017db697833908ecacb6d4d15e7469b7555569b566d548fa5b4cfa4b4a6d5a1"}
2025-12-01T20:26:46+01:00	ra	{"log":" * Started watchfrr","container_id":"d017db697833908ecacb6d4d15e7469b7555569b566d548fa5b4cfa4b4a6d5a1","container_name":"/docker_ra_1","source":"stdout"}
2025-12-01T20:26:47+01:00	ra	{"log":"","container_id":"d017db697833908ecacb6d4d15e7469b7555569b566d548fa5b4cfa4b4a6d5a1","container_name":"/docker_ra_1","source":"stdout"}
2025-12-01T20:26:47+01:00	ra	{"container_id":"d017db697833908ecacb6d4d15e7469b7555569b566d548fa5b4cfa4b4a6d5a1","container_name":"/docker_ra_1","source":"stdout","log":"Hello, this is FRRouting (version 8.1)."}
2025-12-01T20:26:47+01:00	ra	{"container_id":"d017db697833908ecacb6d4d15e7469b7555569b566d548fa5b4cfa4b4a6d5a1","container_name":"/docker_ra_1","source":"stdout","log":"Copyright 1996-2005 Kunihiro Ishiguro, et al."}
2025-12-01T20:26:47+01:00	ra	{"container_name":"/docker_ra_1","source":"stdout","log":"","container_id":"d017db697833908ecacb6d4d15e7469b7555569b566d548fa5b4cfa4b4a6d5a1"}
2025-12-01T20:26:47+01:00	ra	{"container_id":"d017db697833908ecacb6d4d15e7469b7555569b566d548fa5b4cfa4b4a6d5a1","container_name":"/docker_ra_1","source":"stdout","log":"ra# conf t"}
2025-12-01T20:26:47+01:00	ra	{"log":"ra(config)# log file /shared-volume/frr/frr1.log","container_id":"d017db697833908ecacb6d4d15e7469b7555569b566d548fa5b4cfa4b4a6d5a1","container_name":"/docker_ra_1","source":"stdout"}
2025-12-01T20:26:47+01:00	ra	{"container_id":"d017db697833908ecacb6d4d15e7469b7555569b566d548fa5b4cfa4b4a6d5a1","container_name":"/docker_ra_1","source":"stdout","log":"can't open logfile /shared-volume/frr/frr1.log"}
2025-12-01T20:26:47+01:00	ra	{"log":"ra(config)# router ospf","container_id":"d017db697833908ecacb6d4d15e7469b7555569b566d548fa5b4cfa4b4a6d5a1","container_name":"/docker_ra_1","source":"stdout"}
2025-12-01T20:26:47+01:00	ra	{"container_id":"d017db697833908ecacb6d4d15e7469b7555569b566d548fa5b4cfa4b4a6d5a1","container_name":"/docker_ra_1","source":"stdout","log":"ra(config-router)# network 10.2.0.0/29 area 0"}
2025-12-01T20:26:47+01:00	ra	{"source":"stdout","log":"ra(config-router)# network 10.0.1.0/24 area 0","container_id":"d017db697833908ecacb6d4d15e7469b7555569b566d548fa5b4cfa4b4a6d5a1","container_name":"/docker_ra_1"}
2025-12-01T20:26:47+01:00	ra	{"log":"ra(config-router)# network 10.0.2.0/24 area 0","container_id":"d017db697833908ecacb6d4d15e7469b7555569b566d548fa5b4cfa4b4a6d5a1","container_name":"/docker_ra_1","source":"stdout"}
2025-12-01T20:26:47+01:00	ra	{"container_name":"/docker_ra_1","source":"stdout","log":"ra(config-router)# end","container_id":"d017db697833908ecacb6d4d15e7469b7555569b566d548fa5b4cfa4b4a6d5a1"}
2025-12-01T20:26:47+01:00	ra	{"log":"ra# ","container_id":"d017db697833908ecacb6d4d15e7469b7555569b566d548fa5b4cfa4b4a6d5a1","container_name":"/docker_ra_1","source":"stdout"}
2025-12-01T20:26:50+01:00	server	{"container_id":"a953b0e9e084aa7b9afc50c969403037f687d645de41ea2f94094a08616c717b","container_name":"/docker_server_1","source":"stdout","log":"Server is listening at http://localhost:3000"}
2025-12-01T20:26:45+01:00	rc1	{"container_id":"30fa51c8141e4e7beb05d6b135d9dc00fea0951eb1b1a187be301988d07ffeca","container_name":"/docker_rc1_1","source":"stdout","log":" * Starting system logging syslog-ng"}
2025-12-01T20:26:45+01:00	rc1	{"container_id":"30fa51c8141e4e7beb05d6b135d9dc00fea0951eb1b1a187be301988d07ffeca","container_name":"/docker_rc1_1","source":"stderr","log":"[2025-12-01T20:26:45.829570] WARNING: Configuration file format is too old, syslog-ng is running in compatibility mode. Please update it to use the syslog-ng 3.35 format at your time of convenience. To upgrade the configuration, please review the warnings about incompatible changes printed by syslog-ng, and once completed change the @version header at the top of the configuration file; config-version='3.27'"}
2025-12-01T20:26:45+01:00	rc1	{"source":"stderr","log":"[2025-12-01T20:26:45.894393] WARNING: The internal_queue_length stat counter has been renamed to internal_source.queued. The old name will be removed in future versions; config-version='3.27'","container_id":"30fa51c8141e4e7beb05d6b135d9dc00fea0951eb1b1a187be301988d07ffeca","container_name":"/docker_rc1_1"}
2025-12-01T20:26:45+01:00	rc1	{"container_name":"/docker_rc1_1","source":"stdout","log":"   ...done.","container_id":"30fa51c8141e4e7beb05d6b135d9dc00fea0951eb1b1a187be301988d07ffeca"}
2025-12-01T20:26:46+01:00	rc1	{"source":"stdout","log":" * Started watchfrr","container_id":"30fa51c8141e4e7beb05d6b135d9dc00fea0951eb1b1a187be301988d07ffeca","container_name":"/docker_rc1_1"}
2025-12-01T20:26:46+01:00	rc1	{"container_id":"30fa51c8141e4e7beb05d6b135d9dc00fea0951eb1b1a187be301988d07ffeca","container_name":"/docker_rc1_1","source":"stdout","log":""}
2025-12-01T20:26:46+01:00	rc1	{"log":"Hello, this is FRRouting (version 8.1).","container_id":"30fa51c8141e4e7beb05d6b135d9dc00fea0951eb1b1a187be301988d07ffeca","container_name":"/docker_rc1_1","source":"stdout"}
2025-12-01T20:26:46+01:00	rc1	{"container_id":"30fa51c8141e4e7beb05d6b135d9dc00fea0951eb1b1a187be301988d07ffeca","container_name":"/docker_rc1_1","source":"stdout","log":"Copyright 1996-2005 Kunihiro Ishiguro, et al."}
2025-12-01T20:26:46+01:00	rc1	{"container_name":"/docker_rc1_1","source":"stdout","log":"","container_id":"30fa51c8141e4e7beb05d6b135d9dc00fea0951eb1b1a187be301988d07ffeca"}
2025-12-01T20:26:47+01:00	rc1	{"container_id":"30fa51c8141e4e7beb05d6b135d9dc00fea0951eb1b1a187be301988d07ffeca","container_name":"/docker_rc1_1","source":"stdout","log":"rc1# conf t"}
2025-12-01T20:26:47+01:00	rc1	{"source":"stdout","log":"rc1(config)# log file /shared-volume/frr/frr3.log","container_id":"30fa51c8141e4e7beb05d6b135d9dc00fea0951eb1b1a187be301988d07ffeca","container_name":"/docker_rc1_1"}
2025-12-01T20:26:47+01:00	rc1	{"log":"can't open logfile /shared-volume/frr/frr3.log","container_id":"30fa51c8141e4e7beb05d6b135d9dc00fea0951eb1b1a187be301988d07ffeca","container_name":"/docker_rc1_1","source":"stdout"}
2025-12-01T20:26:47+01:00	rc1	{"log":"rc1(config)# router ospf","container_id":"30fa51c8141e4e7beb05d6b135d9dc00fea0951eb1b1a187be301988d07ffeca","container_name":"/docker_rc1_1","source":"stdout"}
2025-12-01T20:26:47+01:00	rc1	{"container_id":"30fa51c8141e4e7beb05d6b135d9dc00fea0951eb1b1a187be301988d07ffeca","container_name":"/docker_rc1_1","source":"stdout","log":"rc1(config-router)# network 10.1.0.0/29 area 0"}
2025-12-01T20:26:47+01:00	rc1	{"container_id":"30fa51c8141e4e7beb05d6b135d9dc00fea0951eb1b1a187be301988d07ffeca","container_name":"/docker_rc1_1","source":"stdout","log":"rc1(config-router)# network 10.100.0.0/24 area 0"}
2025-12-01T20:26:47+01:00	rc1	{"source":"stdout","log":"rc1(config-router)# end","container_id":"30fa51c8141e4e7beb05d6b135d9dc00fea0951eb1b1a187be301988d07ffeca","container_name":"/docker_rc1_1"}
2025-12-01T20:26:47+01:00	rc1	{"container_id":"30fa51c8141e4e7beb05d6b135d9dc00fea0951eb1b1a187be301988d07ffeca","container_name":"/docker_rc1_1","source":"stdout","log":"rc1# "}
2025-12-01T20:26:45+01:00	syslog.syslog.notice	{"host":"rc1","ident":"syslog-ng","pid":"17","message":"syslog-ng starting up; version='3.35.1'"}
2025-12-01T20:26:45+01:00	syslog.kern.info	{"host":"rc1","ident":"kernel","message":"eth2: renamed from veth04ff377"}
2025-12-01T20:26:45+01:00	syslog.kern.info	{"host":"rc1","ident":"kernel","message":"br-4a5031a320c1: port 1(veth4685d4e) entered blocking state"}
2025-12-01T20:26:45+01:00	syslog.kern.info	{"host":"rc1","ident":"kernel","message":"br-4a5031a320c1: port 1(veth4685d4e) entered disabled state"}
2025-12-01T20:26:45+01:00	syslog.kern.info	{"host":"rc1","ident":"kernel","message":"veth4685d4e: entered allmulticast mode"}
2025-12-01T20:26:45+01:00	syslog.kern.info	{"host":"rc1","ident":"kernel","message":"veth4685d4e: entered promiscuous mode"}
2025-12-01T20:26:45+01:00	syslog.kern.info	{"host":"rc1","ident":"kernel","message":"br-383ff04f55d3: port 1(veth472fc0e) entered blocking state"}
2025-12-01T20:26:45+01:00	syslog.kern.info	{"host":"rc1","ident":"kernel","message":"br-383ff04f55d3: port 1(veth472fc0e) entered forwarding state"}
2025-12-01T20:26:45+01:00	syslog.syslog.err	{"host":"rc1","ident":"syslog-ng","pid":"17","message":"Syslog connection failed; fd='15', server='AF_INET(10.100.0.3:5140)', error='Connection refused (111)', time_reopen='60'"}
2025-12-01T20:26:45+01:00	syslog.kern.info	{"host":"rc1","ident":"kernel","message":"eth2: renamed from vethad4d277"}
2025-12-01T20:26:45+01:00	syslog.kern.info	{"host":"rc1","ident":"kernel","message":"br-4a5031a320c1: port 1(veth4685d4e) entered blocking state"}
2025-12-01T20:26:45+01:00	syslog.kern.info	{"host":"rc1","ident":"kernel","message":"br-4a5031a320c1: port 1(veth4685d4e) entered forwarding state"}
2025-12-01T20:26:45+01:00	syslog.kern.info	{"host":"rc1","ident":"kernel","message":"br-4a5031a320c1: port 2(vethb69ff92) entered blocking state"}
2025-12-01T20:26:45+01:00	syslog.kern.info	{"host":"rc1","ident":"kernel","message":"br-4a5031a320c1: port 2(vethb69ff92) entered disabled state"}
2025-12-01T20:26:45+01:00	syslog.kern.info	{"host":"rc1","ident":"kernel","message":"vethb69ff92: entered allmulticast mode"}
2025-12-01T20:26:45+01:00	syslog.kern.info	{"host":"rc1","ident":"kernel","message":"vethb69ff92: entered promiscuous mode"}
2025-12-01T20:26:45+01:00	syslog.daemon.notice	{"host":"rc1","ident":"watchfrr","pid":"43","message":"[T83RR-8SM5G] watchfrr 8.1 starting: vty@0"}
2025-12-01T20:26:45+01:00	syslog.daemon.info	{"host":"rc1","ident":"watchfrr","pid":"43","message":"[ZCJ3S-SPH5S] zebra state -> down : initial connection attempt failed"}
2025-12-01T20:26:45+01:00	syslog.daemon.info	{"host":"rc1","ident":"watchfrr","pid":"43","message":"[ZCJ3S-SPH5S] bgpd state -> down : initial connection attempt failed"}
2025-12-01T20:26:45+01:00	syslog.daemon.info	{"host":"rc1","ident":"watchfrr","pid":"43","message":"[ZCJ3S-SPH5S] ospfd state -> down : initial connection attempt failed"}
2025-12-01T20:26:45+01:00	syslog.daemon.info	{"host":"rc1","ident":"watchfrr","pid":"43","message":"[ZCJ3S-SPH5S] staticd state -> down : initial connection attempt failed"}
2025-12-01T20:26:45+01:00	syslog.daemon.info	{"host":"rc1","ident":"watchfrr","pid":"43","message":"[YFT0P-5Q5YX] Forked background command [pid 44]: /usr/lib/frr/watchfrr.sh restart all"}
2025-12-01T20:26:45+01:00	syslog.kern.info	{"host":"rc1","ident":"kernel","message":"eth2: renamed from veth4556581"}
2025-12-01T20:26:45+01:00	syslog.kern.info	{"host":"rc1","ident":"kernel","message":"br-4a5031a320c1: port 2(vethb69ff92) entered blocking state"}
2025-12-01T20:26:45+01:00	syslog.kern.info	{"host":"rc1","ident":"kernel","message":"br-4a5031a320c1: port 2(vethb69ff92) entered forwarding state"}
2025-12-01T20:26:45+01:00	syslog.daemon.err	{"host":"rc1","ident":"watchfrr.sh","pid":"54","message":"Cannot stop staticd: pid file not found"}
2025-12-01T20:26:45+01:00	syslog.daemon.err	{"host":"rc1","ident":"watchfrr.sh","pid":"58","message":"Cannot stop bgpd: pid file not found"}
2025-12-01T20:26:45+01:00	syslog.daemon.err	{"host":"rc1","ident":"watchfrr.sh","pid":"56","message":"Cannot stop ospfd: pid file not found"}
2025-12-01T20:26:45+01:00	syslog.daemon.err	{"host":"rc1","ident":"watchfrr.sh","pid":"60","message":"Cannot stop zebra: pid file not found"}
2025-12-01T20:26:46+01:00	syslog.kern.info	{"host":"rc1","ident":"kernel","message":"br-383ff04f55d3: port 2(vethfd9ac3d) entered blocking state"}
2025-12-01T20:26:46+01:00	syslog.kern.info	{"host":"rc1","ident":"kernel","message":"br-383ff04f55d3: port 2(vethfd9ac3d) entered disabled state"}
2025-12-01T20:26:46+01:00	syslog.kern.info	{"host":"rc1","ident":"kernel","message":"vethfd9ac3d: entered allmulticast mode"}
2025-12-01T20:26:46+01:00	syslog.kern.info	{"host":"rc1","ident":"kernel","message":"vethfd9ac3d: entered promiscuous mode"}
2025-12-01T20:26:46+01:00	syslog.kern.info	{"host":"rc1","ident":"kernel","message":"br-e601952df534: port 2(vethba339ce) entered blocking state"}
2025-12-01T20:26:46+01:00	syslog.kern.info	{"host":"rc1","ident":"kernel","message":"br-e601952df534: port 2(vethba339ce) entered disabled state"}
2025-12-01T20:26:46+01:00	syslog.kern.info	{"host":"rc1","ident":"kernel","message":"vethba339ce: entered allmulticast mode"}
2025-12-01T20:26:46+01:00	syslog.kern.info	{"host":"rc1","ident":"kernel","message":"vethba339ce: entered promiscuous mode"}
2025-12-01T20:26:46+01:00	syslog.kern.info	{"host":"rc1","ident":"kernel","message":"br-4726e20a4905: port 2(veth89cc91a) entered blocking state"}
2025-12-01T20:26:46+01:00	syslog.kern.info	{"host":"rc1","ident":"kernel","message":"br-4726e20a4905: port 2(veth89cc91a) entered disabled state"}
2025-12-01T20:26:46+01:00	syslog.kern.info	{"host":"rc1","ident":"kernel","message":"veth89cc91a: entered allmulticast mode"}
2025-12-01T20:26:46+01:00	syslog.kern.info	{"host":"rc1","ident":"kernel","message":"veth89cc91a: entered promiscuous mode"}
2025-12-01T20:26:46+01:00	syslog.kern.info	{"host":"rc1","ident":"kernel","message":"br-b124feec5c17: port 2(veth6d0a458) entered blocking state"}
2025-12-01T20:26:46+01:00	syslog.kern.info	{"host":"rc1","ident":"kernel","message":"br-b124feec5c17: port 2(veth6d0a458) entered disabled state"}
2025-12-01T20:26:46+01:00	syslog.kern.info	{"host":"rc1","ident":"kernel","message":"veth6d0a458: entered allmulticast mode"}
2025-12-01T20:26:46+01:00	syslog.kern.info	{"host":"rc1","ident":"kernel","message":"veth6d0a458: entered promiscuous mode"}
2025-12-01T20:26:46+01:00	syslog.kern.info	{"host":"rc1","ident":"kernel","message":"eth0: renamed from veth6b39733"}
2025-12-01T20:26:46+01:00	syslog.kern.info	{"host":"rc1","ident":"kernel","message":"br-383ff04f55d3: port 2(vethfd9ac3d) entered blocking state"}
2025-12-01T20:26:46+01:00	syslog.kern.info	{"host":"rc1","ident":"kernel","message":"br-383ff04f55d3: port 2(vethfd9ac3d) entered forwarding state"}
2025-12-01T20:26:46+01:00	syslog.kern.info	{"host":"rc1","ident":"kernel","message":"eth0: renamed from veth7c68c6e"}
2025-12-01T20:26:46+01:00	syslog.kern.info	{"host":"rc1","ident":"kernel","message":"br-e601952df534: port 2(vethba339ce) entered blocking state"}
2025-12-01T20:26:46+01:00	syslog.kern.info	{"host":"rc1","ident":"kernel","message":"br-e601952df534: port 2(vethba339ce) entered forwarding state"}
2025-12-01T20:26:46+01:00	syslog.kern.info	{"host":"rc1","ident":"kernel","message":"eth0: renamed from vethe365ecd"}
2025-12-01T20:26:46+01:00	syslog.kern.info	{"host":"rc1","ident":"kernel","message":"br-4726e20a4905: port 2(veth89cc91a) entered blocking state"}
2025-12-01T20:26:46+01:00	syslog.kern.info	{"host":"rc1","ident":"kernel","message":"br-4726e20a4905: port 2(veth89cc91a) entered forwarding state"}
2025-12-01T20:26:46+01:00	syslog.kern.info	{"host":"rc1","ident":"kernel","message":"eth0: renamed from veth973e19b"}
2025-12-01T20:26:46+01:00	syslog.kern.info	{"host":"rc1","ident":"kernel","message":"br-b124feec5c17: port 2(veth6d0a458) entered blocking state"}
2025-12-01T20:26:46+01:00	syslog.kern.info	{"host":"rc1","ident":"kernel","message":"br-b124feec5c17: port 2(veth6d0a458) entered forwarding state"}
2025-12-01T20:26:46+01:00	syslog.daemon.info	{"host":"rc1","ident":"zebra","pid":"62","message":"[VTVCM-Y2NW3] Configuration Read in Took: 00:00:00"}
2025-12-01T20:26:46+01:00	syslog.daemon.info	{"host":"rc1","ident":"bgpd","pid":"67","message":"[VTVCM-Y2NW3] Configuration Read in Took: 00:00:00"}
2025-12-01T20:26:46+01:00	syslog.daemon.info	{"host":"rc1","ident":"staticd","pid":"77","message":"[VTVCM-Y2NW3] Configuration Read in Took: 00:00:00"}
2025-12-01T20:26:46+01:00	syslog.daemon.info	{"host":"rc1","ident":"ospfd","pid":"74","message":"[VTVCM-Y2NW3] Configuration Read in Took: 00:00:00"}
2025-12-01T20:26:46+01:00	syslog.daemon.notice	{"host":"rc1","ident":"watchfrr","pid":"43","message":"[QDG3Y-BY5TN] zebra state -> up : connect succeeded"}
2025-12-01T20:26:46+01:00	syslog.daemon.notice	{"host":"rc1","ident":"watchfrr","pid":"43","message":"[QDG3Y-BY5TN] bgpd state -> up : connect succeeded"}
2025-12-01T20:26:46+01:00	syslog.daemon.notice	{"host":"rc1","ident":"watchfrr","pid":"43","message":"[QDG3Y-BY5TN] ospfd state -> up : connect succeeded"}
2025-12-01T20:26:46+01:00	syslog.daemon.notice	{"host":"rc1","ident":"watchfrr","pid":"43","message":"[QDG3Y-BY5TN] staticd state -> up : connect succeeded"}
2025-12-01T20:26:46+01:00	syslog.daemon.notice	{"host":"rc1","ident":"watchfrr","pid":"43","message":"[KWE5Q-QNGFC] all daemons up, doing startup-complete notify"}
2025-12-01T20:27:32+01:00	syslog.daemon.info	{"host":"rc1","ident":"ospfd","pid":"74","message":"[S5PCG-77H23] Packet[DD]: Neighbor 10.3.0.3 Negotiation done (Master)."}
2025-12-01T20:27:45+01:00	syslog.syslog.notice	{"host":"rc1","ident":"syslog-ng","pid":"17","message":"Syslog connection established; fd='18', server='AF_INET(10.100.0.3:5140)', local='AF_INET(0.0.0.0:0)'"}
2025-12-01T20:33:08+01:00	syslog.kern.notice	{"host":"rc1","ident":"kernel","message":"Lockdown: systemd-logind: hibernation is restricted; see man kernel_lockdown.7"}
2025-12-01T20:33:12+01:00	syslog.kern.info	{"host":"rc1","ident":"kernel","message":"wlp0s20f3: deauthenticating from 54:33:c6:c1:9c:31 by local choice (Reason: 3=DEAUTH_LEAVING)"}
2025-12-01T20:33:13+01:00	syslog.kern.info	{"host":"rc1","ident":"kernel","message":"wlp0s20f3: authenticate with 54:33:c6:c1:9c:31 (local address=ac:74:b1:87:bc:52)"}
2025-12-01T20:33:13+01:00	syslog.kern.info	{"host":"rc1","ident":"kernel","message":"wlp0s20f3: send auth to 54:33:c6:c1:9c:31 (try 1/3)"}
2025-12-01T20:33:13+01:00	syslog.kern.info	{"host":"rc1","ident":"kernel","message":"wlp0s20f3: authenticated"}
2025-12-01T20:33:13+01:00	syslog.kern.info	{"host":"rc1","ident":"kernel","message":"wlp0s20f3: associate with 54:33:c6:c1:9c:31 (try 1/3)"}
2025-12-01T20:33:13+01:00	syslog.kern.info	{"host":"rc1","ident":"kernel","message":"wlp0s20f3: RX AssocResp from 54:33:c6:c1:9c:31 (capab=0x1011 status=0 aid=69)"}
2025-12-01T20:33:13+01:00	syslog.kern.info	{"host":"rc1","ident":"kernel","message":"wlp0s20f3: associated"}
2025-12-01T20:33:46+01:00	syslog.kern.notice	{"host":"rc1","ident":"kernel","message":"Lockdown: systemd-logind: hibernation is restricted; see man kernel_lockdown.7"}
2025-12-01T20:33:49+01:00	syslog.kern.notice	{"host":"rc1","ident":"kernel","message":"audit: type=1107 audit(1764617629.109:192): pid=899 uid=101 auid=4294967295 ses=4294967295 subj=unconfined msg='apparmor=\"DENIED\" operation=\"dbus_signal\"  bus=\"system\" path=\"/org/freedesktop/login1\" interface=\"org.freedesktop.login1.Manager\" member=\"PrepareForShutdownWithMetadata\" name=\":1.14\" mask=\"receive\" pid=8120 label=\"snap.firefox.firefox\" peer_pid=933 peer_label=\"unconfined\"\\x0a exe=\"/usr/bin/dbus-daemon\" sauid=101 hostname=? addr=? terminal=?'"}
2025-12-01T20:33:49+01:00	syslog.kern.notice	{"host":"rc1","ident":"kernel","message":"audit: type=1107 audit(1764617629.110:193): pid=899 uid=101 auid=4294967295 ses=4294967295 subj=unconfined msg='apparmor=\"DENIED\" operation=\"dbus_signal\"  bus=\"system\" path=\"/org/freedesktop/login1\" interface=\"org.freedesktop.login1.Manager\" member=\"PrepareForShutdown\" name=\":1.14\" mask=\"receive\" pid=8120 label=\"snap.firefox.firefox\" peer_pid=933 peer_label=\"unconfined\"\\x0a exe=\"/usr/bin/dbus-daemon\" sauid=101 hostname=? addr=? terminal=?'"}
2025-12-01T20:33:49+01:00	syslog.kern.info	{"host":"rc1","ident":"kernel","message":"fbcon: Taking over console"}
2025-12-01T20:33:49+01:00	syslog.kern.info	{"host":"rc1","ident":"kernel","message":"Console: switching to colour frame buffer device 240x75"}
2025-12-01T20:33:50+01:00	syslog.kern.err	{"host":"rc1","ident":"kernel","message":"ACPI BIOS Error (bug): Could not resolve symbol [\\x5c_TZ.ETMD], AE_NOT_FOUND (20240827/psargs-332)"}
2025-12-01T20:33:50+01:00	syslog.kern.warn	{"host":"rc1","ident":"kernel","message":""}
2025-12-01T20:33:50+01:00	syslog.kern.warn	{"host":"rc1","ident":"kernel","message":"No Local Variables are initialized for Method [_OSC]"}
2025-12-01T20:33:50+01:00	syslog.kern.warn	{"host":"rc1","ident":"kernel","message":""}
2025-12-01T20:33:50+01:00	syslog.kern.warn	{"host":"rc1","ident":"kernel","message":"Initialized Arguments for Method [_OSC]:  (4 arguments defined for method invocation)"}
2025-12-01T20:33:50+01:00	syslog.kern.warn	{"host":"rc1","ident":"kernel","message":"Arg0:   00000000242279b3 <Obj>           Buffer(16) 5D A8 3B B2 B7 C8 42 35"}
2025-12-01T20:33:50+01:00	syslog.kern.warn	{"host":"rc1","ident":"kernel","message":"Arg1:   00000000a082ad9f <Obj>           Integer 0000000000000001"}
2025-12-01T20:33:50+01:00	syslog.kern.warn	{"host":"rc1","ident":"kernel","message":"Arg2:   00000000aad84cd2 <Obj>           Integer 0000000000000002"}
2025-12-01T20:33:50+01:00	syslog.kern.warn	{"host":"rc1","ident":"kernel","message":"Arg3:   00000000b2ef9085 <Obj>           Buffer(8) 00 00 00 00 00 00 00 00"}
2025-12-01T20:33:50+01:00	syslog.kern.warn	{"host":"rc1","ident":"kernel","message":""}
2025-12-01T20:33:50+01:00	syslog.kern.err	{"host":"rc1","ident":"kernel","message":"ACPI Error: Aborting method \\x5c_SB.IETM._OSC due to previous error (AE_NOT_FOUND) (20240827/psparse-529)"}
